2026-03-26 06:39:59,344 | INFO | 🚀 Initializing DataVehicleRepository...
2026-03-26 06:39:59,517 | INFO | ⏭️ extract_data not ready yet, using default last_time
2026-03-26 06:39:59,517 | INFO | 🕓 Initial last_time = 2026-03-26 06:34:59.517813
2026-03-26 06:39:59,524 | INFO | 📅 Target date : 2026-03-24
2026-03-26 06:39:59,525 | INFO | 📦 Total slots : 288 slots (00:00 → 24:00)
2026-03-26 06:39:59,525 | INFO | ============================================================
2026-03-26 06:39:59,602 | INFO | 🗑️  Deleted 0 rows for date 2026-03-24
2026-03-26 06:39:59,652 | INFO | 📊 Aggregating vehicle_pass → record [2026-03-24 00:00:00 → 2026-03-24 00:05:00]
2026-03-26 06:39:59,686 | INFO | ✅ record_5m done [00:00 → 00:05]
2026-03-26 06:39:59,686 | INFO | ✅ record_5m aggregated [2026-03-24 00:00:00 → 2026-03-24 00:05:00]
2026-03-26 06:39:59,686 | INFO |   ✅ (  1/288) [00:00 → 00:05]
2026-03-26 06:39:59,731 | INFO | 📊 Aggregating vehicle_pass → record [2026-03-24 00:05:00 → 2026-03-24 00:10:00]
2026-03-26 06:39:59,768 | INFO | ✅ record_5m done [00:05 → 00:10]
2026-03-26 06:39:59,769 | INFO | ✅ record_5m aggregated [2026-03-24 00:05:00 → 2026-03-24 00:10:00]
2026-03-26 06:39:59,769 | INFO |   ✅ (  2/288) [00:05 → 00:10]
2026-03-26 06:39:59,815 | INFO | 📊 Aggregating vehicle_pass → record [2026-03-24 00:10:00 → 2026-03-24 00:15:00]
2026-03-26 06:39:59,831 | INFO | ✅ record_5m done [00:10 → 00:15]
2026-03-26 06:39:59,832 | INFO | ✅ record_5m aggregated [2026-03-24 00:10:00 → 2026-03-24 00:15:00]
2026-03-26 06:39:59,832 | INFO |   ✅ (  3/288) [00:10 → 00:15]
2026-03-26 06:39:59,877 | INFO | 📊 Aggregating vehicle_pass → record [2026-03-24 00:15:00 → 2026-03-24 00:20:00]
2026-03-26 06:39:59,894 | INFO | ✅ record_5m done [00:15 → 00:20]
2026-03-26 06:39:59,895 | INFO | ✅ record_5m aggregated [2026-03-24 00:15:00 → 2026-03-24 00:20:00]
2026-03-26 06:39:59,895 | INFO |   ✅ (  4/288) [00:15 → 00:20]
2026-03-26 06:39:59,945 | INFO | 📊 Aggregating vehicle_pass → record [2026-03-24 00:20:00 → 2026-03-24 00:25:00]
2026-03-26 06:39:59,969 | INFO | ✅ record_5m done [00:20 → 00:25]
2026-03-26 06:39:59,969 | INFO | ✅ record_5m aggregated [2026-03-24 00:20:00 → 2026-03-24 00:25:00]
2026-03-26 06:39:59,969 | INFO |   ✅ (  5/288) [00:20 → 00:25]
2026-03-26 06:40:00,017 | INFO | 📊 Aggregating vehicle_pass → record [2026-03-24 00:25:00 → 2026-03-24 00:30:00]
2026-03-26 06:40:00,036 | INFO | ✅ record_5m done [00:25 → 00:30]
2026-03-26 06:40:00,037 | INFO | ✅ record_5m aggregated [2026-03-24 00:25:00 → 2026-03-24 00:30:00]
2026-03-26 06:40:00,037 | INFO |   ✅ (  6/288) [00:25 → 00:30]
2026-03-26 06:40:00,081 | INFO | 📊 Aggregating vehicle_pass → record [2026-03-24 00:30:00 → 2026-03-24 00:35:00]
2026-03-26 06:40:00,104 | INFO | ✅ record_5m done [00:30 → 00:35]
2026-03-26 06:40:00,104 | INFO | ✅ record_5m aggregated [2026-03-24 00:30:00 → 2026-03-24 00:35:00]
2026-03-26 06:40:00,104 | INFO |   ✅ (  7/288) [00:30 → 00:35]
2026-03-26 06:40:00,159 | INFO | 📊 Aggregating vehicle_pass → record [2026-03-24 00:35:00 → 2026-03-24 00:40:00]
2026-03-26 06:40:00,178 | INFO | ✅ record_5m done [00:35 → 00:40]
2026-03-26 06:40:00,178 | INFO | ✅ record_5m aggregated [2026-03-24 00:35:00 → 2026-03-24 00:40:00]
2026-03-26 06:40:00,179 | INFO |   ✅ (  8/288) [00:35 → 00:40]
2026-03-26 06:40:00,222 | INFO | 📊 Aggregating vehicle_pass → record [2026-03-24 00:40:00 → 2026-03-24 00:45:00]
2026-03-26 06:40:00,242 | INFO | ✅ record_5m done [00:40 → 00:45]
2026-03-26 06:40:00,242 | INFO | ✅ record_5m aggregated [2026-03-24 00:40:00 → 2026-03-24 00:45:00]
2026-03-26 06:40:00,242 | INFO |   ✅ (  9/288) [00:40 → 00:45]
2026-03-26 06:40:00,299 | INFO | 📊 Aggregating vehicle_pass → record [2026-03-24 00:45:00 → 2026-03-24 00:50:00]
2026-03-26 06:40:00,319 | INFO | ✅ record_5m done [00:45 → 00:50]
2026-03-26 06:40:00,320 | INFO | ✅ record_5m aggregated [2026-03-24 00:45:00 → 2026-03-24 00:50:00]
2026-03-26 06:40:00,321 | INFO |   ✅ ( 10/288) [00:45 → 00:50]
2026-03-26 06:40:00,364 | INFO | 📊 Aggregating vehicle_pass → record [2026-03-24 00:50:00 → 2026-03-24 00:55:00]
2026-03-26 06:40:00,397 | INFO | ✅ record_5m done [00:50 → 00:55]
2026-03-26 06:40:00,398 | INFO | ✅ record_5m aggregated [2026-03-24 00:50:00 → 2026-03-24 00:55:00]
2026-03-26 06:40:00,398 | INFO |   ✅ ( 11/288) [00:50 → 00:55]
2026-03-26 06:40:00,440 | INFO | 📊 Aggregating vehicle_pass → record [2026-03-24 00:55:00 → 2026-03-24 01:00:00]
2026-03-26 06:40:00,459 | INFO | ✅ record_5m done [00:55 → 01:00]
2026-03-26 06:40:00,459 | INFO | ✅ record_5m aggregated [2026-03-24 00:55:00 → 2026-03-24 01:00:00]
2026-03-26 06:40:00,460 | INFO |   ✅ ( 12/288) [00:55 → 01:00]
2026-03-26 06:40:00,509 | INFO | 📊 Aggregating vehicle_pass → record [2026-03-24 01:00:00 → 2026-03-24 01:05:00]
2026-03-26 06:40:00,536 | INFO | ✅ record_5m done [01:00 → 01:05]
2026-03-26 06:40:00,536 | INFO | ✅ record_5m aggregated [2026-03-24 01:00:00 → 2026-03-24 01:05:00]
2026-03-26 06:40:00,536 | INFO |   ✅ ( 13/288) [01:00 → 01:05]
2026-03-26 06:40:00,586 | INFO | 📊 Aggregating vehicle_pass → record [2026-03-24 01:05:00 → 2026-03-24 01:10:00]
2026-03-26 06:40:00,610 | INFO | ✅ record_5m done [01:05 → 01:10]
2026-03-26 06:40:00,611 | INFO | ✅ record_5m aggregated [2026-03-24 01:05:00 → 2026-03-24 01:10:00]
2026-03-26 06:40:00,611 | INFO |   ✅ ( 14/288) [01:05 → 01:10]
2026-03-26 06:40:00,773 | INFO | 📊 Aggregating vehicle_pass → record [2026-03-24 01:10:00 → 2026-03-24 01:15:00]
2026-03-26 06:40:00,818 | INFO | ✅ record_5m done [01:10 → 01:15]
2026-03-26 06:40:00,818 | INFO | ✅ record_5m aggregated [2026-03-24 01:10:00 → 2026-03-24 01:15:00]
2026-03-26 06:40:00,818 | INFO |   ✅ ( 15/288) [01:10 → 01:15]
2026-03-26 06:40:00,991 | INFO | 📊 Aggregating vehicle_pass → record [2026-03-24 01:15:00 → 2026-03-24 01:20:00]
2026-03-26 06:40:01,012 | INFO | ✅ record_5m done [01:15 → 01:20]
2026-03-26 06:40:01,013 | INFO | ✅ record_5m aggregated [2026-03-24 01:15:00 → 2026-03-24 01:20:00]
2026-03-26 06:40:01,013 | INFO |   ✅ ( 16/288) [01:15 → 01:20]
2026-03-26 06:40:01,177 | INFO | 📊 Aggregating vehicle_pass → record [2026-03-24 01:20:00 → 2026-03-24 01:25:00]
2026-03-26 06:40:01,214 | INFO | ✅ record_5m done [01:20 → 01:25]
2026-03-26 06:40:01,214 | INFO | ✅ record_5m aggregated [2026-03-24 01:20:00 → 2026-03-24 01:25:00]
2026-03-26 06:40:01,214 | INFO |   ✅ ( 17/288) [01:20 → 01:25]
2026-03-26 06:40:01,378 | INFO | 📊 Aggregating vehicle_pass → record [2026-03-24 01:25:00 → 2026-03-24 01:30:00]
2026-03-26 06:40:01,397 | INFO | ✅ record_5m done [01:25 → 01:30]
2026-03-26 06:40:01,398 | INFO | ✅ record_5m aggregated [2026-03-24 01:25:00 → 2026-03-24 01:30:00]
2026-03-26 06:40:01,399 | INFO |   ✅ ( 18/288) [01:25 → 01:30]
2026-03-26 06:40:01,549 | INFO | 📊 Aggregating vehicle_pass → record [2026-03-24 01:30:00 → 2026-03-24 01:35:00]
2026-03-26 06:40:01,566 | INFO | ✅ record_5m done [01:30 → 01:35]
2026-03-26 06:40:01,566 | INFO | ✅ record_5m aggregated [2026-03-24 01:30:00 → 2026-03-24 01:35:00]
2026-03-26 06:40:01,566 | INFO |   ✅ ( 19/288) [01:30 → 01:35]
2026-03-26 06:40:01,618 | INFO | 📊 Aggregating vehicle_pass → record [2026-03-24 01:35:00 → 2026-03-24 01:40:00]
2026-03-26 06:40:01,637 | INFO | ✅ record_5m done [01:35 → 01:40]
2026-03-26 06:40:01,638 | INFO | ✅ record_5m aggregated [2026-03-24 01:35:00 → 2026-03-24 01:40:00]
2026-03-26 06:40:01,638 | INFO |   ✅ ( 20/288) [01:35 → 01:40]
2026-03-26 06:40:01,784 | INFO | 📊 Aggregating vehicle_pass → record [2026-03-24 01:40:00 → 2026-03-24 01:45:00]
2026-03-26 06:40:01,804 | INFO | ✅ record_5m done [01:40 → 01:45]
2026-03-26 06:40:01,805 | INFO | ✅ record_5m aggregated [2026-03-24 01:40:00 → 2026-03-24 01:45:00]
2026-03-26 06:40:01,805 | INFO |   ✅ ( 21/288) [01:40 → 01:45]
2026-03-26 06:40:01,854 | INFO | 📊 Aggregating vehicle_pass → record [2026-03-24 01:45:00 → 2026-03-24 01:50:00]
2026-03-26 06:40:01,875 | INFO | ✅ record_5m done [01:45 → 01:50]
2026-03-26 06:40:01,876 | INFO | ✅ record_5m aggregated [2026-03-24 01:45:00 → 2026-03-24 01:50:00]
2026-03-26 06:40:01,876 | INFO |   ✅ ( 22/288) [01:45 → 01:50]
2026-03-26 06:40:01,925 | INFO | 📊 Aggregating vehicle_pass → record [2026-03-24 01:50:00 → 2026-03-24 01:55:00]
2026-03-26 06:40:01,948 | INFO | ✅ record_5m done [01:50 → 01:55]
2026-03-26 06:40:01,948 | INFO | ✅ record_5m aggregated [2026-03-24 01:50:00 → 2026-03-24 01:55:00]
2026-03-26 06:40:01,948 | INFO |   ✅ ( 23/288) [01:50 → 01:55]
2026-03-26 06:40:02,000 | INFO | 📊 Aggregating vehicle_pass → record [2026-03-24 01:55:00 → 2026-03-24 02:00:00]
2026-03-26 06:40:02,025 | INFO | ✅ record_5m done [01:55 → 02:00]
2026-03-26 06:40:02,025 | INFO | ✅ record_5m aggregated [2026-03-24 01:55:00 → 2026-03-24 02:00:00]
2026-03-26 06:40:02,026 | INFO |   ✅ ( 24/288) [01:55 → 02:00]
2026-03-26 06:40:02,072 | INFO | 📊 Aggregating vehicle_pass → record [2026-03-24 02:00:00 → 2026-03-24 02:05:00]
2026-03-26 06:40:02,088 | INFO | ✅ record_5m done [02:00 → 02:05]
2026-03-26 06:40:02,088 | INFO | ✅ record_5m aggregated [2026-03-24 02:00:00 → 2026-03-24 02:05:00]
2026-03-26 06:40:02,089 | INFO |   ✅ ( 25/288) [02:00 → 02:05]
2026-03-26 06:40:02,135 | INFO | 📊 Aggregating vehicle_pass → record [2026-03-24 02:05:00 → 2026-03-24 02:10:00]
2026-03-26 06:40:02,153 | INFO | ✅ record_5m done [02:05 → 02:10]
2026-03-26 06:40:02,154 | INFO | ✅ record_5m aggregated [2026-03-24 02:05:00 → 2026-03-24 02:10:00]
2026-03-26 06:40:02,154 | INFO |   ✅ ( 26/288) [02:05 → 02:10]
2026-03-26 06:40:02,200 | INFO | 📊 Aggregating vehicle_pass → record [2026-03-24 02:10:00 → 2026-03-24 02:15:00]
2026-03-26 06:40:02,227 | INFO | ✅ record_5m done [02:10 → 02:15]
2026-03-26 06:40:02,228 | INFO | ✅ record_5m aggregated [2026-03-24 02:10:00 → 2026-03-24 02:15:00]
2026-03-26 06:40:02,228 | INFO |   ✅ ( 27/288) [02:10 → 02:15]
2026-03-26 06:40:02,280 | INFO | 📊 Aggregating vehicle_pass → record [2026-03-24 02:15:00 → 2026-03-24 02:20:00]
2026-03-26 06:40:02,298 | INFO | ✅ record_5m done [02:15 → 02:20]
2026-03-26 06:40:02,299 | INFO | ✅ record_5m aggregated [2026-03-24 02:15:00 → 2026-03-24 02:20:00]
2026-03-26 06:40:02,299 | INFO |   ✅ ( 28/288) [02:15 → 02:20]
2026-03-26 06:40:02,348 | INFO | 📊 Aggregating vehicle_pass → record [2026-03-24 02:20:00 → 2026-03-24 02:25:00]
2026-03-26 06:40:02,367 | INFO | ✅ record_5m done [02:20 → 02:25]
2026-03-26 06:40:02,367 | INFO | ✅ record_5m aggregated [2026-03-24 02:20:00 → 2026-03-24 02:25:00]
2026-03-26 06:40:02,368 | INFO |   ✅ ( 29/288) [02:20 → 02:25]
2026-03-26 06:40:02,412 | INFO | 📊 Aggregating vehicle_pass → record [2026-03-24 02:25:00 → 2026-03-24 02:30:00]
2026-03-26 06:40:02,448 | INFO | ✅ record_5m done [02:25 → 02:30]
2026-03-26 06:40:02,449 | INFO | ✅ record_5m aggregated [2026-03-24 02:25:00 → 2026-03-24 02:30:00]
2026-03-26 06:40:02,449 | INFO |   ✅ ( 30/288) [02:25 → 02:30]
2026-03-26 06:40:02,504 | INFO | 📊 Aggregating vehicle_pass → record [2026-03-24 02:30:00 → 2026-03-24 02:35:00]
2026-03-26 06:40:02,524 | INFO | ✅ record_5m done [02:30 → 02:35]
2026-03-26 06:40:02,524 | INFO | ✅ record_5m aggregated [2026-03-24 02:30:00 → 2026-03-24 02:35:00]
2026-03-26 06:40:02,524 | INFO |   ✅ ( 31/288) [02:30 → 02:35]
2026-03-26 06:40:02,679 | INFO | 📊 Aggregating vehicle_pass → record [2026-03-24 02:35:00 → 2026-03-24 02:40:00]
2026-03-26 06:40:02,722 | INFO | ✅ record_5m done [02:35 → 02:40]
2026-03-26 06:40:02,722 | INFO | ✅ record_5m aggregated [2026-03-24 02:35:00 → 2026-03-24 02:40:00]
2026-03-26 06:40:02,722 | INFO |   ✅ ( 32/288) [02:35 → 02:40]
2026-03-26 06:40:02,792 | INFO | 📊 Aggregating vehicle_pass → record [2026-03-24 02:40:00 → 2026-03-24 02:45:00]
2026-03-26 06:40:02,815 | INFO | ✅ record_5m done [02:40 → 02:45]
2026-03-26 06:40:02,816 | INFO | ✅ record_5m aggregated [2026-03-24 02:40:00 → 2026-03-24 02:45:00]
2026-03-26 06:40:02,816 | INFO |   ✅ ( 33/288) [02:40 → 02:45]
2026-03-26 06:40:02,867 | INFO | 📊 Aggregating vehicle_pass → record [2026-03-24 02:45:00 → 2026-03-24 02:50:00]
2026-03-26 06:40:02,889 | INFO | ✅ record_5m done [02:45 → 02:50]
2026-03-26 06:40:02,890 | INFO | ✅ record_5m aggregated [2026-03-24 02:45:00 → 2026-03-24 02:50:00]
2026-03-26 06:40:02,890 | INFO |   ✅ ( 34/288) [02:45 → 02:50]
2026-03-26 06:40:02,936 | INFO | 📊 Aggregating vehicle_pass → record [2026-03-24 02:50:00 → 2026-03-24 02:55:00]
2026-03-26 06:40:02,957 | INFO | ✅ record_5m done [02:50 → 02:55]
2026-03-26 06:40:02,957 | INFO | ✅ record_5m aggregated [2026-03-24 02:50:00 → 2026-03-24 02:55:00]
2026-03-26 06:40:02,957 | INFO |   ✅ ( 35/288) [02:50 → 02:55]
2026-03-26 06:40:03,001 | INFO | 📊 Aggregating vehicle_pass → record [2026-03-24 02:55:00 → 2026-03-24 03:00:00]
2026-03-26 06:40:03,024 | INFO | ✅ record_5m done [02:55 → 03:00]
2026-03-26 06:40:03,024 | INFO | ✅ record_5m aggregated [2026-03-24 02:55:00 → 2026-03-24 03:00:00]
2026-03-26 06:40:03,024 | INFO |   ✅ ( 36/288) [02:55 → 03:00]
2026-03-26 06:40:03,077 | INFO | 📊 Aggregating vehicle_pass → record [2026-03-24 03:00:00 → 2026-03-24 03:05:00]
2026-03-26 06:40:03,097 | INFO | ✅ record_5m done [03:00 → 03:05]
2026-03-26 06:40:03,097 | INFO | ✅ record_5m aggregated [2026-03-24 03:00:00 → 2026-03-24 03:05:00]
2026-03-26 06:40:03,097 | INFO |   ✅ ( 37/288) [03:00 → 03:05]
2026-03-26 06:40:03,153 | INFO | 📊 Aggregating vehicle_pass → record [2026-03-24 03:05:00 → 2026-03-24 03:10:00]
2026-03-26 06:40:03,172 | INFO | ✅ record_5m done [03:05 → 03:10]
2026-03-26 06:40:03,172 | INFO | ✅ record_5m aggregated [2026-03-24 03:05:00 → 2026-03-24 03:10:00]
2026-03-26 06:40:03,173 | INFO |   ✅ ( 38/288) [03:05 → 03:10]
2026-03-26 06:40:03,223 | INFO | 📊 Aggregating vehicle_pass → record [2026-03-24 03:10:00 → 2026-03-24 03:15:00]
2026-03-26 06:40:03,240 | INFO | ✅ record_5m done [03:10 → 03:15]
2026-03-26 06:40:03,241 | INFO | ✅ record_5m aggregated [2026-03-24 03:10:00 → 2026-03-24 03:15:00]
2026-03-26 06:40:03,241 | INFO |   ✅ ( 39/288) [03:10 → 03:15]
2026-03-26 06:40:03,290 | INFO | 📊 Aggregating vehicle_pass → record [2026-03-24 03:15:00 → 2026-03-24 03:20:00]
2026-03-26 06:40:03,308 | INFO | ✅ record_5m done [03:15 → 03:20]
2026-03-26 06:40:03,308 | INFO | ✅ record_5m aggregated [2026-03-24 03:15:00 → 2026-03-24 03:20:00]
2026-03-26 06:40:03,308 | INFO |   ✅ ( 40/288) [03:15 → 03:20]
2026-03-26 06:40:03,356 | INFO | 📊 Aggregating vehicle_pass → record [2026-03-24 03:20:00 → 2026-03-24 03:25:00]
2026-03-26 06:40:03,372 | INFO | ✅ record_5m done [03:20 → 03:25]
2026-03-26 06:40:03,373 | INFO | ✅ record_5m aggregated [2026-03-24 03:20:00 → 2026-03-24 03:25:00]
2026-03-26 06:40:03,373 | INFO |   ✅ ( 41/288) [03:20 → 03:25]
2026-03-26 06:40:03,421 | INFO | 📊 Aggregating vehicle_pass → record [2026-03-24 03:25:00 → 2026-03-24 03:30:00]
2026-03-26 06:40:03,446 | INFO | ✅ record_5m done [03:25 → 03:30]
2026-03-26 06:40:03,446 | INFO | ✅ record_5m aggregated [2026-03-24 03:25:00 → 2026-03-24 03:30:00]
2026-03-26 06:40:03,447 | INFO |   ✅ ( 42/288) [03:25 → 03:30]
2026-03-26 06:40:03,491 | INFO | 📊 Aggregating vehicle_pass → record [2026-03-24 03:30:00 → 2026-03-24 03:35:00]
2026-03-26 06:40:03,512 | INFO | ✅ record_5m done [03:30 → 03:35]
2026-03-26 06:40:03,513 | INFO | ✅ record_5m aggregated [2026-03-24 03:30:00 → 2026-03-24 03:35:00]
2026-03-26 06:40:03,513 | INFO |   ✅ ( 43/288) [03:30 → 03:35]
2026-03-26 06:40:03,577 | INFO | 📊 Aggregating vehicle_pass → record [2026-03-24 03:35:00 → 2026-03-24 03:40:00]
2026-03-26 06:40:03,599 | INFO | ✅ record_5m done [03:35 → 03:40]
2026-03-26 06:40:03,600 | INFO | ✅ record_5m aggregated [2026-03-24 03:35:00 → 2026-03-24 03:40:00]
2026-03-26 06:40:03,600 | INFO |   ✅ ( 44/288) [03:35 → 03:40]
2026-03-26 06:40:03,689 | INFO | 📊 Aggregating vehicle_pass → record [2026-03-24 03:40:00 → 2026-03-24 03:45:00]
2026-03-26 06:40:03,730 | INFO | ✅ record_5m done [03:40 → 03:45]
2026-03-26 06:40:03,730 | INFO | ✅ record_5m aggregated [2026-03-24 03:40:00 → 2026-03-24 03:45:00]
2026-03-26 06:40:03,730 | INFO |   ✅ ( 45/288) [03:40 → 03:45]
2026-03-26 06:40:03,820 | INFO | 📊 Aggregating vehicle_pass → record [2026-03-24 03:45:00 → 2026-03-24 03:50:00]
2026-03-26 06:40:03,840 | INFO | ✅ record_5m done [03:45 → 03:50]
2026-03-26 06:40:03,840 | INFO | ✅ record_5m aggregated [2026-03-24 03:45:00 → 2026-03-24 03:50:00]
2026-03-26 06:40:03,841 | INFO |   ✅ ( 46/288) [03:45 → 03:50]
2026-03-26 06:40:03,891 | INFO | 📊 Aggregating vehicle_pass → record [2026-03-24 03:50:00 → 2026-03-24 03:55:00]
2026-03-26 06:40:03,910 | INFO | ✅ record_5m done [03:50 → 03:55]
2026-03-26 06:40:03,911 | INFO | ✅ record_5m aggregated [2026-03-24 03:50:00 → 2026-03-24 03:55:00]
2026-03-26 06:40:03,911 | INFO |   ✅ ( 47/288) [03:50 → 03:55]
2026-03-26 06:40:03,956 | INFO | 📊 Aggregating vehicle_pass → record [2026-03-24 03:55:00 → 2026-03-24 04:00:00]
2026-03-26 06:40:03,982 | INFO | ✅ record_5m done [03:55 → 04:00]
2026-03-26 06:40:03,982 | INFO | ✅ record_5m aggregated [2026-03-24 03:55:00 → 2026-03-24 04:00:00]
2026-03-26 06:40:03,982 | INFO |   ✅ ( 48/288) [03:55 → 04:00]
2026-03-26 06:40:04,040 | INFO | 📊 Aggregating vehicle_pass → record [2026-03-24 04:00:00 → 2026-03-24 04:05:00]
2026-03-26 06:40:04,058 | INFO | ✅ record_5m done [04:00 → 04:05]
2026-03-26 06:40:04,059 | INFO | ✅ record_5m aggregated [2026-03-24 04:00:00 → 2026-03-24 04:05:00]
2026-03-26 06:40:04,059 | INFO |   ✅ ( 49/288) [04:00 → 04:05]
2026-03-26 06:40:04,207 | INFO | 📊 Aggregating vehicle_pass → record [2026-03-24 04:05:00 → 2026-03-24 04:10:00]
2026-03-26 06:40:04,251 | INFO | ✅ record_5m done [04:05 → 04:10]
2026-03-26 06:40:04,252 | INFO | ✅ record_5m aggregated [2026-03-24 04:05:00 → 2026-03-24 04:10:00]
2026-03-26 06:40:04,252 | INFO |   ✅ ( 50/288) [04:05 → 04:10]
2026-03-26 06:40:04,495 | INFO | 📊 Aggregating vehicle_pass → record [2026-03-24 04:10:00 → 2026-03-24 04:15:00]
2026-03-26 06:40:04,513 | INFO | ✅ record_5m done [04:10 → 04:15]
2026-03-26 06:40:04,514 | INFO | ✅ record_5m aggregated [2026-03-24 04:10:00 → 2026-03-24 04:15:00]
2026-03-26 06:40:04,514 | INFO |   ✅ ( 51/288) [04:10 → 04:15]
2026-03-26 06:40:04,564 | INFO | 📊 Aggregating vehicle_pass → record [2026-03-24 04:15:00 → 2026-03-24 04:20:00]
2026-03-26 06:40:04,583 | INFO | ✅ record_5m done [04:15 → 04:20]
2026-03-26 06:40:04,583 | INFO | ✅ record_5m aggregated [2026-03-24 04:15:00 → 2026-03-24 04:20:00]
2026-03-26 06:40:04,584 | INFO |   ✅ ( 52/288) [04:15 → 04:20]
2026-03-26 06:40:04,635 | INFO | 📊 Aggregating vehicle_pass → record [2026-03-24 04:20:00 → 2026-03-24 04:25:00]
2026-03-26 06:40:04,650 | INFO | ✅ record_5m done [04:20 → 04:25]
2026-03-26 06:40:04,650 | INFO | ✅ record_5m aggregated [2026-03-24 04:20:00 → 2026-03-24 04:25:00]
2026-03-26 06:40:04,651 | INFO |   ✅ ( 53/288) [04:20 → 04:25]
2026-03-26 06:40:04,798 | INFO | 📊 Aggregating vehicle_pass → record [2026-03-24 04:25:00 → 2026-03-24 04:30:00]
2026-03-26 06:40:04,822 | INFO | ✅ record_5m done [04:25 → 04:30]
2026-03-26 06:40:04,822 | INFO | ✅ record_5m aggregated [2026-03-24 04:25:00 → 2026-03-24 04:30:00]
2026-03-26 06:40:04,823 | INFO |   ✅ ( 54/288) [04:25 → 04:30]
2026-03-26 06:40:04,878 | INFO | 📊 Aggregating vehicle_pass → record [2026-03-24 04:30:00 → 2026-03-24 04:35:00]
2026-03-26 06:40:04,902 | INFO | ✅ record_5m done [04:30 → 04:35]
2026-03-26 06:40:04,902 | INFO | ✅ record_5m aggregated [2026-03-24 04:30:00 → 2026-03-24 04:35:00]
2026-03-26 06:40:04,902 | INFO |   ✅ ( 55/288) [04:30 → 04:35]
2026-03-26 06:40:04,951 | INFO | 📊 Aggregating vehicle_pass → record [2026-03-24 04:35:00 → 2026-03-24 04:40:00]
2026-03-26 06:40:04,971 | INFO | ✅ record_5m done [04:35 → 04:40]
2026-03-26 06:40:04,971 | INFO | ✅ record_5m aggregated [2026-03-24 04:35:00 → 2026-03-24 04:40:00]
2026-03-26 06:40:04,972 | INFO |   ✅ ( 56/288) [04:35 → 04:40]
2026-03-26 06:40:05,029 | INFO | 📊 Aggregating vehicle_pass → record [2026-03-24 04:40:00 → 2026-03-24 04:45:00]
2026-03-26 06:40:05,053 | INFO | ✅ record_5m done [04:40 → 04:45]
2026-03-26 06:40:05,053 | INFO | ✅ record_5m aggregated [2026-03-24 04:40:00 → 2026-03-24 04:45:00]
2026-03-26 06:40:05,053 | INFO |   ✅ ( 57/288) [04:40 → 04:45]
2026-03-26 06:40:05,103 | INFO | 📊 Aggregating vehicle_pass → record [2026-03-24 04:45:00 → 2026-03-24 04:50:00]
2026-03-26 06:40:05,120 | INFO | ✅ record_5m done [04:45 → 04:50]
2026-03-26 06:40:05,120 | INFO | ✅ record_5m aggregated [2026-03-24 04:45:00 → 2026-03-24 04:50:00]
2026-03-26 06:40:05,120 | INFO |   ✅ ( 58/288) [04:45 → 04:50]
2026-03-26 06:40:05,165 | INFO | 📊 Aggregating vehicle_pass → record [2026-03-24 04:50:00 → 2026-03-24 04:55:00]
2026-03-26 06:40:05,183 | INFO | ✅ record_5m done [04:50 → 04:55]
2026-03-26 06:40:05,184 | INFO | ✅ record_5m aggregated [2026-03-24 04:50:00 → 2026-03-24 04:55:00]
2026-03-26 06:40:05,184 | INFO |   ✅ ( 59/288) [04:50 → 04:55]
2026-03-26 06:40:05,229 | INFO | 📊 Aggregating vehicle_pass → record [2026-03-24 04:55:00 → 2026-03-24 05:00:00]
2026-03-26 06:40:05,249 | INFO | ✅ record_5m done [04:55 → 05:00]
2026-03-26 06:40:05,250 | INFO | ✅ record_5m aggregated [2026-03-24 04:55:00 → 2026-03-24 05:00:00]
2026-03-26 06:40:05,250 | INFO |   ✅ ( 60/288) [04:55 → 05:00]
2026-03-26 06:40:05,300 | INFO | 📊 Aggregating vehicle_pass → record [2026-03-24 05:00:00 → 2026-03-24 05:05:00]
2026-03-26 06:40:05,323 | INFO | ✅ record_5m done [05:00 → 05:05]
2026-03-26 06:40:05,323 | INFO | ✅ record_5m aggregated [2026-03-24 05:00:00 → 2026-03-24 05:05:00]
2026-03-26 06:40:05,323 | INFO |   ✅ ( 61/288) [05:00 → 05:05]
2026-03-26 06:40:05,370 | INFO | 📊 Aggregating vehicle_pass → record [2026-03-24 05:05:00 → 2026-03-24 05:10:00]
2026-03-26 06:40:05,388 | INFO | ✅ record_5m done [05:05 → 05:10]
2026-03-26 06:40:05,389 | INFO | ✅ record_5m aggregated [2026-03-24 05:05:00 → 2026-03-24 05:10:00]
2026-03-26 06:40:05,389 | INFO |   ✅ ( 62/288) [05:05 → 05:10]
2026-03-26 06:40:05,535 | INFO | 📊 Aggregating vehicle_pass → record [2026-03-24 05:10:00 → 2026-03-24 05:15:00]
2026-03-26 06:40:05,555 | INFO | ✅ record_5m done [05:10 → 05:15]
2026-03-26 06:40:05,555 | INFO | ✅ record_5m aggregated [2026-03-24 05:10:00 → 2026-03-24 05:15:00]
2026-03-26 06:40:05,555 | INFO |   ✅ ( 63/288) [05:10 → 05:15]
2026-03-26 06:40:05,639 | INFO | 📊 Aggregating vehicle_pass → record [2026-03-24 05:15:00 → 2026-03-24 05:20:00]
2026-03-26 06:40:05,681 | INFO | ✅ record_5m done [05:15 → 05:20]
2026-03-26 06:40:05,681 | INFO | ✅ record_5m aggregated [2026-03-24 05:15:00 → 2026-03-24 05:20:00]
2026-03-26 06:40:05,681 | INFO |   ✅ ( 64/288) [05:15 → 05:20]
2026-03-26 06:40:05,744 | INFO | 📊 Aggregating vehicle_pass → record [2026-03-24 05:20:00 → 2026-03-24 05:25:00]
2026-03-26 06:40:05,763 | INFO | ✅ record_5m done [05:20 → 05:25]
2026-03-26 06:40:05,763 | INFO | ✅ record_5m aggregated [2026-03-24 05:20:00 → 2026-03-24 05:25:00]
2026-03-26 06:40:05,763 | INFO |   ✅ ( 65/288) [05:20 → 05:25]
2026-03-26 06:40:05,813 | INFO | 📊 Aggregating vehicle_pass → record [2026-03-24 05:25:00 → 2026-03-24 05:30:00]
2026-03-26 06:40:05,836 | INFO | ✅ record_5m done [05:25 → 05:30]
2026-03-26 06:40:05,836 | INFO | ✅ record_5m aggregated [2026-03-24 05:25:00 → 2026-03-24 05:30:00]
2026-03-26 06:40:05,836 | INFO |   ✅ ( 66/288) [05:25 → 05:30]
2026-03-26 06:40:05,894 | INFO | 📊 Aggregating vehicle_pass → record [2026-03-24 05:30:00 → 2026-03-24 05:35:00]
2026-03-26 06:40:05,917 | INFO | ✅ record_5m done [05:30 → 05:35]
2026-03-26 06:40:05,918 | INFO | ✅ record_5m aggregated [2026-03-24 05:30:00 → 2026-03-24 05:35:00]
2026-03-26 06:40:05,918 | INFO |   ✅ ( 67/288) [05:30 → 05:35]
2026-03-26 06:40:06,066 | INFO | 📊 Aggregating vehicle_pass → record [2026-03-24 05:35:00 → 2026-03-24 05:40:00]
2026-03-26 06:40:06,082 | INFO | ✅ record_5m done [05:35 → 05:40]
2026-03-26 06:40:06,082 | INFO | ✅ record_5m aggregated [2026-03-24 05:35:00 → 2026-03-24 05:40:00]
2026-03-26 06:40:06,083 | INFO |   ✅ ( 68/288) [05:35 → 05:40]
2026-03-26 06:40:06,151 | INFO | 📊 Aggregating vehicle_pass → record [2026-03-24 05:40:00 → 2026-03-24 05:45:00]
2026-03-26 06:40:06,169 | INFO | ✅ record_5m done [05:40 → 05:45]
2026-03-26 06:40:06,169 | INFO | ✅ record_5m aggregated [2026-03-24 05:40:00 → 2026-03-24 05:45:00]
2026-03-26 06:40:06,169 | INFO |   ✅ ( 69/288) [05:40 → 05:45]
2026-03-26 06:40:06,212 | INFO | 📊 Aggregating vehicle_pass → record [2026-03-24 05:45:00 → 2026-03-24 05:50:00]
2026-03-26 06:40:06,228 | INFO | ✅ record_5m done [05:45 → 05:50]
2026-03-26 06:40:06,229 | INFO | ✅ record_5m aggregated [2026-03-24 05:45:00 → 2026-03-24 05:50:00]
2026-03-26 06:40:06,229 | INFO |   ✅ ( 70/288) [05:45 → 05:50]
2026-03-26 06:40:06,274 | INFO | 📊 Aggregating vehicle_pass → record [2026-03-24 05:50:00 → 2026-03-24 05:55:00]
2026-03-26 06:40:06,296 | INFO | ✅ record_5m done [05:50 → 05:55]
2026-03-26 06:40:06,296 | INFO | ✅ record_5m aggregated [2026-03-24 05:50:00 → 2026-03-24 05:55:00]
2026-03-26 06:40:06,296 | INFO |   ✅ ( 71/288) [05:50 → 05:55]
2026-03-26 06:40:06,344 | INFO | 📊 Aggregating vehicle_pass → record [2026-03-24 05:55:00 → 2026-03-24 06:00:00]
2026-03-26 06:40:06,360 | INFO | ✅ record_5m done [05:55 → 06:00]
2026-03-26 06:40:06,360 | INFO | ✅ record_5m aggregated [2026-03-24 05:55:00 → 2026-03-24 06:00:00]
2026-03-26 06:40:06,361 | INFO |   ✅ ( 72/288) [05:55 → 06:00]
2026-03-26 06:40:06,408 | INFO | 📊 Aggregating vehicle_pass → record [2026-03-24 06:00:00 → 2026-03-24 06:05:00]
2026-03-26 06:40:06,431 | INFO | ✅ record_5m done [06:00 → 06:05]
2026-03-26 06:40:06,431 | INFO | ✅ record_5m aggregated [2026-03-24 06:00:00 → 2026-03-24 06:05:00]
2026-03-26 06:40:06,431 | INFO |   ✅ ( 73/288) [06:00 → 06:05]
2026-03-26 06:40:06,480 | INFO | 📊 Aggregating vehicle_pass → record [2026-03-24 06:05:00 → 2026-03-24 06:10:00]
2026-03-26 06:40:06,500 | INFO | ✅ record_5m done [06:05 → 06:10]
2026-03-26 06:40:06,501 | INFO | ✅ record_5m aggregated [2026-03-24 06:05:00 → 2026-03-24 06:10:00]
2026-03-26 06:40:06,501 | INFO |   ✅ ( 74/288) [06:05 → 06:10]
2026-03-26 06:40:06,657 | INFO | 📊 Aggregating vehicle_pass → record [2026-03-24 06:10:00 → 2026-03-24 06:15:00]
2026-03-26 06:40:06,674 | INFO | ✅ record_5m done [06:10 → 06:15]
2026-03-26 06:40:06,675 | INFO | ✅ record_5m aggregated [2026-03-24 06:10:00 → 2026-03-24 06:15:00]
2026-03-26 06:40:06,675 | INFO |   ✅ ( 75/288) [06:10 → 06:15]
2026-03-26 06:40:06,717 | INFO | 📊 Aggregating vehicle_pass → record [2026-03-24 06:15:00 → 2026-03-24 06:20:00]
2026-03-26 06:40:06,734 | INFO | ✅ record_5m done [06:15 → 06:20]
2026-03-26 06:40:06,735 | INFO | ✅ record_5m aggregated [2026-03-24 06:15:00 → 2026-03-24 06:20:00]
2026-03-26 06:40:06,735 | INFO |   ✅ ( 76/288) [06:15 → 06:20]
2026-03-26 06:40:06,773 | INFO | 📊 Aggregating vehicle_pass → record [2026-03-24 06:20:00 → 2026-03-24 06:25:00]
2026-03-26 06:40:06,786 | INFO | ✅ record_5m done [06:20 → 06:25]
2026-03-26 06:40:06,787 | INFO | ✅ record_5m aggregated [2026-03-24 06:20:00 → 2026-03-24 06:25:00]
2026-03-26 06:40:06,787 | INFO |   ✅ ( 77/288) [06:20 → 06:25]
2026-03-26 06:40:06,928 | INFO | 📊 Aggregating vehicle_pass → record [2026-03-24 06:25:00 → 2026-03-24 06:30:00]
2026-03-26 06:40:06,943 | INFO | ✅ record_5m done [06:25 → 06:30]
2026-03-26 06:40:06,943 | INFO | ✅ record_5m aggregated [2026-03-24 06:25:00 → 2026-03-24 06:30:00]
2026-03-26 06:40:06,943 | INFO |   ✅ ( 78/288) [06:25 → 06:30]
2026-03-26 06:40:06,981 | INFO | 📊 Aggregating vehicle_pass → record [2026-03-24 06:30:00 → 2026-03-24 06:35:00]
2026-03-26 06:40:06,995 | INFO | ✅ record_5m done [06:30 → 06:35]
2026-03-26 06:40:06,996 | INFO | ✅ record_5m aggregated [2026-03-24 06:30:00 → 2026-03-24 06:35:00]
2026-03-26 06:40:06,996 | INFO |   ✅ ( 79/288) [06:30 → 06:35]
2026-03-26 06:40:07,035 | INFO | 📊 Aggregating vehicle_pass → record [2026-03-24 06:35:00 → 2026-03-24 06:40:00]
2026-03-26 06:40:07,050 | INFO | ✅ record_5m done [06:35 → 06:40]
2026-03-26 06:40:07,051 | INFO | ✅ record_5m aggregated [2026-03-24 06:35:00 → 2026-03-24 06:40:00]
2026-03-26 06:40:07,051 | INFO |   ✅ ( 80/288) [06:35 → 06:40]
2026-03-26 06:40:07,098 | INFO | 📊 Aggregating vehicle_pass → record [2026-03-24 06:40:00 → 2026-03-24 06:45:00]
2026-03-26 06:40:07,117 | INFO | ✅ record_5m done [06:40 → 06:45]
2026-03-26 06:40:07,118 | INFO | ✅ record_5m aggregated [2026-03-24 06:40:00 → 2026-03-24 06:45:00]
2026-03-26 06:40:07,118 | INFO |   ✅ ( 81/288) [06:40 → 06:45]
2026-03-26 06:40:07,159 | INFO | 📊 Aggregating vehicle_pass → record [2026-03-24 06:45:00 → 2026-03-24 06:50:00]
2026-03-26 06:40:07,176 | INFO | ✅ record_5m done [06:45 → 06:50]
2026-03-26 06:40:07,176 | INFO | ✅ record_5m aggregated [2026-03-24 06:45:00 → 2026-03-24 06:50:00]
2026-03-26 06:40:07,176 | INFO |   ✅ ( 82/288) [06:45 → 06:50]
2026-03-26 06:40:07,219 | INFO | 📊 Aggregating vehicle_pass → record [2026-03-24 06:50:00 → 2026-03-24 06:55:00]
2026-03-26 06:40:07,234 | INFO | ✅ record_5m done [06:50 → 06:55]
2026-03-26 06:40:07,235 | INFO | ✅ record_5m aggregated [2026-03-24 06:50:00 → 2026-03-24 06:55:00]
2026-03-26 06:40:07,235 | INFO |   ✅ ( 83/288) [06:50 → 06:55]
2026-03-26 06:40:07,373 | INFO | 📊 Aggregating vehicle_pass → record [2026-03-24 06:55:00 → 2026-03-24 07:00:00]
2026-03-26 06:40:07,389 | INFO | ✅ record_5m done [06:55 → 07:00]
2026-03-26 06:40:07,389 | INFO | ✅ record_5m aggregated [2026-03-24 06:55:00 → 2026-03-24 07:00:00]
2026-03-26 06:40:07,389 | INFO |   ✅ ( 84/288) [06:55 → 07:00]
2026-03-26 06:40:07,428 | INFO | 📊 Aggregating vehicle_pass → record [2026-03-24 07:00:00 → 2026-03-24 07:05:00]
2026-03-26 06:40:07,442 | INFO | ✅ record_5m done [07:00 → 07:05]
2026-03-26 06:40:07,442 | INFO | ✅ record_5m aggregated [2026-03-24 07:00:00 → 2026-03-24 07:05:00]
2026-03-26 06:40:07,443 | INFO |   ✅ ( 85/288) [07:00 → 07:05]
2026-03-26 06:40:07,483 | INFO | 📊 Aggregating vehicle_pass → record [2026-03-24 07:05:00 → 2026-03-24 07:10:00]
2026-03-26 06:40:07,509 | INFO | ✅ record_5m done [07:05 → 07:10]
2026-03-26 06:40:07,509 | INFO | ✅ record_5m aggregated [2026-03-24 07:05:00 → 2026-03-24 07:10:00]
2026-03-26 06:40:07,509 | INFO |   ✅ ( 86/288) [07:05 → 07:10]
2026-03-26 06:40:07,547 | INFO | 📊 Aggregating vehicle_pass → record [2026-03-24 07:10:00 → 2026-03-24 07:15:00]
2026-03-26 06:40:07,562 | INFO | ✅ record_5m done [07:10 → 07:15]
2026-03-26 06:40:07,563 | INFO | ✅ record_5m aggregated [2026-03-24 07:10:00 → 2026-03-24 07:15:00]
2026-03-26 06:40:07,563 | INFO |   ✅ ( 87/288) [07:10 → 07:15]
2026-03-26 06:40:07,600 | INFO | 📊 Aggregating vehicle_pass → record [2026-03-24 07:15:00 → 2026-03-24 07:20:00]
2026-03-26 06:40:07,625 | INFO | ✅ record_5m done [07:15 → 07:20]
2026-03-26 06:40:07,625 | INFO | ✅ record_5m aggregated [2026-03-24 07:15:00 → 2026-03-24 07:20:00]
2026-03-26 06:40:07,625 | INFO |   ✅ ( 88/288) [07:15 → 07:20]
2026-03-26 06:40:07,664 | INFO | 📊 Aggregating vehicle_pass → record [2026-03-24 07:20:00 → 2026-03-24 07:25:00]
2026-03-26 06:40:07,679 | INFO | ✅ record_5m done [07:20 → 07:25]
2026-03-26 06:40:07,679 | INFO | ✅ record_5m aggregated [2026-03-24 07:20:00 → 2026-03-24 07:25:00]
2026-03-26 06:40:07,680 | INFO |   ✅ ( 89/288) [07:20 → 07:25]
2026-03-26 06:40:07,716 | INFO | 📊 Aggregating vehicle_pass → record [2026-03-24 07:25:00 → 2026-03-24 07:30:00]
2026-03-26 06:40:07,738 | INFO | ✅ record_5m done [07:25 → 07:30]
2026-03-26 06:40:07,738 | INFO | ✅ record_5m aggregated [2026-03-24 07:25:00 → 2026-03-24 07:30:00]
2026-03-26 06:40:07,738 | INFO |   ✅ ( 90/288) [07:25 → 07:30]
2026-03-26 06:40:07,776 | INFO | 📊 Aggregating vehicle_pass → record [2026-03-24 07:30:00 → 2026-03-24 07:35:00]
2026-03-26 06:40:07,794 | INFO | ✅ record_5m done [07:30 → 07:35]
2026-03-26 06:40:07,794 | INFO | ✅ record_5m aggregated [2026-03-24 07:30:00 → 2026-03-24 07:35:00]
2026-03-26 06:40:07,795 | INFO |   ✅ ( 91/288) [07:30 → 07:35]
2026-03-26 06:40:07,832 | INFO | 📊 Aggregating vehicle_pass → record [2026-03-24 07:35:00 → 2026-03-24 07:40:00]
2026-03-26 06:40:07,850 | INFO | ✅ record_5m done [07:35 → 07:40]
2026-03-26 06:40:07,851 | INFO | ✅ record_5m aggregated [2026-03-24 07:35:00 → 2026-03-24 07:40:00]
2026-03-26 06:40:07,851 | INFO |   ✅ ( 92/288) [07:35 → 07:40]
2026-03-26 06:40:07,988 | INFO | 📊 Aggregating vehicle_pass → record [2026-03-24 07:40:00 → 2026-03-24 07:45:00]
2026-03-26 06:40:08,003 | INFO | ✅ record_5m done [07:40 → 07:45]
2026-03-26 06:40:08,003 | INFO | ✅ record_5m aggregated [2026-03-24 07:40:00 → 2026-03-24 07:45:00]
2026-03-26 06:40:08,003 | INFO |   ✅ ( 93/288) [07:40 → 07:45]
2026-03-26 06:40:08,148 | INFO | 📊 Aggregating vehicle_pass → record [2026-03-24 07:45:00 → 2026-03-24 07:50:00]
2026-03-26 06:40:08,163 | INFO | ✅ record_5m done [07:45 → 07:50]
2026-03-26 06:40:08,163 | INFO | ✅ record_5m aggregated [2026-03-24 07:45:00 → 2026-03-24 07:50:00]
2026-03-26 06:40:08,163 | INFO |   ✅ ( 94/288) [07:45 → 07:50]
2026-03-26 06:40:08,302 | INFO | 📊 Aggregating vehicle_pass → record [2026-03-24 07:50:00 → 2026-03-24 07:55:00]
2026-03-26 06:40:08,316 | INFO | ✅ record_5m done [07:50 → 07:55]
2026-03-26 06:40:08,317 | INFO | ✅ record_5m aggregated [2026-03-24 07:50:00 → 2026-03-24 07:55:00]
2026-03-26 06:40:08,317 | INFO |   ✅ ( 95/288) [07:50 → 07:55]
2026-03-26 06:40:08,358 | INFO | 📊 Aggregating vehicle_pass → record [2026-03-24 07:55:00 → 2026-03-24 08:00:00]
2026-03-26 06:40:08,371 | INFO | ✅ record_5m done [07:55 → 08:00]
2026-03-26 06:40:08,372 | INFO | ✅ record_5m aggregated [2026-03-24 07:55:00 → 2026-03-24 08:00:00]
2026-03-26 06:40:08,372 | INFO |   ✅ ( 96/288) [07:55 → 08:00]
2026-03-26 06:40:08,407 | INFO | 📊 Aggregating vehicle_pass → record [2026-03-24 08:00:00 → 2026-03-24 08:05:00]
2026-03-26 06:40:08,433 | INFO | ✅ record_5m done [08:00 → 08:05]
2026-03-26 06:40:08,433 | INFO | ✅ record_5m aggregated [2026-03-24 08:00:00 → 2026-03-24 08:05:00]
2026-03-26 06:40:08,433 | INFO |   ✅ ( 97/288) [08:00 → 08:05]
2026-03-26 06:40:08,572 | INFO | 📊 Aggregating vehicle_pass → record [2026-03-24 08:05:00 → 2026-03-24 08:10:00]
2026-03-26 06:40:08,590 | INFO | ✅ record_5m done [08:05 → 08:10]
2026-03-26 06:40:08,590 | INFO | ✅ record_5m aggregated [2026-03-24 08:05:00 → 2026-03-24 08:10:00]
2026-03-26 06:40:08,590 | INFO |   ✅ ( 98/288) [08:05 → 08:10]
2026-03-26 06:40:08,631 | INFO | 📊 Aggregating vehicle_pass → record [2026-03-24 08:10:00 → 2026-03-24 08:15:00]
2026-03-26 06:40:08,646 | INFO | ✅ record_5m done [08:10 → 08:15]
2026-03-26 06:40:08,646 | INFO | ✅ record_5m aggregated [2026-03-24 08:10:00 → 2026-03-24 08:15:00]
2026-03-26 06:40:08,646 | INFO |   ✅ ( 99/288) [08:10 → 08:15]
2026-03-26 06:40:08,696 | INFO | 📊 Aggregating vehicle_pass → record [2026-03-24 08:15:00 → 2026-03-24 08:20:00]
2026-03-26 06:40:08,715 | INFO | ✅ record_5m done [08:15 → 08:20]
2026-03-26 06:40:08,716 | INFO | ✅ record_5m aggregated [2026-03-24 08:15:00 → 2026-03-24 08:20:00]
2026-03-26 06:40:08,716 | INFO |   ✅ (100/288) [08:15 → 08:20]
2026-03-26 06:40:08,757 | INFO | 📊 Aggregating vehicle_pass → record [2026-03-24 08:20:00 → 2026-03-24 08:25:00]
2026-03-26 06:40:08,784 | INFO | ✅ record_5m done [08:20 → 08:25]
2026-03-26 06:40:08,785 | INFO | ✅ record_5m aggregated [2026-03-24 08:20:00 → 2026-03-24 08:25:00]
2026-03-26 06:40:08,785 | INFO |   ✅ (101/288) [08:20 → 08:25]
2026-03-26 06:40:08,854 | INFO | 📊 Aggregating vehicle_pass → record [2026-03-24 08:25:00 → 2026-03-24 08:30:00]
2026-03-26 06:40:08,872 | INFO | ✅ record_5m done [08:25 → 08:30]
2026-03-26 06:40:08,873 | INFO | ✅ record_5m aggregated [2026-03-24 08:25:00 → 2026-03-24 08:30:00]
2026-03-26 06:40:08,873 | INFO |   ✅ (102/288) [08:25 → 08:30]
2026-03-26 06:40:08,918 | INFO | 📊 Aggregating vehicle_pass → record [2026-03-24 08:30:00 → 2026-03-24 08:35:00]
2026-03-26 06:40:08,940 | INFO | ✅ record_5m done [08:30 → 08:35]
2026-03-26 06:40:08,940 | INFO | ✅ record_5m aggregated [2026-03-24 08:30:00 → 2026-03-24 08:35:00]
2026-03-26 06:40:08,941 | INFO |   ✅ (103/288) [08:30 → 08:35]
2026-03-26 06:40:08,983 | INFO | 📊 Aggregating vehicle_pass → record [2026-03-24 08:35:00 → 2026-03-24 08:40:00]
2026-03-26 06:40:09,004 | INFO | ✅ record_5m done [08:35 → 08:40]
2026-03-26 06:40:09,004 | INFO | ✅ record_5m aggregated [2026-03-24 08:35:00 → 2026-03-24 08:40:00]
2026-03-26 06:40:09,004 | INFO |   ✅ (104/288) [08:35 → 08:40]
2026-03-26 06:40:09,057 | INFO | 📊 Aggregating vehicle_pass → record [2026-03-24 08:40:00 → 2026-03-24 08:45:00]
2026-03-26 06:40:09,080 | INFO | ✅ record_5m done [08:40 → 08:45]
2026-03-26 06:40:09,080 | INFO | ✅ record_5m aggregated [2026-03-24 08:40:00 → 2026-03-24 08:45:00]
2026-03-26 06:40:09,080 | INFO |   ✅ (105/288) [08:40 → 08:45]
2026-03-26 06:40:09,127 | INFO | 📊 Aggregating vehicle_pass → record [2026-03-24 08:45:00 → 2026-03-24 08:50:00]
2026-03-26 06:40:09,150 | INFO | ✅ record_5m done [08:45 → 08:50]
2026-03-26 06:40:09,151 | INFO | ✅ record_5m aggregated [2026-03-24 08:45:00 → 2026-03-24 08:50:00]
2026-03-26 06:40:09,151 | INFO |   ✅ (106/288) [08:45 → 08:50]
2026-03-26 06:40:09,202 | INFO | 📊 Aggregating vehicle_pass → record [2026-03-24 08:50:00 → 2026-03-24 08:55:00]
2026-03-26 06:40:09,233 | INFO | ✅ record_5m done [08:50 → 08:55]
2026-03-26 06:40:09,234 | INFO | ✅ record_5m aggregated [2026-03-24 08:50:00 → 2026-03-24 08:55:00]
2026-03-26 06:40:09,235 | INFO |   ✅ (107/288) [08:50 → 08:55]
2026-03-26 06:40:09,285 | INFO | 📊 Aggregating vehicle_pass → record [2026-03-24 08:55:00 → 2026-03-24 09:00:00]
2026-03-26 06:40:09,308 | INFO | ✅ record_5m done [08:55 → 09:00]
2026-03-26 06:40:09,309 | INFO | ✅ record_5m aggregated [2026-03-24 08:55:00 → 2026-03-24 09:00:00]
2026-03-26 06:40:09,309 | INFO |   ✅ (108/288) [08:55 → 09:00]
2026-03-26 06:40:09,356 | INFO | 📊 Aggregating vehicle_pass → record [2026-03-24 09:00:00 → 2026-03-24 09:05:00]
2026-03-26 06:40:09,378 | INFO | ✅ record_5m done [09:00 → 09:05]
2026-03-26 06:40:09,378 | INFO | ✅ record_5m aggregated [2026-03-24 09:00:00 → 2026-03-24 09:05:00]
2026-03-26 06:40:09,379 | INFO |   ✅ (109/288) [09:00 → 09:05]
2026-03-26 06:40:09,431 | INFO | 📊 Aggregating vehicle_pass → record [2026-03-24 09:05:00 → 2026-03-24 09:10:00]
2026-03-26 06:40:09,449 | INFO | ✅ record_5m done [09:05 → 09:10]
2026-03-26 06:40:09,450 | INFO | ✅ record_5m aggregated [2026-03-24 09:05:00 → 2026-03-24 09:10:00]
2026-03-26 06:40:09,450 | INFO |   ✅ (110/288) [09:05 → 09:10]
2026-03-26 06:40:09,599 | INFO | 📊 Aggregating vehicle_pass → record [2026-03-24 09:10:00 → 2026-03-24 09:15:00]
2026-03-26 06:40:09,616 | INFO | ✅ record_5m done [09:10 → 09:15]
2026-03-26 06:40:09,616 | INFO | ✅ record_5m aggregated [2026-03-24 09:10:00 → 2026-03-24 09:15:00]
2026-03-26 06:40:09,616 | INFO |   ✅ (111/288) [09:10 → 09:15]
2026-03-26 06:40:09,662 | INFO | 📊 Aggregating vehicle_pass → record [2026-03-24 09:15:00 → 2026-03-24 09:20:00]
2026-03-26 06:40:09,680 | INFO | ✅ record_5m done [09:15 → 09:20]
2026-03-26 06:40:09,680 | INFO | ✅ record_5m aggregated [2026-03-24 09:15:00 → 2026-03-24 09:20:00]
2026-03-26 06:40:09,680 | INFO |   ✅ (112/288) [09:15 → 09:20]
2026-03-26 06:40:09,724 | INFO | 📊 Aggregating vehicle_pass → record [2026-03-24 09:20:00 → 2026-03-24 09:25:00]
2026-03-26 06:40:09,747 | INFO | ✅ record_5m done [09:20 → 09:25]
2026-03-26 06:40:09,748 | INFO | ✅ record_5m aggregated [2026-03-24 09:20:00 → 2026-03-24 09:25:00]
2026-03-26 06:40:09,748 | INFO |   ✅ (113/288) [09:20 → 09:25]
2026-03-26 06:40:09,902 | INFO | 📊 Aggregating vehicle_pass → record [2026-03-24 09:25:00 → 2026-03-24 09:30:00]
2026-03-26 06:40:09,926 | INFO | ✅ record_5m done [09:25 → 09:30]
2026-03-26 06:40:09,927 | INFO | ✅ record_5m aggregated [2026-03-24 09:25:00 → 2026-03-24 09:30:00]
2026-03-26 06:40:09,927 | INFO |   ✅ (114/288) [09:25 → 09:30]
2026-03-26 06:40:09,977 | INFO | 📊 Aggregating vehicle_pass → record [2026-03-24 09:30:00 → 2026-03-24 09:35:00]
2026-03-26 06:40:09,999 | INFO | ✅ record_5m done [09:30 → 09:35]
2026-03-26 06:40:10,000 | INFO | ✅ record_5m aggregated [2026-03-24 09:30:00 → 2026-03-24 09:35:00]
2026-03-26 06:40:10,000 | INFO |   ✅ (115/288) [09:30 → 09:35]
2026-03-26 06:40:10,045 | INFO | 📊 Aggregating vehicle_pass → record [2026-03-24 09:35:00 → 2026-03-24 09:40:00]
2026-03-26 06:40:10,062 | INFO | ✅ record_5m done [09:35 → 09:40]
2026-03-26 06:40:10,063 | INFO | ✅ record_5m aggregated [2026-03-24 09:35:00 → 2026-03-24 09:40:00]
2026-03-26 06:40:10,063 | INFO |   ✅ (116/288) [09:35 → 09:40]
2026-03-26 06:40:10,225 | INFO | 📊 Aggregating vehicle_pass → record [2026-03-24 09:40:00 → 2026-03-24 09:45:00]
2026-03-26 06:40:10,244 | INFO | ✅ record_5m done [09:40 → 09:45]
2026-03-26 06:40:10,244 | INFO | ✅ record_5m aggregated [2026-03-24 09:40:00 → 2026-03-24 09:45:00]
2026-03-26 06:40:10,244 | INFO |   ✅ (117/288) [09:40 → 09:45]
2026-03-26 06:40:10,395 | INFO | 📊 Aggregating vehicle_pass → record [2026-03-24 09:45:00 → 2026-03-24 09:50:00]
2026-03-26 06:40:10,417 | INFO | ✅ record_5m done [09:45 → 09:50]
2026-03-26 06:40:10,418 | INFO | ✅ record_5m aggregated [2026-03-24 09:45:00 → 2026-03-24 09:50:00]
2026-03-26 06:40:10,418 | INFO |   ✅ (118/288) [09:45 → 09:50]
2026-03-26 06:40:10,460 | INFO | 📊 Aggregating vehicle_pass → record [2026-03-24 09:50:00 → 2026-03-24 09:55:00]
2026-03-26 06:40:10,487 | INFO | ✅ record_5m done [09:50 → 09:55]
2026-03-26 06:40:10,487 | INFO | ✅ record_5m aggregated [2026-03-24 09:50:00 → 2026-03-24 09:55:00]
2026-03-26 06:40:10,488 | INFO |   ✅ (119/288) [09:50 → 09:55]
2026-03-26 06:40:10,535 | INFO | 📊 Aggregating vehicle_pass → record [2026-03-24 09:55:00 → 2026-03-24 10:00:00]
2026-03-26 06:40:10,555 | INFO | ✅ record_5m done [09:55 → 10:00]
2026-03-26 06:40:10,555 | INFO | ✅ record_5m aggregated [2026-03-24 09:55:00 → 2026-03-24 10:00:00]
2026-03-26 06:40:10,555 | INFO |   ✅ (120/288) [09:55 → 10:00]
2026-03-26 06:40:10,608 | INFO | 📊 Aggregating vehicle_pass → record [2026-03-24 10:00:00 → 2026-03-24 10:05:00]
2026-03-26 06:40:10,631 | INFO | ✅ record_5m done [10:00 → 10:05]
2026-03-26 06:40:10,631 | INFO | ✅ record_5m aggregated [2026-03-24 10:00:00 → 2026-03-24 10:05:00]
2026-03-26 06:40:10,631 | INFO |   ✅ (121/288) [10:00 → 10:05]
2026-03-26 06:40:10,676 | INFO | 📊 Aggregating vehicle_pass → record [2026-03-24 10:05:00 → 2026-03-24 10:10:00]
2026-03-26 06:40:10,696 | INFO | ✅ record_5m done [10:05 → 10:10]
2026-03-26 06:40:10,696 | INFO | ✅ record_5m aggregated [2026-03-24 10:05:00 → 2026-03-24 10:10:00]
2026-03-26 06:40:10,696 | INFO |   ✅ (122/288) [10:05 → 10:10]
2026-03-26 06:40:10,740 | INFO | 📊 Aggregating vehicle_pass → record [2026-03-24 10:10:00 → 2026-03-24 10:15:00]
2026-03-26 06:40:10,760 | INFO | ✅ record_5m done [10:10 → 10:15]
2026-03-26 06:40:10,761 | INFO | ✅ record_5m aggregated [2026-03-24 10:10:00 → 2026-03-24 10:15:00]
2026-03-26 06:40:10,761 | INFO |   ✅ (123/288) [10:10 → 10:15]
2026-03-26 06:40:10,827 | INFO | 📊 Aggregating vehicle_pass → record [2026-03-24 10:15:00 → 2026-03-24 10:20:00]
2026-03-26 06:40:10,851 | INFO | ✅ record_5m done [10:15 → 10:20]
2026-03-26 06:40:10,852 | INFO | ✅ record_5m aggregated [2026-03-24 10:15:00 → 2026-03-24 10:20:00]
2026-03-26 06:40:10,852 | INFO |   ✅ (124/288) [10:15 → 10:20]
2026-03-26 06:40:10,895 | INFO | 📊 Aggregating vehicle_pass → record [2026-03-24 10:20:00 → 2026-03-24 10:25:00]
2026-03-26 06:40:10,913 | INFO | ✅ record_5m done [10:20 → 10:25]
2026-03-26 06:40:10,914 | INFO | ✅ record_5m aggregated [2026-03-24 10:20:00 → 2026-03-24 10:25:00]
2026-03-26 06:40:10,914 | INFO |   ✅ (125/288) [10:20 → 10:25]
2026-03-26 06:40:10,965 | INFO | 📊 Aggregating vehicle_pass → record [2026-03-24 10:25:00 → 2026-03-24 10:30:00]
2026-03-26 06:40:10,985 | INFO | ✅ record_5m done [10:25 → 10:30]
2026-03-26 06:40:10,986 | INFO | ✅ record_5m aggregated [2026-03-24 10:25:00 → 2026-03-24 10:30:00]
2026-03-26 06:40:10,986 | INFO |   ✅ (126/288) [10:25 → 10:30]
2026-03-26 06:40:11,031 | INFO | 📊 Aggregating vehicle_pass → record [2026-03-24 10:30:00 → 2026-03-24 10:35:00]
2026-03-26 06:40:11,052 | INFO | ✅ record_5m done [10:30 → 10:35]
2026-03-26 06:40:11,054 | INFO | ✅ record_5m aggregated [2026-03-24 10:30:00 → 2026-03-24 10:35:00]
2026-03-26 06:40:11,055 | INFO |   ✅ (127/288) [10:30 → 10:35]
2026-03-26 06:40:11,101 | INFO | 📊 Aggregating vehicle_pass → record [2026-03-24 10:35:00 → 2026-03-24 10:40:00]
2026-03-26 06:40:11,121 | INFO | ✅ record_5m done [10:35 → 10:40]
2026-03-26 06:40:11,121 | INFO | ✅ record_5m aggregated [2026-03-24 10:35:00 → 2026-03-24 10:40:00]
2026-03-26 06:40:11,122 | INFO |   ✅ (128/288) [10:35 → 10:40]
2026-03-26 06:40:11,165 | INFO | 📊 Aggregating vehicle_pass → record [2026-03-24 10:40:00 → 2026-03-24 10:45:00]
2026-03-26 06:40:11,184 | INFO | ✅ record_5m done [10:40 → 10:45]
2026-03-26 06:40:11,184 | INFO | ✅ record_5m aggregated [2026-03-24 10:40:00 → 2026-03-24 10:45:00]
2026-03-26 06:40:11,184 | INFO |   ✅ (129/288) [10:40 → 10:45]
2026-03-26 06:40:11,234 | INFO | 📊 Aggregating vehicle_pass → record [2026-03-24 10:45:00 → 2026-03-24 10:50:00]
2026-03-26 06:40:11,252 | INFO | ✅ record_5m done [10:45 → 10:50]
2026-03-26 06:40:11,253 | INFO | ✅ record_5m aggregated [2026-03-24 10:45:00 → 2026-03-24 10:50:00]
2026-03-26 06:40:11,253 | INFO |   ✅ (130/288) [10:45 → 10:50]
2026-03-26 06:40:11,301 | INFO | 📊 Aggregating vehicle_pass → record [2026-03-24 10:50:00 → 2026-03-24 10:55:00]
2026-03-26 06:40:11,325 | INFO | ✅ record_5m done [10:50 → 10:55]
2026-03-26 06:40:11,325 | INFO | ✅ record_5m aggregated [2026-03-24 10:50:00 → 2026-03-24 10:55:00]
2026-03-26 06:40:11,325 | INFO |   ✅ (131/288) [10:50 → 10:55]
2026-03-26 06:40:11,374 | INFO | 📊 Aggregating vehicle_pass → record [2026-03-24 10:55:00 → 2026-03-24 11:00:00]
2026-03-26 06:40:11,394 | INFO | ✅ record_5m done [10:55 → 11:00]
2026-03-26 06:40:11,395 | INFO | ✅ record_5m aggregated [2026-03-24 10:55:00 → 2026-03-24 11:00:00]
2026-03-26 06:40:11,395 | INFO |   ✅ (132/288) [10:55 → 11:00]
2026-03-26 06:40:11,542 | INFO | 📊 Aggregating vehicle_pass → record [2026-03-24 11:00:00 → 2026-03-24 11:05:00]
2026-03-26 06:40:11,562 | INFO | ✅ record_5m done [11:00 → 11:05]
2026-03-26 06:40:11,563 | INFO | ✅ record_5m aggregated [2026-03-24 11:00:00 → 2026-03-24 11:05:00]
2026-03-26 06:40:11,563 | INFO |   ✅ (133/288) [11:00 → 11:05]
2026-03-26 06:40:11,611 | INFO | 📊 Aggregating vehicle_pass → record [2026-03-24 11:05:00 → 2026-03-24 11:10:00]
2026-03-26 06:40:11,638 | INFO | ✅ record_5m done [11:05 → 11:10]
2026-03-26 06:40:11,639 | INFO | ✅ record_5m aggregated [2026-03-24 11:05:00 → 2026-03-24 11:10:00]
2026-03-26 06:40:11,639 | INFO |   ✅ (134/288) [11:05 → 11:10]
2026-03-26 06:40:11,686 | INFO | 📊 Aggregating vehicle_pass → record [2026-03-24 11:10:00 → 2026-03-24 11:15:00]
2026-03-26 06:40:11,705 | INFO | ✅ record_5m done [11:10 → 11:15]
2026-03-26 06:40:11,705 | INFO | ✅ record_5m aggregated [2026-03-24 11:10:00 → 2026-03-24 11:15:00]
2026-03-26 06:40:11,705 | INFO |   ✅ (135/288) [11:10 → 11:15]
2026-03-26 06:40:11,758 | INFO | 📊 Aggregating vehicle_pass → record [2026-03-24 11:15:00 → 2026-03-24 11:20:00]
2026-03-26 06:40:11,777 | INFO | ✅ record_5m done [11:15 → 11:20]
2026-03-26 06:40:11,778 | INFO | ✅ record_5m aggregated [2026-03-24 11:15:00 → 2026-03-24 11:20:00]
2026-03-26 06:40:11,778 | INFO |   ✅ (136/288) [11:15 → 11:20]
2026-03-26 06:40:11,928 | INFO | 📊 Aggregating vehicle_pass → record [2026-03-24 11:20:00 → 2026-03-24 11:25:00]
2026-03-26 06:40:11,944 | INFO | ✅ record_5m done [11:20 → 11:25]
2026-03-26 06:40:11,944 | INFO | ✅ record_5m aggregated [2026-03-24 11:20:00 → 2026-03-24 11:25:00]
2026-03-26 06:40:11,944 | INFO |   ✅ (137/288) [11:20 → 11:25]
2026-03-26 06:40:12,091 | INFO | 📊 Aggregating vehicle_pass → record [2026-03-24 11:25:00 → 2026-03-24 11:30:00]
2026-03-26 06:40:12,109 | INFO | ✅ record_5m done [11:25 → 11:30]
2026-03-26 06:40:12,109 | INFO | ✅ record_5m aggregated [2026-03-24 11:25:00 → 2026-03-24 11:30:00]
2026-03-26 06:40:12,110 | INFO |   ✅ (138/288) [11:25 → 11:30]
2026-03-26 06:40:12,158 | INFO | 📊 Aggregating vehicle_pass → record [2026-03-24 11:30:00 → 2026-03-24 11:35:00]
2026-03-26 06:40:12,177 | INFO | ✅ record_5m done [11:30 → 11:35]
2026-03-26 06:40:12,178 | INFO | ✅ record_5m aggregated [2026-03-24 11:30:00 → 2026-03-24 11:35:00]
2026-03-26 06:40:12,178 | INFO |   ✅ (139/288) [11:30 → 11:35]
2026-03-26 06:40:12,225 | INFO | 📊 Aggregating vehicle_pass → record [2026-03-24 11:35:00 → 2026-03-24 11:40:00]
2026-03-26 06:40:12,244 | INFO | ✅ record_5m done [11:35 → 11:40]
2026-03-26 06:40:12,245 | INFO | ✅ record_5m aggregated [2026-03-24 11:35:00 → 2026-03-24 11:40:00]
2026-03-26 06:40:12,245 | INFO |   ✅ (140/288) [11:35 → 11:40]
2026-03-26 06:40:12,287 | INFO | 📊 Aggregating vehicle_pass → record [2026-03-24 11:40:00 → 2026-03-24 11:45:00]
2026-03-26 06:40:12,304 | INFO | ✅ record_5m done [11:40 → 11:45]
2026-03-26 06:40:12,305 | INFO | ✅ record_5m aggregated [2026-03-24 11:40:00 → 2026-03-24 11:45:00]
2026-03-26 06:40:12,305 | INFO |   ✅ (141/288) [11:40 → 11:45]
2026-03-26 06:40:12,353 | INFO | 📊 Aggregating vehicle_pass → record [2026-03-24 11:45:00 → 2026-03-24 11:50:00]
2026-03-26 06:40:12,370 | INFO | ✅ record_5m done [11:45 → 11:50]
2026-03-26 06:40:12,370 | INFO | ✅ record_5m aggregated [2026-03-24 11:45:00 → 2026-03-24 11:50:00]
2026-03-26 06:40:12,370 | INFO |   ✅ (142/288) [11:45 → 11:50]
2026-03-26 06:40:12,414 | INFO | 📊 Aggregating vehicle_pass → record [2026-03-24 11:50:00 → 2026-03-24 11:55:00]
2026-03-26 06:40:12,435 | INFO | ✅ record_5m done [11:50 → 11:55]
2026-03-26 06:40:12,435 | INFO | ✅ record_5m aggregated [2026-03-24 11:50:00 → 2026-03-24 11:55:00]
2026-03-26 06:40:12,436 | INFO |   ✅ (143/288) [11:50 → 11:55]
2026-03-26 06:40:12,583 | INFO | 📊 Aggregating vehicle_pass → record [2026-03-24 11:55:00 → 2026-03-24 12:00:00]
2026-03-26 06:40:12,606 | INFO | ✅ record_5m done [11:55 → 12:00]
2026-03-26 06:40:12,607 | INFO | ✅ record_5m aggregated [2026-03-24 11:55:00 → 2026-03-24 12:00:00]
2026-03-26 06:40:12,607 | INFO |   ✅ (144/288) [11:55 → 12:00]
2026-03-26 06:40:12,760 | INFO | 📊 Aggregating vehicle_pass → record [2026-03-24 12:00:00 → 2026-03-24 12:05:00]
2026-03-26 06:40:12,777 | INFO | ✅ record_5m done [12:00 → 12:05]
2026-03-26 06:40:12,778 | INFO | ✅ record_5m aggregated [2026-03-24 12:00:00 → 2026-03-24 12:05:00]
2026-03-26 06:40:12,778 | INFO |   ✅ (145/288) [12:00 → 12:05]
2026-03-26 06:40:12,914 | INFO | 📊 Aggregating vehicle_pass → record [2026-03-24 12:05:00 → 2026-03-24 12:10:00]
2026-03-26 06:40:12,933 | INFO | ✅ record_5m done [12:05 → 12:10]
2026-03-26 06:40:12,934 | INFO | ✅ record_5m aggregated [2026-03-24 12:05:00 → 2026-03-24 12:10:00]
2026-03-26 06:40:12,934 | INFO |   ✅ (146/288) [12:05 → 12:10]
2026-03-26 06:40:13,090 | INFO | 📊 Aggregating vehicle_pass → record [2026-03-24 12:10:00 → 2026-03-24 12:15:00]
2026-03-26 06:40:13,104 | INFO | ✅ record_5m done [12:10 → 12:15]
2026-03-26 06:40:13,104 | INFO | ✅ record_5m aggregated [2026-03-24 12:10:00 → 2026-03-24 12:15:00]
2026-03-26 06:40:13,104 | INFO |   ✅ (147/288) [12:10 → 12:15]
2026-03-26 06:40:13,156 | INFO | 📊 Aggregating vehicle_pass → record [2026-03-24 12:15:00 → 2026-03-24 12:20:00]
2026-03-26 06:40:13,174 | INFO | ✅ record_5m done [12:15 → 12:20]
2026-03-26 06:40:13,174 | INFO | ✅ record_5m aggregated [2026-03-24 12:15:00 → 2026-03-24 12:20:00]
2026-03-26 06:40:13,175 | INFO |   ✅ (148/288) [12:15 → 12:20]
2026-03-26 06:40:13,222 | INFO | 📊 Aggregating vehicle_pass → record [2026-03-24 12:20:00 → 2026-03-24 12:25:00]
2026-03-26 06:40:13,248 | INFO | ✅ record_5m done [12:20 → 12:25]
2026-03-26 06:40:13,248 | INFO | ✅ record_5m aggregated [2026-03-24 12:20:00 → 2026-03-24 12:25:00]
2026-03-26 06:40:13,248 | INFO |   ✅ (149/288) [12:20 → 12:25]
2026-03-26 06:40:13,297 | INFO | 📊 Aggregating vehicle_pass → record [2026-03-24 12:25:00 → 2026-03-24 12:30:00]
2026-03-26 06:40:13,316 | INFO | ✅ record_5m done [12:25 → 12:30]
2026-03-26 06:40:13,316 | INFO | ✅ record_5m aggregated [2026-03-24 12:25:00 → 2026-03-24 12:30:00]
2026-03-26 06:40:13,317 | INFO |   ✅ (150/288) [12:25 → 12:30]
2026-03-26 06:40:13,466 | INFO | 📊 Aggregating vehicle_pass → record [2026-03-24 12:30:00 → 2026-03-24 12:35:00]
2026-03-26 06:40:13,486 | INFO | ✅ record_5m done [12:30 → 12:35]
2026-03-26 06:40:13,486 | INFO | ✅ record_5m aggregated [2026-03-24 12:30:00 → 2026-03-24 12:35:00]
2026-03-26 06:40:13,486 | INFO |   ✅ (151/288) [12:30 → 12:35]
2026-03-26 06:40:13,530 | INFO | 📊 Aggregating vehicle_pass → record [2026-03-24 12:35:00 → 2026-03-24 12:40:00]
2026-03-26 06:40:13,548 | INFO | ✅ record_5m done [12:35 → 12:40]
2026-03-26 06:40:13,548 | INFO | ✅ record_5m aggregated [2026-03-24 12:35:00 → 2026-03-24 12:40:00]
2026-03-26 06:40:13,549 | INFO |   ✅ (152/288) [12:35 → 12:40]
2026-03-26 06:40:13,693 | INFO | 📊 Aggregating vehicle_pass → record [2026-03-24 12:40:00 → 2026-03-24 12:45:00]
2026-03-26 06:40:13,716 | INFO | ✅ record_5m done [12:40 → 12:45]
2026-03-26 06:40:13,716 | INFO | ✅ record_5m aggregated [2026-03-24 12:40:00 → 2026-03-24 12:45:00]
2026-03-26 06:40:13,717 | INFO |   ✅ (153/288) [12:40 → 12:45]
2026-03-26 06:40:13,761 | INFO | 📊 Aggregating vehicle_pass → record [2026-03-24 12:45:00 → 2026-03-24 12:50:00]
2026-03-26 06:40:13,779 | INFO | ✅ record_5m done [12:45 → 12:50]
2026-03-26 06:40:13,779 | INFO | ✅ record_5m aggregated [2026-03-24 12:45:00 → 2026-03-24 12:50:00]
2026-03-26 06:40:13,780 | INFO |   ✅ (154/288) [12:45 → 12:50]
2026-03-26 06:40:13,827 | INFO | 📊 Aggregating vehicle_pass → record [2026-03-24 12:50:00 → 2026-03-24 12:55:00]
2026-03-26 06:40:13,846 | INFO | ✅ record_5m done [12:50 → 12:55]
2026-03-26 06:40:13,846 | INFO | ✅ record_5m aggregated [2026-03-24 12:50:00 → 2026-03-24 12:55:00]
2026-03-26 06:40:13,847 | INFO |   ✅ (155/288) [12:50 → 12:55]
2026-03-26 06:40:13,894 | INFO | 📊 Aggregating vehicle_pass → record [2026-03-24 12:55:00 → 2026-03-24 13:00:00]
2026-03-26 06:40:13,916 | INFO | ✅ record_5m done [12:55 → 13:00]
2026-03-26 06:40:13,916 | INFO | ✅ record_5m aggregated [2026-03-24 12:55:00 → 2026-03-24 13:00:00]
2026-03-26 06:40:13,917 | INFO |   ✅ (156/288) [12:55 → 13:00]
2026-03-26 06:40:13,977 | INFO | 📊 Aggregating vehicle_pass → record [2026-03-24 13:00:00 → 2026-03-24 13:05:00]
2026-03-26 06:40:13,995 | INFO | ✅ record_5m done [13:00 → 13:05]
2026-03-26 06:40:13,996 | INFO | ✅ record_5m aggregated [2026-03-24 13:00:00 → 2026-03-24 13:05:00]
2026-03-26 06:40:13,996 | INFO |   ✅ (157/288) [13:00 → 13:05]
2026-03-26 06:40:14,054 | INFO | 📊 Aggregating vehicle_pass → record [2026-03-24 13:05:00 → 2026-03-24 13:10:00]
2026-03-26 06:40:14,079 | INFO | ✅ record_5m done [13:05 → 13:10]
2026-03-26 06:40:14,080 | INFO | ✅ record_5m aggregated [2026-03-24 13:05:00 → 2026-03-24 13:10:00]
2026-03-26 06:40:14,080 | INFO |   ✅ (158/288) [13:05 → 13:10]
2026-03-26 06:40:14,124 | INFO | 📊 Aggregating vehicle_pass → record [2026-03-24 13:10:00 → 2026-03-24 13:15:00]
2026-03-26 06:40:14,154 | INFO | ✅ record_5m done [13:10 → 13:15]
2026-03-26 06:40:14,155 | INFO | ✅ record_5m aggregated [2026-03-24 13:10:00 → 2026-03-24 13:15:00]
2026-03-26 06:40:14,155 | INFO |   ✅ (159/288) [13:10 → 13:15]
2026-03-26 06:40:14,197 | INFO | 📊 Aggregating vehicle_pass → record [2026-03-24 13:15:00 → 2026-03-24 13:20:00]
2026-03-26 06:40:14,215 | INFO | ✅ record_5m done [13:15 → 13:20]
2026-03-26 06:40:14,215 | INFO | ✅ record_5m aggregated [2026-03-24 13:15:00 → 2026-03-24 13:20:00]
2026-03-26 06:40:14,215 | INFO |   ✅ (160/288) [13:15 → 13:20]
2026-03-26 06:40:14,264 | INFO | 📊 Aggregating vehicle_pass → record [2026-03-24 13:20:00 → 2026-03-24 13:25:00]
2026-03-26 06:40:14,283 | INFO | ✅ record_5m done [13:20 → 13:25]
2026-03-26 06:40:14,284 | INFO | ✅ record_5m aggregated [2026-03-24 13:20:00 → 2026-03-24 13:25:00]
2026-03-26 06:40:14,284 | INFO |   ✅ (161/288) [13:20 → 13:25]
2026-03-26 06:40:14,338 | INFO | 📊 Aggregating vehicle_pass → record [2026-03-24 13:25:00 → 2026-03-24 13:30:00]
2026-03-26 06:40:14,358 | INFO | ✅ record_5m done [13:25 → 13:30]
2026-03-26 06:40:14,359 | INFO | ✅ record_5m aggregated [2026-03-24 13:25:00 → 2026-03-24 13:30:00]
2026-03-26 06:40:14,359 | INFO |   ✅ (162/288) [13:25 → 13:30]
2026-03-26 06:40:14,407 | INFO | 📊 Aggregating vehicle_pass → record [2026-03-24 13:30:00 → 2026-03-24 13:35:00]
2026-03-26 06:40:14,428 | INFO | ✅ record_5m done [13:30 → 13:35]
2026-03-26 06:40:14,429 | INFO | ✅ record_5m aggregated [2026-03-24 13:30:00 → 2026-03-24 13:35:00]
2026-03-26 06:40:14,429 | INFO |   ✅ (163/288) [13:30 → 13:35]
2026-03-26 06:40:14,474 | INFO | 📊 Aggregating vehicle_pass → record [2026-03-24 13:35:00 → 2026-03-24 13:40:00]
2026-03-26 06:40:14,497 | INFO | ✅ record_5m done [13:35 → 13:40]
2026-03-26 06:40:14,497 | INFO | ✅ record_5m aggregated [2026-03-24 13:35:00 → 2026-03-24 13:40:00]
2026-03-26 06:40:14,497 | INFO |   ✅ (164/288) [13:35 → 13:40]
2026-03-26 06:40:14,545 | INFO | 📊 Aggregating vehicle_pass → record [2026-03-24 13:40:00 → 2026-03-24 13:45:00]
2026-03-26 06:40:14,568 | INFO | ✅ record_5m done [13:40 → 13:45]
2026-03-26 06:40:14,569 | INFO | ✅ record_5m aggregated [2026-03-24 13:40:00 → 2026-03-24 13:45:00]
2026-03-26 06:40:14,569 | INFO |   ✅ (165/288) [13:40 → 13:45]
2026-03-26 06:40:14,612 | INFO | 📊 Aggregating vehicle_pass → record [2026-03-24 13:45:00 → 2026-03-24 13:50:00]
2026-03-26 06:40:14,629 | INFO | ✅ record_5m done [13:45 → 13:50]
2026-03-26 06:40:14,630 | INFO | ✅ record_5m aggregated [2026-03-24 13:45:00 → 2026-03-24 13:50:00]
2026-03-26 06:40:14,630 | INFO |   ✅ (166/288) [13:45 → 13:50]
2026-03-26 06:40:14,678 | INFO | 📊 Aggregating vehicle_pass → record [2026-03-24 13:50:00 → 2026-03-24 13:55:00]
2026-03-26 06:40:14,699 | INFO | ✅ record_5m done [13:50 → 13:55]
2026-03-26 06:40:14,700 | INFO | ✅ record_5m aggregated [2026-03-24 13:50:00 → 2026-03-24 13:55:00]
2026-03-26 06:40:14,700 | INFO |   ✅ (167/288) [13:50 → 13:55]
2026-03-26 06:40:14,743 | INFO | 📊 Aggregating vehicle_pass → record [2026-03-24 13:55:00 → 2026-03-24 14:00:00]
2026-03-26 06:40:14,768 | INFO | ✅ record_5m done [13:55 → 14:00]
2026-03-26 06:40:14,769 | INFO | ✅ record_5m aggregated [2026-03-24 13:55:00 → 2026-03-24 14:00:00]
2026-03-26 06:40:14,769 | INFO |   ✅ (168/288) [13:55 → 14:00]
2026-03-26 06:40:14,812 | INFO | 📊 Aggregating vehicle_pass → record [2026-03-24 14:00:00 → 2026-03-24 14:05:00]
2026-03-26 06:40:14,839 | INFO | ✅ record_5m done [14:00 → 14:05]
2026-03-26 06:40:14,839 | INFO | ✅ record_5m aggregated [2026-03-24 14:00:00 → 2026-03-24 14:05:00]
2026-03-26 06:40:14,840 | INFO |   ✅ (169/288) [14:00 → 14:05]
2026-03-26 06:40:14,993 | INFO | 📊 Aggregating vehicle_pass → record [2026-03-24 14:05:00 → 2026-03-24 14:10:00]
2026-03-26 06:40:15,011 | INFO | ✅ record_5m done [14:05 → 14:10]
2026-03-26 06:40:15,011 | INFO | ✅ record_5m aggregated [2026-03-24 14:05:00 → 2026-03-24 14:10:00]
2026-03-26 06:40:15,012 | INFO |   ✅ (170/288) [14:05 → 14:10]
2026-03-26 06:40:15,057 | INFO | 📊 Aggregating vehicle_pass → record [2026-03-24 14:10:00 → 2026-03-24 14:15:00]
2026-03-26 06:40:15,080 | INFO | ✅ record_5m done [14:10 → 14:15]
2026-03-26 06:40:15,081 | INFO | ✅ record_5m aggregated [2026-03-24 14:10:00 → 2026-03-24 14:15:00]
2026-03-26 06:40:15,081 | INFO |   ✅ (171/288) [14:10 → 14:15]
2026-03-26 06:40:15,128 | INFO | 📊 Aggregating vehicle_pass → record [2026-03-24 14:15:00 → 2026-03-24 14:20:00]
2026-03-26 06:40:15,149 | INFO | ✅ record_5m done [14:15 → 14:20]
2026-03-26 06:40:15,150 | INFO | ✅ record_5m aggregated [2026-03-24 14:15:00 → 2026-03-24 14:20:00]
2026-03-26 06:40:15,150 | INFO |   ✅ (172/288) [14:15 → 14:20]
2026-03-26 06:40:15,199 | INFO | 📊 Aggregating vehicle_pass → record [2026-03-24 14:20:00 → 2026-03-24 14:25:00]
2026-03-26 06:40:15,224 | INFO | ✅ record_5m done [14:20 → 14:25]
2026-03-26 06:40:15,224 | INFO | ✅ record_5m aggregated [2026-03-24 14:20:00 → 2026-03-24 14:25:00]
2026-03-26 06:40:15,224 | INFO |   ✅ (173/288) [14:20 → 14:25]
2026-03-26 06:40:15,276 | INFO | 📊 Aggregating vehicle_pass → record [2026-03-24 14:25:00 → 2026-03-24 14:30:00]
2026-03-26 06:40:15,300 | INFO | ✅ record_5m done [14:25 → 14:30]
2026-03-26 06:40:15,300 | INFO | ✅ record_5m aggregated [2026-03-24 14:25:00 → 2026-03-24 14:30:00]
2026-03-26 06:40:15,301 | INFO |   ✅ (174/288) [14:25 → 14:30]
2026-03-26 06:40:15,447 | INFO | 📊 Aggregating vehicle_pass → record [2026-03-24 14:30:00 → 2026-03-24 14:35:00]
2026-03-26 06:40:15,468 | INFO | ✅ record_5m done [14:30 → 14:35]
2026-03-26 06:40:15,468 | INFO | ✅ record_5m aggregated [2026-03-24 14:30:00 → 2026-03-24 14:35:00]
2026-03-26 06:40:15,469 | INFO |   ✅ (175/288) [14:30 → 14:35]
2026-03-26 06:40:15,619 | INFO | 📊 Aggregating vehicle_pass → record [2026-03-24 14:35:00 → 2026-03-24 14:40:00]
2026-03-26 06:40:15,636 | INFO | ✅ record_5m done [14:35 → 14:40]
2026-03-26 06:40:15,637 | INFO | ✅ record_5m aggregated [2026-03-24 14:35:00 → 2026-03-24 14:40:00]
2026-03-26 06:40:15,637 | INFO |   ✅ (176/288) [14:35 → 14:40]
2026-03-26 06:40:15,676 | INFO | 📊 Aggregating vehicle_pass → record [2026-03-24 14:40:00 → 2026-03-24 14:45:00]
2026-03-26 06:40:15,689 | INFO | ✅ record_5m done [14:40 → 14:45]
2026-03-26 06:40:15,689 | INFO | ✅ record_5m aggregated [2026-03-24 14:40:00 → 2026-03-24 14:45:00]
2026-03-26 06:40:15,689 | INFO |   ✅ (177/288) [14:40 → 14:45]
2026-03-26 06:40:15,825 | INFO | 📊 Aggregating vehicle_pass → record [2026-03-24 14:45:00 → 2026-03-24 14:50:00]
2026-03-26 06:40:15,841 | INFO | ✅ record_5m done [14:45 → 14:50]
2026-03-26 06:40:15,842 | INFO | ✅ record_5m aggregated [2026-03-24 14:45:00 → 2026-03-24 14:50:00]
2026-03-26 06:40:15,842 | INFO |   ✅ (178/288) [14:45 → 14:50]
2026-03-26 06:40:15,984 | INFO | 📊 Aggregating vehicle_pass → record [2026-03-24 14:50:00 → 2026-03-24 14:55:00]
2026-03-26 06:40:16,002 | INFO | ✅ record_5m done [14:50 → 14:55]
2026-03-26 06:40:16,003 | INFO | ✅ record_5m aggregated [2026-03-24 14:50:00 → 2026-03-24 14:55:00]
2026-03-26 06:40:16,003 | INFO |   ✅ (179/288) [14:50 → 14:55]
2026-03-26 06:40:16,048 | INFO | 📊 Aggregating vehicle_pass → record [2026-03-24 14:55:00 → 2026-03-24 15:00:00]
2026-03-26 06:40:16,064 | INFO | ✅ record_5m done [14:55 → 15:00]
2026-03-26 06:40:16,064 | INFO | ✅ record_5m aggregated [2026-03-24 14:55:00 → 2026-03-24 15:00:00]
2026-03-26 06:40:16,065 | INFO |   ✅ (180/288) [14:55 → 15:00]
2026-03-26 06:40:16,117 | INFO | 📊 Aggregating vehicle_pass → record [2026-03-24 15:00:00 → 2026-03-24 15:05:00]
2026-03-26 06:40:16,133 | INFO | ✅ record_5m done [15:00 → 15:05]
2026-03-26 06:40:16,134 | INFO | ✅ record_5m aggregated [2026-03-24 15:00:00 → 2026-03-24 15:05:00]
2026-03-26 06:40:16,134 | INFO |   ✅ (181/288) [15:00 → 15:05]
2026-03-26 06:40:16,179 | INFO | 📊 Aggregating vehicle_pass → record [2026-03-24 15:05:00 → 2026-03-24 15:10:00]
2026-03-26 06:40:16,196 | INFO | ✅ record_5m done [15:05 → 15:10]
2026-03-26 06:40:16,197 | INFO | ✅ record_5m aggregated [2026-03-24 15:05:00 → 2026-03-24 15:10:00]
2026-03-26 06:40:16,197 | INFO |   ✅ (182/288) [15:05 → 15:10]
2026-03-26 06:40:16,237 | INFO | 📊 Aggregating vehicle_pass → record [2026-03-24 15:10:00 → 2026-03-24 15:15:00]
2026-03-26 06:40:16,252 | INFO | ✅ record_5m done [15:10 → 15:15]
2026-03-26 06:40:16,253 | INFO | ✅ record_5m aggregated [2026-03-24 15:10:00 → 2026-03-24 15:15:00]
2026-03-26 06:40:16,253 | INFO |   ✅ (183/288) [15:10 → 15:15]
2026-03-26 06:40:16,292 | INFO | 📊 Aggregating vehicle_pass → record [2026-03-24 15:15:00 → 2026-03-24 15:20:00]
2026-03-26 06:40:16,310 | INFO | ✅ record_5m done [15:15 → 15:20]
2026-03-26 06:40:16,311 | INFO | ✅ record_5m aggregated [2026-03-24 15:15:00 → 2026-03-24 15:20:00]
2026-03-26 06:40:16,311 | INFO |   ✅ (184/288) [15:15 → 15:20]
2026-03-26 06:40:16,352 | INFO | 📊 Aggregating vehicle_pass → record [2026-03-24 15:20:00 → 2026-03-24 15:25:00]
2026-03-26 06:40:16,374 | INFO | ✅ record_5m done [15:20 → 15:25]
2026-03-26 06:40:16,374 | INFO | ✅ record_5m aggregated [2026-03-24 15:20:00 → 2026-03-24 15:25:00]
2026-03-26 06:40:16,374 | INFO |   ✅ (185/288) [15:20 → 15:25]
2026-03-26 06:40:16,426 | INFO | 📊 Aggregating vehicle_pass → record [2026-03-24 15:25:00 → 2026-03-24 15:30:00]
2026-03-26 06:40:16,458 | INFO | ✅ record_5m done [15:25 → 15:30]
2026-03-26 06:40:16,458 | INFO | ✅ record_5m aggregated [2026-03-24 15:25:00 → 2026-03-24 15:30:00]
2026-03-26 06:40:16,458 | INFO |   ✅ (186/288) [15:25 → 15:30]
2026-03-26 06:40:16,605 | INFO | 📊 Aggregating vehicle_pass → record [2026-03-24 15:30:00 → 2026-03-24 15:35:00]
2026-03-26 06:40:16,631 | INFO | ✅ record_5m done [15:30 → 15:35]
2026-03-26 06:40:16,631 | INFO | ✅ record_5m aggregated [2026-03-24 15:30:00 → 2026-03-24 15:35:00]
2026-03-26 06:40:16,631 | INFO |   ✅ (187/288) [15:30 → 15:35]
2026-03-26 06:40:16,678 | INFO | 📊 Aggregating vehicle_pass → record [2026-03-24 15:35:00 → 2026-03-24 15:40:00]
2026-03-26 06:40:16,696 | INFO | ✅ record_5m done [15:35 → 15:40]
2026-03-26 06:40:16,697 | INFO | ✅ record_5m aggregated [2026-03-24 15:35:00 → 2026-03-24 15:40:00]
2026-03-26 06:40:16,697 | INFO |   ✅ (188/288) [15:35 → 15:40]
2026-03-26 06:40:16,763 | INFO | 📊 Aggregating vehicle_pass → record [2026-03-24 15:40:00 → 2026-03-24 15:45:00]
2026-03-26 06:40:16,786 | INFO | ✅ record_5m done [15:40 → 15:45]
2026-03-26 06:40:16,787 | INFO | ✅ record_5m aggregated [2026-03-24 15:40:00 → 2026-03-24 15:45:00]
2026-03-26 06:40:16,787 | INFO |   ✅ (189/288) [15:40 → 15:45]
2026-03-26 06:40:16,843 | INFO | 📊 Aggregating vehicle_pass → record [2026-03-24 15:45:00 → 2026-03-24 15:50:00]
2026-03-26 06:40:16,860 | INFO | ✅ record_5m done [15:45 → 15:50]
2026-03-26 06:40:16,861 | INFO | ✅ record_5m aggregated [2026-03-24 15:45:00 → 2026-03-24 15:50:00]
2026-03-26 06:40:16,861 | INFO |   ✅ (190/288) [15:45 → 15:50]
2026-03-26 06:40:17,008 | INFO | 📊 Aggregating vehicle_pass → record [2026-03-24 15:50:00 → 2026-03-24 15:55:00]
2026-03-26 06:40:17,030 | INFO | ✅ record_5m done [15:50 → 15:55]
2026-03-26 06:40:17,031 | INFO | ✅ record_5m aggregated [2026-03-24 15:50:00 → 2026-03-24 15:55:00]
2026-03-26 06:40:17,031 | INFO |   ✅ (191/288) [15:50 → 15:55]
2026-03-26 06:40:17,172 | INFO | 📊 Aggregating vehicle_pass → record [2026-03-24 15:55:00 → 2026-03-24 16:00:00]
2026-03-26 06:40:17,188 | INFO | ✅ record_5m done [15:55 → 16:00]
2026-03-26 06:40:17,189 | INFO | ✅ record_5m aggregated [2026-03-24 15:55:00 → 2026-03-24 16:00:00]
2026-03-26 06:40:17,189 | INFO |   ✅ (192/288) [15:55 → 16:00]
2026-03-26 06:40:17,241 | INFO | 📊 Aggregating vehicle_pass → record [2026-03-24 16:00:00 → 2026-03-24 16:05:00]
2026-03-26 06:40:17,266 | INFO | ✅ record_5m done [16:00 → 16:05]
2026-03-26 06:40:17,266 | INFO | ✅ record_5m aggregated [2026-03-24 16:00:00 → 2026-03-24 16:05:00]
2026-03-26 06:40:17,267 | INFO |   ✅ (193/288) [16:00 → 16:05]
2026-03-26 06:40:17,313 | INFO | 📊 Aggregating vehicle_pass → record [2026-03-24 16:05:00 → 2026-03-24 16:10:00]
2026-03-26 06:40:17,332 | INFO | ✅ record_5m done [16:05 → 16:10]
2026-03-26 06:40:17,333 | INFO | ✅ record_5m aggregated [2026-03-24 16:05:00 → 2026-03-24 16:10:00]
2026-03-26 06:40:17,333 | INFO |   ✅ (194/288) [16:05 → 16:10]
2026-03-26 06:40:17,381 | INFO | 📊 Aggregating vehicle_pass → record [2026-03-24 16:10:00 → 2026-03-24 16:15:00]
2026-03-26 06:40:17,399 | INFO | ✅ record_5m done [16:10 → 16:15]
2026-03-26 06:40:17,399 | INFO | ✅ record_5m aggregated [2026-03-24 16:10:00 → 2026-03-24 16:15:00]
2026-03-26 06:40:17,400 | INFO |   ✅ (195/288) [16:10 → 16:15]
2026-03-26 06:40:17,447 | INFO | 📊 Aggregating vehicle_pass → record [2026-03-24 16:15:00 → 2026-03-24 16:20:00]
2026-03-26 06:40:17,472 | INFO | ✅ record_5m done [16:15 → 16:20]
2026-03-26 06:40:17,472 | INFO | ✅ record_5m aggregated [2026-03-24 16:15:00 → 2026-03-24 16:20:00]
2026-03-26 06:40:17,473 | INFO |   ✅ (196/288) [16:15 → 16:20]
2026-03-26 06:40:17,622 | INFO | 📊 Aggregating vehicle_pass → record [2026-03-24 16:20:00 → 2026-03-24 16:25:00]
2026-03-26 06:40:17,639 | INFO | ✅ record_5m done [16:20 → 16:25]
2026-03-26 06:40:17,639 | INFO | ✅ record_5m aggregated [2026-03-24 16:20:00 → 2026-03-24 16:25:00]
2026-03-26 06:40:17,640 | INFO |   ✅ (197/288) [16:20 → 16:25]
2026-03-26 06:40:17,684 | INFO | 📊 Aggregating vehicle_pass → record [2026-03-24 16:25:00 → 2026-03-24 16:30:00]
2026-03-26 06:40:17,702 | INFO | ✅ record_5m done [16:25 → 16:30]
2026-03-26 06:40:17,702 | INFO | ✅ record_5m aggregated [2026-03-24 16:25:00 → 2026-03-24 16:30:00]
2026-03-26 06:40:17,702 | INFO |   ✅ (198/288) [16:25 → 16:30]
2026-03-26 06:40:17,750 | INFO | 📊 Aggregating vehicle_pass → record [2026-03-24 16:30:00 → 2026-03-24 16:35:00]
2026-03-26 06:40:17,770 | INFO | ✅ record_5m done [16:30 → 16:35]
2026-03-26 06:40:17,770 | INFO | ✅ record_5m aggregated [2026-03-24 16:30:00 → 2026-03-24 16:35:00]
2026-03-26 06:40:17,770 | INFO |   ✅ (199/288) [16:30 → 16:35]
2026-03-26 06:40:17,818 | INFO | 📊 Aggregating vehicle_pass → record [2026-03-24 16:35:00 → 2026-03-24 16:40:00]
2026-03-26 06:40:17,838 | INFO | ✅ record_5m done [16:35 → 16:40]
2026-03-26 06:40:17,838 | INFO | ✅ record_5m aggregated [2026-03-24 16:35:00 → 2026-03-24 16:40:00]
2026-03-26 06:40:17,839 | INFO |   ✅ (200/288) [16:35 → 16:40]
2026-03-26 06:40:17,884 | INFO | 📊 Aggregating vehicle_pass → record [2026-03-24 16:40:00 → 2026-03-24 16:45:00]
2026-03-26 06:40:17,906 | INFO | ✅ record_5m done [16:40 → 16:45]
2026-03-26 06:40:17,907 | INFO | ✅ record_5m aggregated [2026-03-24 16:40:00 → 2026-03-24 16:45:00]
2026-03-26 06:40:17,907 | INFO |   ✅ (201/288) [16:40 → 16:45]
2026-03-26 06:40:17,959 | INFO | 📊 Aggregating vehicle_pass → record [2026-03-24 16:45:00 → 2026-03-24 16:50:00]
2026-03-26 06:40:17,981 | INFO | ✅ record_5m done [16:45 → 16:50]
2026-03-26 06:40:17,982 | INFO | ✅ record_5m aggregated [2026-03-24 16:45:00 → 2026-03-24 16:50:00]
2026-03-26 06:40:17,982 | INFO |   ✅ (202/288) [16:45 → 16:50]
2026-03-26 06:40:18,027 | INFO | 📊 Aggregating vehicle_pass → record [2026-03-24 16:50:00 → 2026-03-24 16:55:00]
2026-03-26 06:40:18,045 | INFO | ✅ record_5m done [16:50 → 16:55]
2026-03-26 06:40:18,045 | INFO | ✅ record_5m aggregated [2026-03-24 16:50:00 → 2026-03-24 16:55:00]
2026-03-26 06:40:18,046 | INFO |   ✅ (203/288) [16:50 → 16:55]
2026-03-26 06:40:18,187 | INFO | 📊 Aggregating vehicle_pass → record [2026-03-24 16:55:00 → 2026-03-24 17:00:00]
2026-03-26 06:40:18,208 | INFO | ✅ record_5m done [16:55 → 17:00]
2026-03-26 06:40:18,208 | INFO | ✅ record_5m aggregated [2026-03-24 16:55:00 → 2026-03-24 17:00:00]
2026-03-26 06:40:18,209 | INFO |   ✅ (204/288) [16:55 → 17:00]
2026-03-26 06:40:18,253 | INFO | 📊 Aggregating vehicle_pass → record [2026-03-24 17:00:00 → 2026-03-24 17:05:00]
2026-03-26 06:40:18,270 | INFO | ✅ record_5m done [17:00 → 17:05]
2026-03-26 06:40:18,271 | INFO | ✅ record_5m aggregated [2026-03-24 17:00:00 → 2026-03-24 17:05:00]
2026-03-26 06:40:18,271 | INFO |   ✅ (205/288) [17:00 → 17:05]
2026-03-26 06:40:18,429 | INFO | 📊 Aggregating vehicle_pass → record [2026-03-24 17:05:00 → 2026-03-24 17:10:00]
2026-03-26 06:40:18,447 | INFO | ✅ record_5m done [17:05 → 17:10]
2026-03-26 06:40:18,448 | INFO | ✅ record_5m aggregated [2026-03-24 17:05:00 → 2026-03-24 17:10:00]
2026-03-26 06:40:18,448 | INFO |   ✅ (206/288) [17:05 → 17:10]
2026-03-26 06:40:18,491 | INFO | 📊 Aggregating vehicle_pass → record [2026-03-24 17:10:00 → 2026-03-24 17:15:00]
2026-03-26 06:40:18,508 | INFO | ✅ record_5m done [17:10 → 17:15]
2026-03-26 06:40:18,508 | INFO | ✅ record_5m aggregated [2026-03-24 17:10:00 → 2026-03-24 17:15:00]
2026-03-26 06:40:18,508 | INFO |   ✅ (207/288) [17:10 → 17:15]
2026-03-26 06:40:18,562 | INFO | 📊 Aggregating vehicle_pass → record [2026-03-24 17:15:00 → 2026-03-24 17:20:00]
2026-03-26 06:40:18,581 | INFO | ✅ record_5m done [17:15 → 17:20]
2026-03-26 06:40:18,581 | INFO | ✅ record_5m aggregated [2026-03-24 17:15:00 → 2026-03-24 17:20:00]
2026-03-26 06:40:18,581 | INFO |   ✅ (208/288) [17:15 → 17:20]
2026-03-26 06:40:18,636 | INFO | 📊 Aggregating vehicle_pass → record [2026-03-24 17:20:00 → 2026-03-24 17:25:00]
2026-03-26 06:40:18,657 | INFO | ✅ record_5m done [17:20 → 17:25]
2026-03-26 06:40:18,658 | INFO | ✅ record_5m aggregated [2026-03-24 17:20:00 → 2026-03-24 17:25:00]
2026-03-26 06:40:18,658 | INFO |   ✅ (209/288) [17:20 → 17:25]
2026-03-26 06:40:18,700 | INFO | 📊 Aggregating vehicle_pass → record [2026-03-24 17:25:00 → 2026-03-24 17:30:00]
2026-03-26 06:40:18,715 | INFO | ✅ record_5m done [17:25 → 17:30]
2026-03-26 06:40:18,716 | INFO | ✅ record_5m aggregated [2026-03-24 17:25:00 → 2026-03-24 17:30:00]
2026-03-26 06:40:18,716 | INFO |   ✅ (210/288) [17:25 → 17:30]
2026-03-26 06:40:18,862 | INFO | 📊 Aggregating vehicle_pass → record [2026-03-24 17:30:00 → 2026-03-24 17:35:00]
2026-03-26 06:40:18,881 | INFO | ✅ record_5m done [17:30 → 17:35]
2026-03-26 06:40:18,882 | INFO | ✅ record_5m aggregated [2026-03-24 17:30:00 → 2026-03-24 17:35:00]
2026-03-26 06:40:18,882 | INFO |   ✅ (211/288) [17:30 → 17:35]
2026-03-26 06:40:18,961 | INFO | 📊 Aggregating vehicle_pass → record [2026-03-24 17:35:00 → 2026-03-24 17:40:00]
2026-03-26 06:40:19,068 | INFO | ✅ record_5m done [17:35 → 17:40]
2026-03-26 06:40:19,069 | INFO | ✅ record_5m aggregated [2026-03-24 17:35:00 → 2026-03-24 17:40:00]
2026-03-26 06:40:19,069 | INFO |   ✅ (212/288) [17:35 → 17:40]
2026-03-26 06:40:19,118 | INFO | 📊 Aggregating vehicle_pass → record [2026-03-24 17:40:00 → 2026-03-24 17:45:00]
2026-03-26 06:40:19,134 | INFO | ✅ record_5m done [17:40 → 17:45]
2026-03-26 06:40:19,134 | INFO | ✅ record_5m aggregated [2026-03-24 17:40:00 → 2026-03-24 17:45:00]
2026-03-26 06:40:19,135 | INFO |   ✅ (213/288) [17:40 → 17:45]
2026-03-26 06:40:19,284 | INFO | 📊 Aggregating vehicle_pass → record [2026-03-24 17:45:00 → 2026-03-24 17:50:00]
2026-03-26 06:40:19,302 | INFO | ✅ record_5m done [17:45 → 17:50]
2026-03-26 06:40:19,302 | INFO | ✅ record_5m aggregated [2026-03-24 17:45:00 → 2026-03-24 17:50:00]
2026-03-26 06:40:19,302 | INFO |   ✅ (214/288) [17:45 → 17:50]
2026-03-26 06:40:19,462 | INFO | 📊 Aggregating vehicle_pass → record [2026-03-24 17:50:00 → 2026-03-24 17:55:00]
2026-03-26 06:40:19,484 | INFO | ✅ record_5m done [17:50 → 17:55]
2026-03-26 06:40:19,485 | INFO | ✅ record_5m aggregated [2026-03-24 17:50:00 → 2026-03-24 17:55:00]
2026-03-26 06:40:19,485 | INFO |   ✅ (215/288) [17:50 → 17:55]
2026-03-26 06:40:19,529 | INFO | 📊 Aggregating vehicle_pass → record [2026-03-24 17:55:00 → 2026-03-24 18:00:00]
2026-03-26 06:40:19,548 | INFO | ✅ record_5m done [17:55 → 18:00]
2026-03-26 06:40:19,549 | INFO | ✅ record_5m aggregated [2026-03-24 17:55:00 → 2026-03-24 18:00:00]
2026-03-26 06:40:19,550 | INFO |   ✅ (216/288) [17:55 → 18:00]
2026-03-26 06:40:19,602 | INFO | 📊 Aggregating vehicle_pass → record [2026-03-24 18:00:00 → 2026-03-24 18:05:00]
2026-03-26 06:40:19,624 | INFO | ✅ record_5m done [18:00 → 18:05]
2026-03-26 06:40:19,626 | INFO | ✅ record_5m aggregated [2026-03-24 18:00:00 → 2026-03-24 18:05:00]
2026-03-26 06:40:19,626 | INFO |   ✅ (217/288) [18:00 → 18:05]
2026-03-26 06:40:19,679 | INFO | 📊 Aggregating vehicle_pass → record [2026-03-24 18:05:00 → 2026-03-24 18:10:00]
2026-03-26 06:40:19,697 | INFO | ✅ record_5m done [18:05 → 18:10]
2026-03-26 06:40:19,698 | INFO | ✅ record_5m aggregated [2026-03-24 18:05:00 → 2026-03-24 18:10:00]
2026-03-26 06:40:19,698 | INFO |   ✅ (218/288) [18:05 → 18:10]
2026-03-26 06:40:19,857 | INFO | 📊 Aggregating vehicle_pass → record [2026-03-24 18:10:00 → 2026-03-24 18:15:00]
2026-03-26 06:40:19,878 | INFO | ✅ record_5m done [18:10 → 18:15]
2026-03-26 06:40:19,879 | INFO | ✅ record_5m aggregated [2026-03-24 18:10:00 → 2026-03-24 18:15:00]
2026-03-26 06:40:19,879 | INFO |   ✅ (219/288) [18:10 → 18:15]
2026-03-26 06:40:19,930 | INFO | 📊 Aggregating vehicle_pass → record [2026-03-24 18:15:00 → 2026-03-24 18:20:00]
2026-03-26 06:40:19,958 | INFO | ✅ record_5m done [18:15 → 18:20]
2026-03-26 06:40:19,959 | INFO | ✅ record_5m aggregated [2026-03-24 18:15:00 → 2026-03-24 18:20:00]
2026-03-26 06:40:19,959 | INFO |   ✅ (220/288) [18:15 → 18:20]
2026-03-26 06:40:20,007 | INFO | 📊 Aggregating vehicle_pass → record [2026-03-24 18:20:00 → 2026-03-24 18:25:00]
2026-03-26 06:40:20,027 | INFO | ✅ record_5m done [18:20 → 18:25]
2026-03-26 06:40:20,028 | INFO | ✅ record_5m aggregated [2026-03-24 18:20:00 → 2026-03-24 18:25:00]
2026-03-26 06:40:20,028 | INFO |   ✅ (221/288) [18:20 → 18:25]
2026-03-26 06:40:20,088 | INFO | 📊 Aggregating vehicle_pass → record [2026-03-24 18:25:00 → 2026-03-24 18:30:00]
2026-03-26 06:40:20,133 | INFO | ✅ record_5m done [18:25 → 18:30]
2026-03-26 06:40:20,134 | INFO | ✅ record_5m aggregated [2026-03-24 18:25:00 → 2026-03-24 18:30:00]
2026-03-26 06:40:20,134 | INFO |   ✅ (222/288) [18:25 → 18:30]
2026-03-26 06:40:20,193 | INFO | 📊 Aggregating vehicle_pass → record [2026-03-24 18:30:00 → 2026-03-24 18:35:00]
2026-03-26 06:40:20,226 | INFO | ✅ record_5m done [18:30 → 18:35]
2026-03-26 06:40:20,227 | INFO | ✅ record_5m aggregated [2026-03-24 18:30:00 → 2026-03-24 18:35:00]
2026-03-26 06:40:20,228 | INFO |   ✅ (223/288) [18:30 → 18:35]
2026-03-26 06:40:20,286 | INFO | 📊 Aggregating vehicle_pass → record [2026-03-24 18:35:00 → 2026-03-24 18:40:00]
2026-03-26 06:40:20,307 | INFO | ✅ record_5m done [18:35 → 18:40]
2026-03-26 06:40:20,307 | INFO | ✅ record_5m aggregated [2026-03-24 18:35:00 → 2026-03-24 18:40:00]
2026-03-26 06:40:20,308 | INFO |   ✅ (224/288) [18:35 → 18:40]
2026-03-26 06:40:20,358 | INFO | 📊 Aggregating vehicle_pass → record [2026-03-24 18:40:00 → 2026-03-24 18:45:00]
2026-03-26 06:40:20,382 | INFO | ✅ record_5m done [18:40 → 18:45]
2026-03-26 06:40:20,383 | INFO | ✅ record_5m aggregated [2026-03-24 18:40:00 → 2026-03-24 18:45:00]
2026-03-26 06:40:20,384 | INFO |   ✅ (225/288) [18:40 → 18:45]
2026-03-26 06:40:20,449 | INFO | 📊 Aggregating vehicle_pass → record [2026-03-24 18:45:00 → 2026-03-24 18:50:00]
2026-03-26 06:40:20,471 | INFO | ✅ record_5m done [18:45 → 18:50]
2026-03-26 06:40:20,472 | INFO | ✅ record_5m aggregated [2026-03-24 18:45:00 → 2026-03-24 18:50:00]
2026-03-26 06:40:20,472 | INFO |   ✅ (226/288) [18:45 → 18:50]
2026-03-26 06:40:20,527 | INFO | 📊 Aggregating vehicle_pass → record [2026-03-24 18:50:00 → 2026-03-24 18:55:00]
2026-03-26 06:40:20,559 | INFO | ✅ record_5m done [18:50 → 18:55]
2026-03-26 06:40:20,565 | INFO | ✅ record_5m aggregated [2026-03-24 18:50:00 → 2026-03-24 18:55:00]
2026-03-26 06:40:20,566 | INFO |   ✅ (227/288) [18:50 → 18:55]
2026-03-26 06:40:20,635 | INFO | 📊 Aggregating vehicle_pass → record [2026-03-24 18:55:00 → 2026-03-24 19:00:00]
2026-03-26 06:40:20,669 | INFO | ✅ record_5m done [18:55 → 19:00]
2026-03-26 06:40:20,669 | INFO | ✅ record_5m aggregated [2026-03-24 18:55:00 → 2026-03-24 19:00:00]
2026-03-26 06:40:20,670 | INFO |   ✅ (228/288) [18:55 → 19:00]
2026-03-26 06:40:20,823 | INFO | 📊 Aggregating vehicle_pass → record [2026-03-24 19:00:00 → 2026-03-24 19:05:00]
2026-03-26 06:40:20,846 | INFO | ✅ record_5m done [19:00 → 19:05]
2026-03-26 06:40:20,847 | INFO | ✅ record_5m aggregated [2026-03-24 19:00:00 → 2026-03-24 19:05:00]
2026-03-26 06:40:20,847 | INFO |   ✅ (229/288) [19:00 → 19:05]
2026-03-26 06:40:21,007 | INFO | 📊 Aggregating vehicle_pass → record [2026-03-24 19:05:00 → 2026-03-24 19:10:00]
2026-03-26 06:40:21,032 | INFO | ✅ record_5m done [19:05 → 19:10]
2026-03-26 06:40:21,034 | INFO | ✅ record_5m aggregated [2026-03-24 19:05:00 → 2026-03-24 19:10:00]
2026-03-26 06:40:21,035 | INFO |   ✅ (230/288) [19:05 → 19:10]
2026-03-26 06:40:21,091 | INFO | 📊 Aggregating vehicle_pass → record [2026-03-24 19:10:00 → 2026-03-24 19:15:00]
2026-03-26 06:40:21,108 | INFO | ✅ record_5m done [19:10 → 19:15]
2026-03-26 06:40:21,109 | INFO | ✅ record_5m aggregated [2026-03-24 19:10:00 → 2026-03-24 19:15:00]
2026-03-26 06:40:21,109 | INFO |   ✅ (231/288) [19:10 → 19:15]
2026-03-26 06:40:21,167 | INFO | 📊 Aggregating vehicle_pass → record [2026-03-24 19:15:00 → 2026-03-24 19:20:00]
2026-03-26 06:40:21,193 | INFO | ✅ record_5m done [19:15 → 19:20]
2026-03-26 06:40:21,194 | INFO | ✅ record_5m aggregated [2026-03-24 19:15:00 → 2026-03-24 19:20:00]
2026-03-26 06:40:21,195 | INFO |   ✅ (232/288) [19:15 → 19:20]
2026-03-26 06:40:21,256 | INFO | 📊 Aggregating vehicle_pass → record [2026-03-24 19:20:00 → 2026-03-24 19:25:00]
2026-03-26 06:40:21,285 | INFO | ✅ record_5m done [19:20 → 19:25]
2026-03-26 06:40:21,285 | INFO | ✅ record_5m aggregated [2026-03-24 19:20:00 → 2026-03-24 19:25:00]
2026-03-26 06:40:21,286 | INFO |   ✅ (233/288) [19:20 → 19:25]
2026-03-26 06:40:21,361 | INFO | 📊 Aggregating vehicle_pass → record [2026-03-24 19:25:00 → 2026-03-24 19:30:00]
2026-03-26 06:40:21,389 | INFO | ✅ record_5m done [19:25 → 19:30]
2026-03-26 06:40:21,390 | INFO | ✅ record_5m aggregated [2026-03-24 19:25:00 → 2026-03-24 19:30:00]
2026-03-26 06:40:21,390 | INFO |   ✅ (234/288) [19:25 → 19:30]
2026-03-26 06:40:21,458 | INFO | 📊 Aggregating vehicle_pass → record [2026-03-24 19:30:00 → 2026-03-24 19:35:00]
2026-03-26 06:40:21,488 | INFO | ✅ record_5m done [19:30 → 19:35]
2026-03-26 06:40:21,490 | INFO | ✅ record_5m aggregated [2026-03-24 19:30:00 → 2026-03-24 19:35:00]
2026-03-26 06:40:21,491 | INFO |   ✅ (235/288) [19:30 → 19:35]
2026-03-26 06:40:21,543 | INFO | 📊 Aggregating vehicle_pass → record [2026-03-24 19:35:00 → 2026-03-24 19:40:00]
2026-03-26 06:40:21,582 | INFO | ✅ record_5m done [19:35 → 19:40]
2026-03-26 06:40:21,582 | INFO | ✅ record_5m aggregated [2026-03-24 19:35:00 → 2026-03-24 19:40:00]
2026-03-26 06:40:21,583 | INFO |   ✅ (236/288) [19:35 → 19:40]
2026-03-26 06:40:21,638 | INFO | 📊 Aggregating vehicle_pass → record [2026-03-24 19:40:00 → 2026-03-24 19:45:00]
2026-03-26 06:40:21,659 | INFO | ✅ record_5m done [19:40 → 19:45]
2026-03-26 06:40:21,660 | INFO | ✅ record_5m aggregated [2026-03-24 19:40:00 → 2026-03-24 19:45:00]
2026-03-26 06:40:21,660 | INFO |   ✅ (237/288) [19:40 → 19:45]
2026-03-26 06:40:21,710 | INFO | 📊 Aggregating vehicle_pass → record [2026-03-24 19:45:00 → 2026-03-24 19:50:00]
2026-03-26 06:40:21,725 | INFO | ✅ record_5m done [19:45 → 19:50]
2026-03-26 06:40:21,726 | INFO | ✅ record_5m aggregated [2026-03-24 19:45:00 → 2026-03-24 19:50:00]
2026-03-26 06:40:21,727 | INFO |   ✅ (238/288) [19:45 → 19:50]
2026-03-26 06:40:21,772 | INFO | 📊 Aggregating vehicle_pass → record [2026-03-24 19:50:00 → 2026-03-24 19:55:00]
2026-03-26 06:40:21,790 | INFO | ✅ record_5m done [19:50 → 19:55]
2026-03-26 06:40:21,791 | INFO | ✅ record_5m aggregated [2026-03-24 19:50:00 → 2026-03-24 19:55:00]
2026-03-26 06:40:21,791 | INFO |   ✅ (239/288) [19:50 → 19:55]
2026-03-26 06:40:21,845 | INFO | 📊 Aggregating vehicle_pass → record [2026-03-24 19:55:00 → 2026-03-24 20:00:00]
2026-03-26 06:40:21,869 | INFO | ✅ record_5m done [19:55 → 20:00]
2026-03-26 06:40:21,870 | INFO | ✅ record_5m aggregated [2026-03-24 19:55:00 → 2026-03-24 20:00:00]
2026-03-26 06:40:21,871 | INFO |   ✅ (240/288) [19:55 → 20:00]
2026-03-26 06:40:22,025 | INFO | 📊 Aggregating vehicle_pass → record [2026-03-24 20:00:00 → 2026-03-24 20:05:00]
2026-03-26 06:40:22,044 | INFO | ✅ record_5m done [20:00 → 20:05]
2026-03-26 06:40:22,045 | INFO | ✅ record_5m aggregated [2026-03-24 20:00:00 → 2026-03-24 20:05:00]
2026-03-26 06:40:22,046 | INFO |   ✅ (241/288) [20:00 → 20:05]
2026-03-26 06:40:22,093 | INFO | 📊 Aggregating vehicle_pass → record [2026-03-24 20:05:00 → 2026-03-24 20:10:00]
2026-03-26 06:40:22,109 | INFO | ✅ record_5m done [20:05 → 20:10]
2026-03-26 06:40:22,109 | INFO | ✅ record_5m aggregated [2026-03-24 20:05:00 → 2026-03-24 20:10:00]
2026-03-26 06:40:22,109 | INFO |   ✅ (242/288) [20:05 → 20:10]
2026-03-26 06:40:22,159 | INFO | 📊 Aggregating vehicle_pass → record [2026-03-24 20:10:00 → 2026-03-24 20:15:00]
2026-03-26 06:40:22,180 | INFO | ✅ record_5m done [20:10 → 20:15]
2026-03-26 06:40:22,181 | INFO | ✅ record_5m aggregated [2026-03-24 20:10:00 → 2026-03-24 20:15:00]
2026-03-26 06:40:22,181 | INFO |   ✅ (243/288) [20:10 → 20:15]
2026-03-26 06:40:22,229 | INFO | 📊 Aggregating vehicle_pass → record [2026-03-24 20:15:00 → 2026-03-24 20:20:00]
2026-03-26 06:40:22,253 | INFO | ✅ record_5m done [20:15 → 20:20]
2026-03-26 06:40:22,255 | INFO | ✅ record_5m aggregated [2026-03-24 20:15:00 → 2026-03-24 20:20:00]
2026-03-26 06:40:22,255 | INFO |   ✅ (244/288) [20:15 → 20:20]
2026-03-26 06:40:22,401 | INFO | 📊 Aggregating vehicle_pass → record [2026-03-24 20:20:00 → 2026-03-24 20:25:00]
2026-03-26 06:40:22,419 | INFO | ✅ record_5m done [20:20 → 20:25]
2026-03-26 06:40:22,420 | INFO | ✅ record_5m aggregated [2026-03-24 20:20:00 → 2026-03-24 20:25:00]
2026-03-26 06:40:22,420 | INFO |   ✅ (245/288) [20:20 → 20:25]
2026-03-26 06:40:22,570 | INFO | 📊 Aggregating vehicle_pass → record [2026-03-24 20:25:00 → 2026-03-24 20:30:00]
2026-03-26 06:40:22,590 | INFO | ✅ record_5m done [20:25 → 20:30]
2026-03-26 06:40:22,591 | INFO | ✅ record_5m aggregated [2026-03-24 20:25:00 → 2026-03-24 20:30:00]
2026-03-26 06:40:22,592 | INFO |   ✅ (246/288) [20:25 → 20:30]
2026-03-26 06:40:22,646 | INFO | 📊 Aggregating vehicle_pass → record [2026-03-24 20:30:00 → 2026-03-24 20:35:00]
2026-03-26 06:40:22,669 | INFO | ✅ record_5m done [20:30 → 20:35]
2026-03-26 06:40:22,669 | INFO | ✅ record_5m aggregated [2026-03-24 20:30:00 → 2026-03-24 20:35:00]
2026-03-26 06:40:22,670 | INFO |   ✅ (247/288) [20:30 → 20:35]
2026-03-26 06:40:22,729 | INFO | 📊 Aggregating vehicle_pass → record [2026-03-24 20:35:00 → 2026-03-24 20:40:00]
2026-03-26 06:40:22,754 | INFO | ✅ record_5m done [20:35 → 20:40]
2026-03-26 06:40:22,755 | INFO | ✅ record_5m aggregated [2026-03-24 20:35:00 → 2026-03-24 20:40:00]
2026-03-26 06:40:22,755 | INFO |   ✅ (248/288) [20:35 → 20:40]
2026-03-26 06:40:22,815 | INFO | 📊 Aggregating vehicle_pass → record [2026-03-24 20:40:00 → 2026-03-24 20:45:00]
2026-03-26 06:40:22,837 | INFO | ✅ record_5m done [20:40 → 20:45]
2026-03-26 06:40:22,838 | INFO | ✅ record_5m aggregated [2026-03-24 20:40:00 → 2026-03-24 20:45:00]
2026-03-26 06:40:22,838 | INFO |   ✅ (249/288) [20:40 → 20:45]
2026-03-26 06:40:22,995 | INFO | 📊 Aggregating vehicle_pass → record [2026-03-24 20:45:00 → 2026-03-24 20:50:00]
2026-03-26 06:40:23,018 | INFO | ✅ record_5m done [20:45 → 20:50]
2026-03-26 06:40:23,019 | INFO | ✅ record_5m aggregated [2026-03-24 20:45:00 → 2026-03-24 20:50:00]
2026-03-26 06:40:23,019 | INFO |   ✅ (250/288) [20:45 → 20:50]
2026-03-26 06:40:23,169 | INFO | 📊 Aggregating vehicle_pass → record [2026-03-24 20:50:00 → 2026-03-24 20:55:00]
2026-03-26 06:40:23,192 | INFO | ✅ record_5m done [20:50 → 20:55]
2026-03-26 06:40:23,192 | INFO | ✅ record_5m aggregated [2026-03-24 20:50:00 → 2026-03-24 20:55:00]
2026-03-26 06:40:23,193 | INFO |   ✅ (251/288) [20:50 → 20:55]
2026-03-26 06:40:23,247 | INFO | 📊 Aggregating vehicle_pass → record [2026-03-24 20:55:00 → 2026-03-24 21:00:00]
2026-03-26 06:40:23,268 | INFO | ✅ record_5m done [20:55 → 21:00]
2026-03-26 06:40:23,269 | INFO | ✅ record_5m aggregated [2026-03-24 20:55:00 → 2026-03-24 21:00:00]
2026-03-26 06:40:23,269 | INFO |   ✅ (252/288) [20:55 → 21:00]
2026-03-26 06:40:23,322 | INFO | 📊 Aggregating vehicle_pass → record [2026-03-24 21:00:00 → 2026-03-24 21:05:00]
2026-03-26 06:40:23,344 | INFO | ✅ record_5m done [21:00 → 21:05]
2026-03-26 06:40:23,345 | INFO | ✅ record_5m aggregated [2026-03-24 21:00:00 → 2026-03-24 21:05:00]
2026-03-26 06:40:23,345 | INFO |   ✅ (253/288) [21:00 → 21:05]
2026-03-26 06:40:23,500 | INFO | 📊 Aggregating vehicle_pass → record [2026-03-24 21:05:00 → 2026-03-24 21:10:00]
2026-03-26 06:40:23,519 | INFO | ✅ record_5m done [21:05 → 21:10]
2026-03-26 06:40:23,519 | INFO | ✅ record_5m aggregated [2026-03-24 21:05:00 → 2026-03-24 21:10:00]
2026-03-26 06:40:23,520 | INFO |   ✅ (254/288) [21:05 → 21:10]
2026-03-26 06:40:23,579 | INFO | 📊 Aggregating vehicle_pass → record [2026-03-24 21:10:00 → 2026-03-24 21:15:00]
2026-03-26 06:40:23,600 | INFO | ✅ record_5m done [21:10 → 21:15]
2026-03-26 06:40:23,600 | INFO | ✅ record_5m aggregated [2026-03-24 21:10:00 → 2026-03-24 21:15:00]
2026-03-26 06:40:23,601 | INFO |   ✅ (255/288) [21:10 → 21:15]
2026-03-26 06:40:23,655 | INFO | 📊 Aggregating vehicle_pass → record [2026-03-24 21:15:00 → 2026-03-24 21:20:00]
2026-03-26 06:40:23,674 | INFO | ✅ record_5m done [21:15 → 21:20]
2026-03-26 06:40:23,674 | INFO | ✅ record_5m aggregated [2026-03-24 21:15:00 → 2026-03-24 21:20:00]
2026-03-26 06:40:23,675 | INFO |   ✅ (256/288) [21:15 → 21:20]
2026-03-26 06:40:23,733 | INFO | 📊 Aggregating vehicle_pass → record [2026-03-24 21:20:00 → 2026-03-24 21:25:00]
2026-03-26 06:40:23,756 | INFO | ✅ record_5m done [21:20 → 21:25]
2026-03-26 06:40:23,756 | INFO | ✅ record_5m aggregated [2026-03-24 21:20:00 → 2026-03-24 21:25:00]
2026-03-26 06:40:23,757 | INFO |   ✅ (257/288) [21:20 → 21:25]
2026-03-26 06:40:23,810 | INFO | 📊 Aggregating vehicle_pass → record [2026-03-24 21:25:00 → 2026-03-24 21:30:00]
2026-03-26 06:40:23,829 | INFO | ✅ record_5m done [21:25 → 21:30]
2026-03-26 06:40:23,830 | INFO | ✅ record_5m aggregated [2026-03-24 21:25:00 → 2026-03-24 21:30:00]
2026-03-26 06:40:23,831 | INFO |   ✅ (258/288) [21:25 → 21:30]
2026-03-26 06:40:23,908 | INFO | 📊 Aggregating vehicle_pass → record [2026-03-24 21:30:00 → 2026-03-24 21:35:00]
2026-03-26 06:40:23,963 | INFO | ✅ record_5m done [21:30 → 21:35]
2026-03-26 06:40:23,963 | INFO | ✅ record_5m aggregated [2026-03-24 21:30:00 → 2026-03-24 21:35:00]
2026-03-26 06:40:23,964 | INFO |   ✅ (259/288) [21:30 → 21:35]
2026-03-26 06:40:24,044 | INFO | 📊 Aggregating vehicle_pass → record [2026-03-24 21:35:00 → 2026-03-24 21:40:00]
2026-03-26 06:40:24,065 | INFO | ✅ record_5m done [21:35 → 21:40]
2026-03-26 06:40:24,066 | INFO | ✅ record_5m aggregated [2026-03-24 21:35:00 → 2026-03-24 21:40:00]
2026-03-26 06:40:24,066 | INFO |   ✅ (260/288) [21:35 → 21:40]
2026-03-26 06:40:24,125 | INFO | 📊 Aggregating vehicle_pass → record [2026-03-24 21:40:00 → 2026-03-24 21:45:00]
2026-03-26 06:40:24,153 | INFO | ✅ record_5m done [21:40 → 21:45]
2026-03-26 06:40:24,155 | INFO | ✅ record_5m aggregated [2026-03-24 21:40:00 → 2026-03-24 21:45:00]
2026-03-26 06:40:24,155 | INFO |   ✅ (261/288) [21:40 → 21:45]
2026-03-26 06:40:24,325 | INFO | 📊 Aggregating vehicle_pass → record [2026-03-24 21:45:00 → 2026-03-24 21:50:00]
2026-03-26 06:40:24,368 | INFO | ✅ record_5m done [21:45 → 21:50]
2026-03-26 06:40:24,369 | INFO | ✅ record_5m aggregated [2026-03-24 21:45:00 → 2026-03-24 21:50:00]
2026-03-26 06:40:24,369 | INFO |   ✅ (262/288) [21:45 → 21:50]
2026-03-26 06:40:24,435 | INFO | 📊 Aggregating vehicle_pass → record [2026-03-24 21:50:00 → 2026-03-24 21:55:00]
2026-03-26 06:40:24,470 | INFO | ✅ record_5m done [21:50 → 21:55]
2026-03-26 06:40:24,471 | INFO | ✅ record_5m aggregated [2026-03-24 21:50:00 → 2026-03-24 21:55:00]
2026-03-26 06:40:24,472 | INFO |   ✅ (263/288) [21:50 → 21:55]
2026-03-26 06:40:24,527 | INFO | 📊 Aggregating vehicle_pass → record [2026-03-24 21:55:00 → 2026-03-24 22:00:00]
2026-03-26 06:40:24,556 | INFO | ✅ record_5m done [21:55 → 22:00]
2026-03-26 06:40:24,557 | INFO | ✅ record_5m aggregated [2026-03-24 21:55:00 → 2026-03-24 22:00:00]
2026-03-26 06:40:24,557 | INFO |   ✅ (264/288) [21:55 → 22:00]
2026-03-26 06:40:24,616 | INFO | 📊 Aggregating vehicle_pass → record [2026-03-24 22:00:00 → 2026-03-24 22:05:00]
2026-03-26 06:40:24,637 | INFO | ✅ record_5m done [22:00 → 22:05]
2026-03-26 06:40:24,638 | INFO | ✅ record_5m aggregated [2026-03-24 22:00:00 → 2026-03-24 22:05:00]
2026-03-26 06:40:24,638 | INFO |   ✅ (265/288) [22:00 → 22:05]
2026-03-26 06:40:24,797 | INFO | 📊 Aggregating vehicle_pass → record [2026-03-24 22:05:00 → 2026-03-24 22:10:00]
2026-03-26 06:40:24,823 | INFO | ✅ record_5m done [22:05 → 22:10]
2026-03-26 06:40:24,824 | INFO | ✅ record_5m aggregated [2026-03-24 22:05:00 → 2026-03-24 22:10:00]
2026-03-26 06:40:24,824 | INFO |   ✅ (266/288) [22:05 → 22:10]
2026-03-26 06:40:24,884 | INFO | 📊 Aggregating vehicle_pass → record [2026-03-24 22:10:00 → 2026-03-24 22:15:00]
2026-03-26 06:40:24,924 | INFO | ✅ record_5m done [22:10 → 22:15]
2026-03-26 06:40:24,925 | INFO | ✅ record_5m aggregated [2026-03-24 22:10:00 → 2026-03-24 22:15:00]
2026-03-26 06:40:24,926 | INFO |   ✅ (267/288) [22:10 → 22:15]
2026-03-26 06:40:24,983 | INFO | 📊 Aggregating vehicle_pass → record [2026-03-24 22:15:00 → 2026-03-24 22:20:00]
2026-03-26 06:40:25,010 | INFO | ✅ record_5m done [22:15 → 22:20]
2026-03-26 06:40:25,011 | INFO | ✅ record_5m aggregated [2026-03-24 22:15:00 → 2026-03-24 22:20:00]
2026-03-26 06:40:25,011 | INFO |   ✅ (268/288) [22:15 → 22:20]
2026-03-26 06:40:25,066 | INFO | 📊 Aggregating vehicle_pass → record [2026-03-24 22:20:00 → 2026-03-24 22:25:00]
2026-03-26 06:40:25,086 | INFO | ✅ record_5m done [22:20 → 22:25]
2026-03-26 06:40:25,087 | INFO | ✅ record_5m aggregated [2026-03-24 22:20:00 → 2026-03-24 22:25:00]
2026-03-26 06:40:25,087 | INFO |   ✅ (269/288) [22:20 → 22:25]
2026-03-26 06:40:25,157 | INFO | 📊 Aggregating vehicle_pass → record [2026-03-24 22:25:00 → 2026-03-24 22:30:00]
2026-03-26 06:40:25,174 | INFO | ✅ record_5m done [22:25 → 22:30]
2026-03-26 06:40:25,175 | INFO | ✅ record_5m aggregated [2026-03-24 22:25:00 → 2026-03-24 22:30:00]
2026-03-26 06:40:25,175 | INFO |   ✅ (270/288) [22:25 → 22:30]
2026-03-26 06:40:25,328 | INFO | 📊 Aggregating vehicle_pass → record [2026-03-24 22:30:00 → 2026-03-24 22:35:00]
2026-03-26 06:40:25,356 | INFO | ✅ record_5m done [22:30 → 22:35]
2026-03-26 06:40:25,357 | INFO | ✅ record_5m aggregated [2026-03-24 22:30:00 → 2026-03-24 22:35:00]
2026-03-26 06:40:25,358 | INFO |   ✅ (271/288) [22:30 → 22:35]
2026-03-26 06:40:25,519 | INFO | 📊 Aggregating vehicle_pass → record [2026-03-24 22:35:00 → 2026-03-24 22:40:00]
2026-03-26 06:40:25,538 | INFO | ✅ record_5m done [22:35 → 22:40]
2026-03-26 06:40:25,539 | INFO | ✅ record_5m aggregated [2026-03-24 22:35:00 → 2026-03-24 22:40:00]
2026-03-26 06:40:25,539 | INFO |   ✅ (272/288) [22:35 → 22:40]
2026-03-26 06:40:25,595 | INFO | 📊 Aggregating vehicle_pass → record [2026-03-24 22:40:00 → 2026-03-24 22:45:00]
2026-03-26 06:40:25,614 | INFO | ✅ record_5m done [22:40 → 22:45]
2026-03-26 06:40:25,615 | INFO | ✅ record_5m aggregated [2026-03-24 22:40:00 → 2026-03-24 22:45:00]
2026-03-26 06:40:25,615 | INFO |   ✅ (273/288) [22:40 → 22:45]
2026-03-26 06:40:25,778 | INFO | 📊 Aggregating vehicle_pass → record [2026-03-24 22:45:00 → 2026-03-24 22:50:00]
2026-03-26 06:40:25,795 | INFO | ✅ record_5m done [22:45 → 22:50]
2026-03-26 06:40:25,796 | INFO | ✅ record_5m aggregated [2026-03-24 22:45:00 → 2026-03-24 22:50:00]
2026-03-26 06:40:25,797 | INFO |   ✅ (274/288) [22:45 → 22:50]
2026-03-26 06:40:25,950 | INFO | 📊 Aggregating vehicle_pass → record [2026-03-24 22:50:00 → 2026-03-24 22:55:00]
2026-03-26 06:40:25,975 | INFO | ✅ record_5m done [22:50 → 22:55]
2026-03-26 06:40:25,976 | INFO | ✅ record_5m aggregated [2026-03-24 22:50:00 → 2026-03-24 22:55:00]
2026-03-26 06:40:25,977 | INFO |   ✅ (275/288) [22:50 → 22:55]
2026-03-26 06:40:26,031 | INFO | 📊 Aggregating vehicle_pass → record [2026-03-24 22:55:00 → 2026-03-24 23:00:00]
2026-03-26 06:40:26,053 | INFO | ✅ record_5m done [22:55 → 23:00]
2026-03-26 06:40:26,053 | INFO | ✅ record_5m aggregated [2026-03-24 22:55:00 → 2026-03-24 23:00:00]
2026-03-26 06:40:26,054 | INFO |   ✅ (276/288) [22:55 → 23:00]
2026-03-26 06:40:26,108 | INFO | 📊 Aggregating vehicle_pass → record [2026-03-24 23:00:00 → 2026-03-24 23:05:00]
2026-03-26 06:40:26,127 | INFO | ✅ record_5m done [23:00 → 23:05]
2026-03-26 06:40:26,128 | INFO | ✅ record_5m aggregated [2026-03-24 23:00:00 → 2026-03-24 23:05:00]
2026-03-26 06:40:26,129 | INFO |   ✅ (277/288) [23:00 → 23:05]
2026-03-26 06:40:26,191 | INFO | 📊 Aggregating vehicle_pass → record [2026-03-24 23:05:00 → 2026-03-24 23:10:00]
2026-03-26 06:40:26,216 | INFO | ✅ record_5m done [23:05 → 23:10]
2026-03-26 06:40:26,217 | INFO | ✅ record_5m aggregated [2026-03-24 23:05:00 → 2026-03-24 23:10:00]
2026-03-26 06:40:26,217 | INFO |   ✅ (278/288) [23:05 → 23:10]
2026-03-26 06:40:26,285 | INFO | 📊 Aggregating vehicle_pass → record [2026-03-24 23:10:00 → 2026-03-24 23:15:00]
2026-03-26 06:40:26,306 | INFO | ✅ record_5m done [23:10 → 23:15]
2026-03-26 06:40:26,307 | INFO | ✅ record_5m aggregated [2026-03-24 23:10:00 → 2026-03-24 23:15:00]
2026-03-26 06:40:26,308 | INFO |   ✅ (279/288) [23:10 → 23:15]
2026-03-26 06:40:26,466 | INFO | 📊 Aggregating vehicle_pass → record [2026-03-24 23:15:00 → 2026-03-24 23:20:00]
2026-03-26 06:40:26,489 | INFO | ✅ record_5m done [23:15 → 23:20]
2026-03-26 06:40:26,490 | INFO | ✅ record_5m aggregated [2026-03-24 23:15:00 → 2026-03-24 23:20:00]
2026-03-26 06:40:26,491 | INFO |   ✅ (280/288) [23:15 → 23:20]
2026-03-26 06:40:26,658 | INFO | 📊 Aggregating vehicle_pass → record [2026-03-24 23:20:00 → 2026-03-24 23:25:00]
2026-03-26 06:40:26,675 | INFO | ✅ record_5m done [23:20 → 23:25]
2026-03-26 06:40:26,677 | INFO | ✅ record_5m aggregated [2026-03-24 23:20:00 → 2026-03-24 23:25:00]
2026-03-26 06:40:26,678 | INFO |   ✅ (281/288) [23:20 → 23:25]
2026-03-26 06:40:26,830 | INFO | 📊 Aggregating vehicle_pass → record [2026-03-24 23:25:00 → 2026-03-24 23:30:00]
2026-03-26 06:40:26,861 | INFO | ✅ record_5m done [23:25 → 23:30]
2026-03-26 06:40:26,862 | INFO | ✅ record_5m aggregated [2026-03-24 23:25:00 → 2026-03-24 23:30:00]
2026-03-26 06:40:26,862 | INFO |   ✅ (282/288) [23:25 → 23:30]
2026-03-26 06:40:26,914 | INFO | 📊 Aggregating vehicle_pass → record [2026-03-24 23:30:00 → 2026-03-24 23:35:00]
2026-03-26 06:40:26,936 | INFO | ✅ record_5m done [23:30 → 23:35]
2026-03-26 06:40:26,939 | INFO | ✅ record_5m aggregated [2026-03-24 23:30:00 → 2026-03-24 23:35:00]
2026-03-26 06:40:26,939 | INFO |   ✅ (283/288) [23:30 → 23:35]
2026-03-26 06:40:26,993 | INFO | 📊 Aggregating vehicle_pass → record [2026-03-24 23:35:00 → 2026-03-24 23:40:00]
2026-03-26 06:40:27,009 | INFO | ✅ record_5m done [23:35 → 23:40]
2026-03-26 06:40:27,010 | INFO | ✅ record_5m aggregated [2026-03-24 23:35:00 → 2026-03-24 23:40:00]
2026-03-26 06:40:27,010 | INFO |   ✅ (284/288) [23:35 → 23:40]
2026-03-26 06:40:27,069 | INFO | 📊 Aggregating vehicle_pass → record [2026-03-24 23:40:00 → 2026-03-24 23:45:00]
2026-03-26 06:40:27,107 | INFO | ✅ record_5m done [23:40 → 23:45]
2026-03-26 06:40:27,108 | INFO | ✅ record_5m aggregated [2026-03-24 23:40:00 → 2026-03-24 23:45:00]
2026-03-26 06:40:27,108 | INFO |   ✅ (285/288) [23:40 → 23:45]
2026-03-26 06:40:27,266 | INFO | 📊 Aggregating vehicle_pass → record [2026-03-24 23:45:00 → 2026-03-24 23:50:00]
2026-03-26 06:40:27,301 | INFO | ✅ record_5m done [23:45 → 23:50]
2026-03-26 06:40:27,302 | INFO | ✅ record_5m aggregated [2026-03-24 23:45:00 → 2026-03-24 23:50:00]
2026-03-26 06:40:27,303 | INFO |   ✅ (286/288) [23:45 → 23:50]
2026-03-26 06:40:27,393 | INFO | 📊 Aggregating vehicle_pass → record [2026-03-24 23:50:00 → 2026-03-24 23:55:00]
2026-03-26 06:40:27,430 | INFO | ✅ record_5m done [23:50 → 23:55]
2026-03-26 06:40:27,431 | INFO | ✅ record_5m aggregated [2026-03-24 23:50:00 → 2026-03-24 23:55:00]
2026-03-26 06:40:27,432 | INFO |   ✅ (287/288) [23:50 → 23:55]
2026-03-26 06:40:27,545 | INFO | 📊 Aggregating vehicle_pass → record [2026-03-24 23:55:00 → 2026-03-25 00:00:00]
2026-03-26 06:40:27,585 | INFO | ✅ record_5m done [23:55 → 00:00]
2026-03-26 06:40:27,585 | INFO | ✅ record_5m aggregated [2026-03-24 23:55:00 → 2026-03-25 00:00:00]
2026-03-26 06:40:27,586 | INFO |   ✅ (288/288) [23:55 → 00:00]
2026-03-26 06:40:27,586 | INFO | ============================================================
2026-03-26 06:40:27,587 | INFO | 🏁 Done — success: 288, failed: 0, total: 288
2026-03-26 06:42:03,909 | INFO | 🚀 Initializing DataVehicleRepository...
2026-03-26 06:42:03,966 | INFO | ⏭️ extract_data not ready yet, using default last_time
2026-03-26 06:42:03,966 | INFO | 🕓 Initial last_time = 2026-03-26 06:37:03.966681
2026-03-26 06:42:03,972 | INFO | 📅 Target date : 2026-03-24
2026-03-26 06:42:03,972 | INFO | 📦 Total slots : 288 slots (00:00 → 24:00)
2026-03-26 06:42:03,972 | INFO | ============================================================
2026-03-26 06:42:04,128 | INFO | 🗑️  Deleted 0 rows for date 2026-03-24
2026-03-26 06:42:04,177 | INFO | 📊 Aggregating vehicle_pass → record [2026-03-24 00:00:00 → 2026-03-24 00:05:00]
2026-03-26 06:42:04,196 | INFO | ✅ record_5m done [00:00 → 00:05]
2026-03-26 06:42:04,197 | INFO | ✅ record_5m aggregated [2026-03-24 00:00:00 → 2026-03-24 00:05:00]
2026-03-26 06:42:04,197 | INFO |   ✅ (  1/288) [00:00 → 00:05]
2026-03-26 06:42:04,347 | INFO | 📊 Aggregating vehicle_pass → record [2026-03-24 00:05:00 → 2026-03-24 00:10:00]
2026-03-26 06:42:04,370 | INFO | ✅ record_5m done [00:05 → 00:10]
2026-03-26 06:42:04,371 | INFO | ✅ record_5m aggregated [2026-03-24 00:05:00 → 2026-03-24 00:10:00]
2026-03-26 06:42:04,371 | INFO |   ✅ (  2/288) [00:05 → 00:10]
2026-03-26 06:42:04,423 | INFO | 📊 Aggregating vehicle_pass → record [2026-03-24 00:10:00 → 2026-03-24 00:15:00]
2026-03-26 06:42:04,447 | INFO | ✅ record_5m done [00:10 → 00:15]
2026-03-26 06:42:04,448 | INFO | ✅ record_5m aggregated [2026-03-24 00:10:00 → 2026-03-24 00:15:00]
2026-03-26 06:42:04,448 | INFO |   ✅ (  3/288) [00:10 → 00:15]
2026-03-26 06:42:04,499 | INFO | 📊 Aggregating vehicle_pass → record [2026-03-24 00:15:00 → 2026-03-24 00:20:00]
2026-03-26 06:42:04,521 | INFO | ✅ record_5m done [00:15 → 00:20]
2026-03-26 06:42:04,521 | INFO | ✅ record_5m aggregated [2026-03-24 00:15:00 → 2026-03-24 00:20:00]
2026-03-26 06:42:04,522 | INFO |   ✅ (  4/288) [00:15 → 00:20]
2026-03-26 06:42:04,572 | INFO | 📊 Aggregating vehicle_pass → record [2026-03-24 00:20:00 → 2026-03-24 00:25:00]
2026-03-26 06:42:04,604 | INFO | ✅ record_5m done [00:20 → 00:25]
2026-03-26 06:42:04,604 | INFO | ✅ record_5m aggregated [2026-03-24 00:20:00 → 2026-03-24 00:25:00]
2026-03-26 06:42:04,604 | INFO |   ✅ (  5/288) [00:20 → 00:25]
2026-03-26 06:42:04,751 | INFO | 📊 Aggregating vehicle_pass → record [2026-03-24 00:25:00 → 2026-03-24 00:30:00]
2026-03-26 06:42:04,769 | INFO | ✅ record_5m done [00:25 → 00:30]
2026-03-26 06:42:04,770 | INFO | ✅ record_5m aggregated [2026-03-24 00:25:00 → 2026-03-24 00:30:00]
2026-03-26 06:42:04,770 | INFO |   ✅ (  6/288) [00:25 → 00:30]
2026-03-26 06:42:04,813 | INFO | 📊 Aggregating vehicle_pass → record [2026-03-24 00:30:00 → 2026-03-24 00:35:00]
2026-03-26 06:42:04,833 | INFO | ✅ record_5m done [00:30 → 00:35]
2026-03-26 06:42:04,833 | INFO | ✅ record_5m aggregated [2026-03-24 00:30:00 → 2026-03-24 00:35:00]
2026-03-26 06:42:04,834 | INFO |   ✅ (  7/288) [00:30 → 00:35]
2026-03-26 06:42:04,880 | INFO | 📊 Aggregating vehicle_pass → record [2026-03-24 00:35:00 → 2026-03-24 00:40:00]
2026-03-26 06:42:04,906 | INFO | ✅ record_5m done [00:35 → 00:40]
2026-03-26 06:42:04,906 | INFO | ✅ record_5m aggregated [2026-03-24 00:35:00 → 2026-03-24 00:40:00]
2026-03-26 06:42:04,907 | INFO |   ✅ (  8/288) [00:35 → 00:40]
2026-03-26 06:42:04,959 | INFO | 📊 Aggregating vehicle_pass → record [2026-03-24 00:40:00 → 2026-03-24 00:45:00]
2026-03-26 06:42:04,977 | INFO | ✅ record_5m done [00:40 → 00:45]
2026-03-26 06:42:04,978 | INFO | ✅ record_5m aggregated [2026-03-24 00:40:00 → 2026-03-24 00:45:00]
2026-03-26 06:42:04,978 | INFO |   ✅ (  9/288) [00:40 → 00:45]
2026-03-26 06:42:05,031 | INFO | 📊 Aggregating vehicle_pass → record [2026-03-24 00:45:00 → 2026-03-24 00:50:00]
2026-03-26 06:42:05,052 | INFO | ✅ record_5m done [00:45 → 00:50]
2026-03-26 06:42:05,052 | INFO | ✅ record_5m aggregated [2026-03-24 00:45:00 → 2026-03-24 00:50:00]
2026-03-26 06:42:05,052 | INFO |   ✅ ( 10/288) [00:45 → 00:50]
2026-03-26 06:42:05,202 | INFO | 📊 Aggregating vehicle_pass → record [2026-03-24 00:50:00 → 2026-03-24 00:55:00]
2026-03-26 06:42:05,222 | INFO | ✅ record_5m done [00:50 → 00:55]
2026-03-26 06:42:05,222 | INFO | ✅ record_5m aggregated [2026-03-24 00:50:00 → 2026-03-24 00:55:00]
2026-03-26 06:42:05,222 | INFO |   ✅ ( 11/288) [00:50 → 00:55]
2026-03-26 06:42:05,368 | INFO | 📊 Aggregating vehicle_pass → record [2026-03-24 00:55:00 → 2026-03-24 01:00:00]
2026-03-26 06:42:05,387 | INFO | ✅ record_5m done [00:55 → 01:00]
2026-03-26 06:42:05,387 | INFO | ✅ record_5m aggregated [2026-03-24 00:55:00 → 2026-03-24 01:00:00]
2026-03-26 06:42:05,388 | INFO |   ✅ ( 12/288) [00:55 → 01:00]
2026-03-26 06:42:05,433 | INFO | 📊 Aggregating vehicle_pass → record [2026-03-24 01:00:00 → 2026-03-24 01:05:00]
2026-03-26 06:42:05,454 | INFO | ✅ record_5m done [01:00 → 01:05]
2026-03-26 06:42:05,455 | INFO | ✅ record_5m aggregated [2026-03-24 01:00:00 → 2026-03-24 01:05:00]
2026-03-26 06:42:05,455 | INFO |   ✅ ( 13/288) [01:00 → 01:05]
2026-03-26 06:42:05,511 | INFO | 📊 Aggregating vehicle_pass → record [2026-03-24 01:05:00 → 2026-03-24 01:10:00]
2026-03-26 06:42:05,534 | INFO | ✅ record_5m done [01:05 → 01:10]
2026-03-26 06:42:05,534 | INFO | ✅ record_5m aggregated [2026-03-24 01:05:00 → 2026-03-24 01:10:00]
2026-03-26 06:42:05,535 | INFO |   ✅ ( 14/288) [01:05 → 01:10]
2026-03-26 06:42:05,587 | INFO | 📊 Aggregating vehicle_pass → record [2026-03-24 01:10:00 → 2026-03-24 01:15:00]
2026-03-26 06:42:05,608 | INFO | ✅ record_5m done [01:10 → 01:15]
2026-03-26 06:42:05,608 | INFO | ✅ record_5m aggregated [2026-03-24 01:10:00 → 2026-03-24 01:15:00]
2026-03-26 06:42:05,608 | INFO |   ✅ ( 15/288) [01:10 → 01:15]
2026-03-26 06:42:05,650 | INFO | 📊 Aggregating vehicle_pass → record [2026-03-24 01:15:00 → 2026-03-24 01:20:00]
2026-03-26 06:42:05,674 | INFO | ✅ record_5m done [01:15 → 01:20]
2026-03-26 06:42:05,675 | INFO | ✅ record_5m aggregated [2026-03-24 01:15:00 → 2026-03-24 01:20:00]
2026-03-26 06:42:05,675 | INFO |   ✅ ( 16/288) [01:15 → 01:20]
2026-03-26 06:42:05,727 | INFO | 📊 Aggregating vehicle_pass → record [2026-03-24 01:20:00 → 2026-03-24 01:25:00]
2026-03-26 06:42:06,162 | INFO | ✅ record_5m done [01:20 → 01:25]
2026-03-26 06:42:06,163 | INFO | ✅ record_5m aggregated [2026-03-24 01:20:00 → 2026-03-24 01:25:00]
2026-03-26 06:42:06,163 | INFO |   ✅ ( 17/288) [01:20 → 01:25]
2026-03-26 06:42:06,213 | INFO | 📊 Aggregating vehicle_pass → record [2026-03-24 01:25:00 → 2026-03-24 01:30:00]
2026-03-26 06:42:06,234 | INFO | ✅ record_5m done [01:25 → 01:30]
2026-03-26 06:42:06,235 | INFO | ✅ record_5m aggregated [2026-03-24 01:25:00 → 2026-03-24 01:30:00]
2026-03-26 06:42:06,235 | INFO |   ✅ ( 18/288) [01:25 → 01:30]
2026-03-26 06:42:06,384 | INFO | 📊 Aggregating vehicle_pass → record [2026-03-24 01:30:00 → 2026-03-24 01:35:00]
2026-03-26 06:42:06,406 | INFO | ✅ record_5m done [01:30 → 01:35]
2026-03-26 06:42:06,406 | INFO | ✅ record_5m aggregated [2026-03-24 01:30:00 → 2026-03-24 01:35:00]
2026-03-26 06:42:06,406 | INFO |   ✅ ( 19/288) [01:30 → 01:35]
2026-03-26 06:42:06,556 | INFO | 📊 Aggregating vehicle_pass → record [2026-03-24 01:35:00 → 2026-03-24 01:40:00]
2026-03-26 06:42:06,579 | INFO | ✅ record_5m done [01:35 → 01:40]
2026-03-26 06:42:06,579 | INFO | ✅ record_5m aggregated [2026-03-24 01:35:00 → 2026-03-24 01:40:00]
2026-03-26 06:42:06,579 | INFO |   ✅ ( 20/288) [01:35 → 01:40]
2026-03-26 06:42:06,625 | INFO | 📊 Aggregating vehicle_pass → record [2026-03-24 01:40:00 → 2026-03-24 01:45:00]
2026-03-26 06:42:06,651 | INFO | ✅ record_5m done [01:40 → 01:45]
2026-03-26 06:42:06,652 | INFO | ✅ record_5m aggregated [2026-03-24 01:40:00 → 2026-03-24 01:45:00]
2026-03-26 06:42:06,652 | INFO |   ✅ ( 21/288) [01:40 → 01:45]
2026-03-26 06:42:06,804 | INFO | 📊 Aggregating vehicle_pass → record [2026-03-24 01:45:00 → 2026-03-24 01:50:00]
2026-03-26 06:42:06,820 | INFO | ✅ record_5m done [01:45 → 01:50]
2026-03-26 06:42:06,821 | INFO | ✅ record_5m aggregated [2026-03-24 01:45:00 → 2026-03-24 01:50:00]
2026-03-26 06:42:06,821 | INFO |   ✅ ( 22/288) [01:45 → 01:50]
2026-03-26 06:42:06,882 | INFO | 📊 Aggregating vehicle_pass → record [2026-03-24 01:50:00 → 2026-03-24 01:55:00]
2026-03-26 06:42:06,912 | INFO | ✅ record_5m done [01:50 → 01:55]
2026-03-26 06:42:06,912 | INFO | ✅ record_5m aggregated [2026-03-24 01:50:00 → 2026-03-24 01:55:00]
2026-03-26 06:42:06,913 | INFO |   ✅ ( 23/288) [01:50 → 01:55]
2026-03-26 06:42:06,962 | INFO | 📊 Aggregating vehicle_pass → record [2026-03-24 01:55:00 → 2026-03-24 02:00:00]
2026-03-26 06:42:06,982 | INFO | ✅ record_5m done [01:55 → 02:00]
2026-03-26 06:42:06,983 | INFO | ✅ record_5m aggregated [2026-03-24 01:55:00 → 2026-03-24 02:00:00]
2026-03-26 06:42:06,983 | INFO |   ✅ ( 24/288) [01:55 → 02:00]
2026-03-26 06:42:07,026 | INFO | 📊 Aggregating vehicle_pass → record [2026-03-24 02:00:00 → 2026-03-24 02:05:00]
2026-03-26 06:42:07,046 | INFO | ✅ record_5m done [02:00 → 02:05]
2026-03-26 06:42:07,046 | INFO | ✅ record_5m aggregated [2026-03-24 02:00:00 → 2026-03-24 02:05:00]
2026-03-26 06:42:07,047 | INFO |   ✅ ( 25/288) [02:00 → 02:05]
2026-03-26 06:42:07,093 | INFO | 📊 Aggregating vehicle_pass → record [2026-03-24 02:05:00 → 2026-03-24 02:10:00]
2026-03-26 06:42:07,110 | INFO | ✅ record_5m done [02:05 → 02:10]
2026-03-26 06:42:07,111 | INFO | ✅ record_5m aggregated [2026-03-24 02:05:00 → 2026-03-24 02:10:00]
2026-03-26 06:42:07,111 | INFO |   ✅ ( 26/288) [02:05 → 02:10]
2026-03-26 06:42:07,160 | INFO | 📊 Aggregating vehicle_pass → record [2026-03-24 02:10:00 → 2026-03-24 02:15:00]
2026-03-26 06:42:07,185 | INFO | ✅ record_5m done [02:10 → 02:15]
2026-03-26 06:42:07,186 | INFO | ✅ record_5m aggregated [2026-03-24 02:10:00 → 2026-03-24 02:15:00]
2026-03-26 06:42:07,186 | INFO |   ✅ ( 27/288) [02:10 → 02:15]
2026-03-26 06:42:07,234 | INFO | 📊 Aggregating vehicle_pass → record [2026-03-24 02:15:00 → 2026-03-24 02:20:00]
2026-03-26 06:42:07,261 | INFO | ✅ record_5m done [02:15 → 02:20]
2026-03-26 06:42:07,261 | INFO | ✅ record_5m aggregated [2026-03-24 02:15:00 → 2026-03-24 02:20:00]
2026-03-26 06:42:07,261 | INFO |   ✅ ( 28/288) [02:15 → 02:20]
2026-03-26 06:42:07,325 | INFO | 📊 Aggregating vehicle_pass → record [2026-03-24 02:20:00 → 2026-03-24 02:25:00]
2026-03-26 06:42:07,357 | INFO | ✅ record_5m done [02:20 → 02:25]
2026-03-26 06:42:07,358 | INFO | ✅ record_5m aggregated [2026-03-24 02:20:00 → 2026-03-24 02:25:00]
2026-03-26 06:42:07,358 | INFO |   ✅ ( 29/288) [02:20 → 02:25]
2026-03-26 06:42:07,409 | INFO | 📊 Aggregating vehicle_pass → record [2026-03-24 02:25:00 → 2026-03-24 02:30:00]
2026-03-26 06:42:07,435 | INFO | ✅ record_5m done [02:25 → 02:30]
2026-03-26 06:42:07,436 | INFO | ✅ record_5m aggregated [2026-03-24 02:25:00 → 2026-03-24 02:30:00]
2026-03-26 06:42:07,436 | INFO |   ✅ ( 30/288) [02:25 → 02:30]
2026-03-26 06:42:07,511 | INFO | 📊 Aggregating vehicle_pass → record [2026-03-24 02:30:00 → 2026-03-24 02:35:00]
2026-03-26 06:42:07,550 | INFO | ✅ record_5m done [02:30 → 02:35]
2026-03-26 06:42:07,550 | INFO | ✅ record_5m aggregated [2026-03-24 02:30:00 → 2026-03-24 02:35:00]
2026-03-26 06:42:07,551 | INFO |   ✅ ( 31/288) [02:30 → 02:35]
2026-03-26 06:42:07,702 | INFO | 📊 Aggregating vehicle_pass → record [2026-03-24 02:35:00 → 2026-03-24 02:40:00]
2026-03-26 06:42:07,724 | INFO | ✅ record_5m done [02:35 → 02:40]
2026-03-26 06:42:07,725 | INFO | ✅ record_5m aggregated [2026-03-24 02:35:00 → 2026-03-24 02:40:00]
2026-03-26 06:42:07,725 | INFO |   ✅ ( 32/288) [02:35 → 02:40]
2026-03-26 06:42:07,775 | INFO | 📊 Aggregating vehicle_pass → record [2026-03-24 02:40:00 → 2026-03-24 02:45:00]
2026-03-26 06:42:07,802 | INFO | ✅ record_5m done [02:40 → 02:45]
2026-03-26 06:42:07,803 | INFO | ✅ record_5m aggregated [2026-03-24 02:40:00 → 2026-03-24 02:45:00]
2026-03-26 06:42:07,805 | INFO |   ✅ ( 33/288) [02:40 → 02:45]
2026-03-26 06:42:07,880 | INFO | 📊 Aggregating vehicle_pass → record [2026-03-24 02:45:00 → 2026-03-24 02:50:00]
2026-03-26 06:42:07,901 | INFO | ✅ record_5m done [02:45 → 02:50]
2026-03-26 06:42:07,902 | INFO | ✅ record_5m aggregated [2026-03-24 02:45:00 → 2026-03-24 02:50:00]
2026-03-26 06:42:07,902 | INFO |   ✅ ( 34/288) [02:45 → 02:50]
2026-03-26 06:42:07,949 | INFO | 📊 Aggregating vehicle_pass → record [2026-03-24 02:50:00 → 2026-03-24 02:55:00]
2026-03-26 06:42:07,970 | INFO | ✅ record_5m done [02:50 → 02:55]
2026-03-26 06:42:07,970 | INFO | ✅ record_5m aggregated [2026-03-24 02:50:00 → 2026-03-24 02:55:00]
2026-03-26 06:42:07,971 | INFO |   ✅ ( 35/288) [02:50 → 02:55]
2026-03-26 06:42:08,018 | INFO | 📊 Aggregating vehicle_pass → record [2026-03-24 02:55:00 → 2026-03-24 03:00:00]
2026-03-26 06:42:08,037 | INFO | ✅ record_5m done [02:55 → 03:00]
2026-03-26 06:42:08,037 | INFO | ✅ record_5m aggregated [2026-03-24 02:55:00 → 2026-03-24 03:00:00]
2026-03-26 06:42:08,037 | INFO |   ✅ ( 36/288) [02:55 → 03:00]
2026-03-26 06:42:08,085 | INFO | 📊 Aggregating vehicle_pass → record [2026-03-24 03:00:00 → 2026-03-24 03:05:00]
2026-03-26 06:42:08,104 | INFO | ✅ record_5m done [03:00 → 03:05]
2026-03-26 06:42:08,105 | INFO | ✅ record_5m aggregated [2026-03-24 03:00:00 → 2026-03-24 03:05:00]
2026-03-26 06:42:08,105 | INFO |   ✅ ( 37/288) [03:00 → 03:05]
2026-03-26 06:42:08,161 | INFO | 📊 Aggregating vehicle_pass → record [2026-03-24 03:05:00 → 2026-03-24 03:10:00]
2026-03-26 06:42:08,193 | INFO | ✅ record_5m done [03:05 → 03:10]
2026-03-26 06:42:08,193 | INFO | ✅ record_5m aggregated [2026-03-24 03:05:00 → 2026-03-24 03:10:00]
2026-03-26 06:42:08,193 | INFO |   ✅ ( 38/288) [03:05 → 03:10]
2026-03-26 06:42:08,241 | INFO | 📊 Aggregating vehicle_pass → record [2026-03-24 03:10:00 → 2026-03-24 03:15:00]
2026-03-26 06:42:08,262 | INFO | ✅ record_5m done [03:10 → 03:15]
2026-03-26 06:42:08,263 | INFO | ✅ record_5m aggregated [2026-03-24 03:10:00 → 2026-03-24 03:15:00]
2026-03-26 06:42:08,263 | INFO |   ✅ ( 39/288) [03:10 → 03:15]
2026-03-26 06:42:08,410 | INFO | 📊 Aggregating vehicle_pass → record [2026-03-24 03:15:00 → 2026-03-24 03:20:00]
2026-03-26 06:42:08,427 | INFO | ✅ record_5m done [03:15 → 03:20]
2026-03-26 06:42:08,428 | INFO | ✅ record_5m aggregated [2026-03-24 03:15:00 → 2026-03-24 03:20:00]
2026-03-26 06:42:08,428 | INFO |   ✅ ( 40/288) [03:15 → 03:20]
2026-03-26 06:42:08,579 | INFO | 📊 Aggregating vehicle_pass → record [2026-03-24 03:20:00 → 2026-03-24 03:25:00]
2026-03-26 06:42:08,606 | INFO | ✅ record_5m done [03:20 → 03:25]
2026-03-26 06:42:08,607 | INFO | ✅ record_5m aggregated [2026-03-24 03:20:00 → 2026-03-24 03:25:00]
2026-03-26 06:42:08,607 | INFO |   ✅ ( 41/288) [03:20 → 03:25]
2026-03-26 06:42:08,656 | INFO | 📊 Aggregating vehicle_pass → record [2026-03-24 03:25:00 → 2026-03-24 03:30:00]
2026-03-26 06:42:08,678 | INFO | ✅ record_5m done [03:25 → 03:30]
2026-03-26 06:42:08,679 | INFO | ✅ record_5m aggregated [2026-03-24 03:25:00 → 2026-03-24 03:30:00]
2026-03-26 06:42:08,679 | INFO |   ✅ ( 42/288) [03:25 → 03:30]
2026-03-26 06:42:08,734 | INFO | 📊 Aggregating vehicle_pass → record [2026-03-24 03:30:00 → 2026-03-24 03:35:00]
2026-03-26 06:42:08,752 | INFO | ✅ record_5m done [03:30 → 03:35]
2026-03-26 06:42:08,753 | INFO | ✅ record_5m aggregated [2026-03-24 03:30:00 → 2026-03-24 03:35:00]
2026-03-26 06:42:08,753 | INFO |   ✅ ( 43/288) [03:30 → 03:35]
2026-03-26 06:42:08,803 | INFO | 📊 Aggregating vehicle_pass → record [2026-03-24 03:35:00 → 2026-03-24 03:40:00]
2026-03-26 06:42:08,837 | INFO | ✅ record_5m done [03:35 → 03:40]
2026-03-26 06:42:08,837 | INFO | ✅ record_5m aggregated [2026-03-24 03:35:00 → 2026-03-24 03:40:00]
2026-03-26 06:42:08,838 | INFO |   ✅ ( 44/288) [03:35 → 03:40]
2026-03-26 06:42:08,882 | INFO | 📊 Aggregating vehicle_pass → record [2026-03-24 03:40:00 → 2026-03-24 03:45:00]
2026-03-26 06:42:08,909 | INFO | ✅ record_5m done [03:40 → 03:45]
2026-03-26 06:42:08,910 | INFO | ✅ record_5m aggregated [2026-03-24 03:40:00 → 2026-03-24 03:45:00]
2026-03-26 06:42:08,910 | INFO |   ✅ ( 45/288) [03:40 → 03:45]
2026-03-26 06:42:09,059 | INFO | 📊 Aggregating vehicle_pass → record [2026-03-24 03:45:00 → 2026-03-24 03:50:00]
2026-03-26 06:42:09,080 | INFO | ✅ record_5m done [03:45 → 03:50]
2026-03-26 06:42:09,081 | INFO | ✅ record_5m aggregated [2026-03-24 03:45:00 → 2026-03-24 03:50:00]
2026-03-26 06:42:09,081 | INFO |   ✅ ( 46/288) [03:45 → 03:50]
2026-03-26 06:42:09,228 | INFO | 📊 Aggregating vehicle_pass → record [2026-03-24 03:50:00 → 2026-03-24 03:55:00]
2026-03-26 06:42:09,249 | INFO | ✅ record_5m done [03:50 → 03:55]
2026-03-26 06:42:09,249 | INFO | ✅ record_5m aggregated [2026-03-24 03:50:00 → 2026-03-24 03:55:00]
2026-03-26 06:42:09,250 | INFO |   ✅ ( 47/288) [03:50 → 03:55]
2026-03-26 06:42:09,392 | INFO | 📊 Aggregating vehicle_pass → record [2026-03-24 03:55:00 → 2026-03-24 04:00:00]
2026-03-26 06:42:09,409 | INFO | ✅ record_5m done [03:55 → 04:00]
2026-03-26 06:42:09,409 | INFO | ✅ record_5m aggregated [2026-03-24 03:55:00 → 2026-03-24 04:00:00]
2026-03-26 06:42:09,410 | INFO |   ✅ ( 48/288) [03:55 → 04:00]
2026-03-26 06:42:09,455 | INFO | 📊 Aggregating vehicle_pass → record [2026-03-24 04:00:00 → 2026-03-24 04:05:00]
2026-03-26 06:42:09,475 | INFO | ✅ record_5m done [04:00 → 04:05]
2026-03-26 06:42:09,476 | INFO | ✅ record_5m aggregated [2026-03-24 04:00:00 → 2026-03-24 04:05:00]
2026-03-26 06:42:09,476 | INFO |   ✅ ( 49/288) [04:00 → 04:05]
2026-03-26 06:42:09,640 | INFO | 📊 Aggregating vehicle_pass → record [2026-03-24 04:05:00 → 2026-03-24 04:10:00]
2026-03-26 06:42:09,672 | INFO | ✅ record_5m done [04:05 → 04:10]
2026-03-26 06:42:09,673 | INFO | ✅ record_5m aggregated [2026-03-24 04:05:00 → 2026-03-24 04:10:00]
2026-03-26 06:42:09,673 | INFO |   ✅ ( 50/288) [04:05 → 04:10]
2026-03-26 06:42:09,720 | INFO | 📊 Aggregating vehicle_pass → record [2026-03-24 04:10:00 → 2026-03-24 04:15:00]
2026-03-26 06:42:09,743 | INFO | ✅ record_5m done [04:10 → 04:15]
2026-03-26 06:42:09,744 | INFO | ✅ record_5m aggregated [2026-03-24 04:10:00 → 2026-03-24 04:15:00]
2026-03-26 06:42:09,744 | INFO |   ✅ ( 51/288) [04:10 → 04:15]
2026-03-26 06:42:09,891 | INFO | 📊 Aggregating vehicle_pass → record [2026-03-24 04:15:00 → 2026-03-24 04:20:00]
2026-03-26 06:42:09,911 | INFO | ✅ record_5m done [04:15 → 04:20]
2026-03-26 06:42:09,911 | INFO | ✅ record_5m aggregated [2026-03-24 04:15:00 → 2026-03-24 04:20:00]
2026-03-26 06:42:09,911 | INFO |   ✅ ( 52/288) [04:15 → 04:20]
2026-03-26 06:42:09,961 | INFO | 📊 Aggregating vehicle_pass → record [2026-03-24 04:20:00 → 2026-03-24 04:25:00]
2026-03-26 06:42:09,987 | INFO | ✅ record_5m done [04:20 → 04:25]
2026-03-26 06:42:09,988 | INFO | ✅ record_5m aggregated [2026-03-24 04:20:00 → 2026-03-24 04:25:00]
2026-03-26 06:42:09,988 | INFO |   ✅ ( 53/288) [04:20 → 04:25]
2026-03-26 06:42:10,042 | INFO | 📊 Aggregating vehicle_pass → record [2026-03-24 04:25:00 → 2026-03-24 04:30:00]
2026-03-26 06:42:10,070 | INFO | ✅ record_5m done [04:25 → 04:30]
2026-03-26 06:42:10,071 | INFO | ✅ record_5m aggregated [2026-03-24 04:25:00 → 2026-03-24 04:30:00]
2026-03-26 06:42:10,071 | INFO |   ✅ ( 54/288) [04:25 → 04:30]
2026-03-26 06:42:10,120 | INFO | 📊 Aggregating vehicle_pass → record [2026-03-24 04:30:00 → 2026-03-24 04:35:00]
2026-03-26 06:42:10,138 | INFO | ✅ record_5m done [04:30 → 04:35]
2026-03-26 06:42:10,139 | INFO | ✅ record_5m aggregated [2026-03-24 04:30:00 → 2026-03-24 04:35:00]
2026-03-26 06:42:10,139 | INFO |   ✅ ( 55/288) [04:30 → 04:35]
2026-03-26 06:42:10,188 | INFO | 📊 Aggregating vehicle_pass → record [2026-03-24 04:35:00 → 2026-03-24 04:40:00]
2026-03-26 06:42:10,207 | INFO | ✅ record_5m done [04:35 → 04:40]
2026-03-26 06:42:10,208 | INFO | ✅ record_5m aggregated [2026-03-24 04:35:00 → 2026-03-24 04:40:00]
2026-03-26 06:42:10,208 | INFO |   ✅ ( 56/288) [04:35 → 04:40]
2026-03-26 06:42:10,259 | INFO | 📊 Aggregating vehicle_pass → record [2026-03-24 04:40:00 → 2026-03-24 04:45:00]
2026-03-26 06:42:10,279 | INFO | ✅ record_5m done [04:40 → 04:45]
2026-03-26 06:42:10,280 | INFO | ✅ record_5m aggregated [2026-03-24 04:40:00 → 2026-03-24 04:45:00]
2026-03-26 06:42:10,280 | INFO |   ✅ ( 57/288) [04:40 → 04:45]
2026-03-26 06:42:10,426 | INFO | 📊 Aggregating vehicle_pass → record [2026-03-24 04:45:00 → 2026-03-24 04:50:00]
2026-03-26 06:42:10,447 | INFO | ✅ record_5m done [04:45 → 04:50]
2026-03-26 06:42:10,447 | INFO | ✅ record_5m aggregated [2026-03-24 04:45:00 → 2026-03-24 04:50:00]
2026-03-26 06:42:10,448 | INFO |   ✅ ( 58/288) [04:45 → 04:50]
2026-03-26 06:42:10,494 | INFO | 📊 Aggregating vehicle_pass → record [2026-03-24 04:50:00 → 2026-03-24 04:55:00]
2026-03-26 06:42:10,511 | INFO | ✅ record_5m done [04:50 → 04:55]
2026-03-26 06:42:10,512 | INFO | ✅ record_5m aggregated [2026-03-24 04:50:00 → 2026-03-24 04:55:00]
2026-03-26 06:42:10,512 | INFO |   ✅ ( 59/288) [04:50 → 04:55]
2026-03-26 06:42:10,566 | INFO | 📊 Aggregating vehicle_pass → record [2026-03-24 04:55:00 → 2026-03-24 05:00:00]
2026-03-26 06:42:10,588 | INFO | ✅ record_5m done [04:55 → 05:00]
2026-03-26 06:42:10,588 | INFO | ✅ record_5m aggregated [2026-03-24 04:55:00 → 2026-03-24 05:00:00]
2026-03-26 06:42:10,589 | INFO |   ✅ ( 60/288) [04:55 → 05:00]
2026-03-26 06:42:10,638 | INFO | 📊 Aggregating vehicle_pass → record [2026-03-24 05:00:00 → 2026-03-24 05:05:00]
2026-03-26 06:42:10,661 | INFO | ✅ record_5m done [05:00 → 05:05]
2026-03-26 06:42:10,661 | INFO | ✅ record_5m aggregated [2026-03-24 05:00:00 → 2026-03-24 05:05:00]
2026-03-26 06:42:10,662 | INFO |   ✅ ( 61/288) [05:00 → 05:05]
2026-03-26 06:42:10,810 | INFO | 📊 Aggregating vehicle_pass → record [2026-03-24 05:05:00 → 2026-03-24 05:10:00]
2026-03-26 06:42:10,830 | INFO | ✅ record_5m done [05:05 → 05:10]
2026-03-26 06:42:10,830 | INFO | ✅ record_5m aggregated [2026-03-24 05:05:00 → 2026-03-24 05:10:00]
2026-03-26 06:42:10,831 | INFO |   ✅ ( 62/288) [05:05 → 05:10]
2026-03-26 06:42:10,878 | INFO | 📊 Aggregating vehicle_pass → record [2026-03-24 05:10:00 → 2026-03-24 05:15:00]
2026-03-26 06:42:10,899 | INFO | ✅ record_5m done [05:10 → 05:15]
2026-03-26 06:42:10,899 | INFO | ✅ record_5m aggregated [2026-03-24 05:10:00 → 2026-03-24 05:15:00]
2026-03-26 06:42:10,900 | INFO |   ✅ ( 63/288) [05:10 → 05:15]
2026-03-26 06:42:10,951 | INFO | 📊 Aggregating vehicle_pass → record [2026-03-24 05:15:00 → 2026-03-24 05:20:00]
2026-03-26 06:42:10,973 | INFO | ✅ record_5m done [05:15 → 05:20]
2026-03-26 06:42:10,973 | INFO | ✅ record_5m aggregated [2026-03-24 05:15:00 → 2026-03-24 05:20:00]
2026-03-26 06:42:10,974 | INFO |   ✅ ( 64/288) [05:15 → 05:20]
2026-03-26 06:42:11,023 | INFO | 📊 Aggregating vehicle_pass → record [2026-03-24 05:20:00 → 2026-03-24 05:25:00]
2026-03-26 06:42:11,040 | INFO | ✅ record_5m done [05:20 → 05:25]
2026-03-26 06:42:11,041 | INFO | ✅ record_5m aggregated [2026-03-24 05:20:00 → 2026-03-24 05:25:00]
2026-03-26 06:42:11,041 | INFO |   ✅ ( 65/288) [05:20 → 05:25]
2026-03-26 06:42:11,103 | INFO | 📊 Aggregating vehicle_pass → record [2026-03-24 05:25:00 → 2026-03-24 05:30:00]
2026-03-26 06:42:11,124 | INFO | ✅ record_5m done [05:25 → 05:30]
2026-03-26 06:42:11,125 | INFO | ✅ record_5m aggregated [2026-03-24 05:25:00 → 2026-03-24 05:30:00]
2026-03-26 06:42:11,125 | INFO |   ✅ ( 66/288) [05:25 → 05:30]
2026-03-26 06:42:11,268 | INFO | 📊 Aggregating vehicle_pass → record [2026-03-24 05:30:00 → 2026-03-24 05:35:00]
2026-03-26 06:42:11,291 | INFO | ✅ record_5m done [05:30 → 05:35]
2026-03-26 06:42:11,292 | INFO | ✅ record_5m aggregated [2026-03-24 05:30:00 → 2026-03-24 05:35:00]
2026-03-26 06:42:11,292 | INFO |   ✅ ( 67/288) [05:30 → 05:35]
2026-03-26 06:42:11,439 | INFO | 📊 Aggregating vehicle_pass → record [2026-03-24 05:35:00 → 2026-03-24 05:40:00]
2026-03-26 06:42:11,460 | INFO | ✅ record_5m done [05:35 → 05:40]
2026-03-26 06:42:11,460 | INFO | ✅ record_5m aggregated [2026-03-24 05:35:00 → 2026-03-24 05:40:00]
2026-03-26 06:42:11,461 | INFO |   ✅ ( 68/288) [05:35 → 05:40]
2026-03-26 06:42:11,505 | INFO | 📊 Aggregating vehicle_pass → record [2026-03-24 05:40:00 → 2026-03-24 05:45:00]
2026-03-26 06:42:11,525 | INFO | ✅ record_5m done [05:40 → 05:45]
2026-03-26 06:42:11,526 | INFO | ✅ record_5m aggregated [2026-03-24 05:40:00 → 2026-03-24 05:45:00]
2026-03-26 06:42:11,526 | INFO |   ✅ ( 69/288) [05:40 → 05:45]
2026-03-26 06:42:11,573 | INFO | 📊 Aggregating vehicle_pass → record [2026-03-24 05:45:00 → 2026-03-24 05:50:00]
2026-03-26 06:42:11,591 | INFO | ✅ record_5m done [05:45 → 05:50]
2026-03-26 06:42:11,592 | INFO | ✅ record_5m aggregated [2026-03-24 05:45:00 → 2026-03-24 05:50:00]
2026-03-26 06:42:11,592 | INFO |   ✅ ( 70/288) [05:45 → 05:50]
2026-03-26 06:42:11,641 | INFO | 📊 Aggregating vehicle_pass → record [2026-03-24 05:50:00 → 2026-03-24 05:55:00]
2026-03-26 06:42:11,663 | INFO | ✅ record_5m done [05:50 → 05:55]
2026-03-26 06:42:11,663 | INFO | ✅ record_5m aggregated [2026-03-24 05:50:00 → 2026-03-24 05:55:00]
2026-03-26 06:42:11,664 | INFO |   ✅ ( 71/288) [05:50 → 05:55]
2026-03-26 06:42:11,711 | INFO | 📊 Aggregating vehicle_pass → record [2026-03-24 05:55:00 → 2026-03-24 06:00:00]
2026-03-26 06:42:11,730 | INFO | ✅ record_5m done [05:55 → 06:00]
2026-03-26 06:42:11,730 | INFO | ✅ record_5m aggregated [2026-03-24 05:55:00 → 2026-03-24 06:00:00]
2026-03-26 06:42:11,730 | INFO |   ✅ ( 72/288) [05:55 → 06:00]
2026-03-26 06:42:11,784 | INFO | 📊 Aggregating vehicle_pass → record [2026-03-24 06:00:00 → 2026-03-24 06:05:00]
2026-03-26 06:42:11,813 | INFO | ✅ record_5m done [06:00 → 06:05]
2026-03-26 06:42:11,813 | INFO | ✅ record_5m aggregated [2026-03-24 06:00:00 → 2026-03-24 06:05:00]
2026-03-26 06:42:11,813 | INFO |   ✅ ( 73/288) [06:00 → 06:05]
2026-03-26 06:42:11,864 | INFO | 📊 Aggregating vehicle_pass → record [2026-03-24 06:05:00 → 2026-03-24 06:10:00]
2026-03-26 06:42:11,890 | INFO | ✅ record_5m done [06:05 → 06:10]
2026-03-26 06:42:11,891 | INFO | ✅ record_5m aggregated [2026-03-24 06:05:00 → 2026-03-24 06:10:00]
2026-03-26 06:42:11,891 | INFO |   ✅ ( 74/288) [06:05 → 06:10]
2026-03-26 06:42:11,939 | INFO | 📊 Aggregating vehicle_pass → record [2026-03-24 06:10:00 → 2026-03-24 06:15:00]
2026-03-26 06:42:11,958 | INFO | ✅ record_5m done [06:10 → 06:15]
2026-03-26 06:42:11,958 | INFO | ✅ record_5m aggregated [2026-03-24 06:10:00 → 2026-03-24 06:15:00]
2026-03-26 06:42:11,959 | INFO |   ✅ ( 75/288) [06:10 → 06:15]
2026-03-26 06:42:12,001 | INFO | 📊 Aggregating vehicle_pass → record [2026-03-24 06:15:00 → 2026-03-24 06:20:00]
2026-03-26 06:42:12,022 | INFO | ✅ record_5m done [06:15 → 06:20]
2026-03-26 06:42:12,023 | INFO | ✅ record_5m aggregated [2026-03-24 06:15:00 → 2026-03-24 06:20:00]
2026-03-26 06:42:12,023 | INFO |   ✅ ( 76/288) [06:15 → 06:20]
2026-03-26 06:42:12,068 | INFO | 📊 Aggregating vehicle_pass → record [2026-03-24 06:20:00 → 2026-03-24 06:25:00]
2026-03-26 06:42:12,085 | INFO | ✅ record_5m done [06:20 → 06:25]
2026-03-26 06:42:12,086 | INFO | ✅ record_5m aggregated [2026-03-24 06:20:00 → 2026-03-24 06:25:00]
2026-03-26 06:42:12,087 | INFO |   ✅ ( 77/288) [06:20 → 06:25]
2026-03-26 06:42:12,227 | INFO | 📊 Aggregating vehicle_pass → record [2026-03-24 06:25:00 → 2026-03-24 06:30:00]
2026-03-26 06:42:12,247 | INFO | ✅ record_5m done [06:25 → 06:30]
2026-03-26 06:42:12,247 | INFO | ✅ record_5m aggregated [2026-03-24 06:25:00 → 2026-03-24 06:30:00]
2026-03-26 06:42:12,248 | INFO |   ✅ ( 78/288) [06:25 → 06:30]
2026-03-26 06:42:12,296 | INFO | 📊 Aggregating vehicle_pass → record [2026-03-24 06:30:00 → 2026-03-24 06:35:00]
2026-03-26 06:42:12,312 | INFO | ✅ record_5m done [06:30 → 06:35]
2026-03-26 06:42:12,313 | INFO | ✅ record_5m aggregated [2026-03-24 06:30:00 → 2026-03-24 06:35:00]
2026-03-26 06:42:12,313 | INFO |   ✅ ( 79/288) [06:30 → 06:35]
2026-03-26 06:42:12,360 | INFO | 📊 Aggregating vehicle_pass → record [2026-03-24 06:35:00 → 2026-03-24 06:40:00]
2026-03-26 06:42:12,379 | INFO | ✅ record_5m done [06:35 → 06:40]
2026-03-26 06:42:12,379 | INFO | ✅ record_5m aggregated [2026-03-24 06:35:00 → 2026-03-24 06:40:00]
2026-03-26 06:42:12,380 | INFO |   ✅ ( 80/288) [06:35 → 06:40]
2026-03-26 06:42:12,429 | INFO | 📊 Aggregating vehicle_pass → record [2026-03-24 06:40:00 → 2026-03-24 06:45:00]
2026-03-26 06:42:12,449 | INFO | ✅ record_5m done [06:40 → 06:45]
2026-03-26 06:42:12,449 | INFO | ✅ record_5m aggregated [2026-03-24 06:40:00 → 2026-03-24 06:45:00]
2026-03-26 06:42:12,450 | INFO |   ✅ ( 81/288) [06:40 → 06:45]
2026-03-26 06:42:12,494 | INFO | 📊 Aggregating vehicle_pass → record [2026-03-24 06:45:00 → 2026-03-24 06:50:00]
2026-03-26 06:42:12,513 | INFO | ✅ record_5m done [06:45 → 06:50]
2026-03-26 06:42:12,513 | INFO | ✅ record_5m aggregated [2026-03-24 06:45:00 → 2026-03-24 06:50:00]
2026-03-26 06:42:12,513 | INFO |   ✅ ( 82/288) [06:45 → 06:50]
2026-03-26 06:42:12,664 | INFO | 📊 Aggregating vehicle_pass → record [2026-03-24 06:50:00 → 2026-03-24 06:55:00]
2026-03-26 06:42:12,678 | INFO | ✅ record_5m done [06:50 → 06:55]
2026-03-26 06:42:12,678 | INFO | ✅ record_5m aggregated [2026-03-24 06:50:00 → 2026-03-24 06:55:00]
2026-03-26 06:42:12,678 | INFO |   ✅ ( 83/288) [06:50 → 06:55]
2026-03-26 06:42:12,735 | INFO | 📊 Aggregating vehicle_pass → record [2026-03-24 06:55:00 → 2026-03-24 07:00:00]
2026-03-26 06:42:12,755 | INFO | ✅ record_5m done [06:55 → 07:00]
2026-03-26 06:42:12,755 | INFO | ✅ record_5m aggregated [2026-03-24 06:55:00 → 2026-03-24 07:00:00]
2026-03-26 06:42:12,755 | INFO |   ✅ ( 84/288) [06:55 → 07:00]
2026-03-26 06:42:12,799 | INFO | 📊 Aggregating vehicle_pass → record [2026-03-24 07:00:00 → 2026-03-24 07:05:00]
2026-03-26 06:42:12,813 | INFO | ✅ record_5m done [07:00 → 07:05]
2026-03-26 06:42:12,813 | INFO | ✅ record_5m aggregated [2026-03-24 07:00:00 → 2026-03-24 07:05:00]
2026-03-26 06:42:12,813 | INFO |   ✅ ( 85/288) [07:00 → 07:05]
2026-03-26 06:42:12,854 | INFO | 📊 Aggregating vehicle_pass → record [2026-03-24 07:05:00 → 2026-03-24 07:10:00]
2026-03-26 06:42:12,869 | INFO | ✅ record_5m done [07:05 → 07:10]
2026-03-26 06:42:12,870 | INFO | ✅ record_5m aggregated [2026-03-24 07:05:00 → 2026-03-24 07:10:00]
2026-03-26 06:42:12,870 | INFO |   ✅ ( 86/288) [07:05 → 07:10]
2026-03-26 06:42:12,920 | INFO | 📊 Aggregating vehicle_pass → record [2026-03-24 07:10:00 → 2026-03-24 07:15:00]
2026-03-26 06:42:12,933 | INFO | ✅ record_5m done [07:10 → 07:15]
2026-03-26 06:42:12,933 | INFO | ✅ record_5m aggregated [2026-03-24 07:10:00 → 2026-03-24 07:15:00]
2026-03-26 06:42:12,934 | INFO |   ✅ ( 87/288) [07:10 → 07:15]
2026-03-26 06:42:13,083 | INFO | 📊 Aggregating vehicle_pass → record [2026-03-24 07:15:00 → 2026-03-24 07:20:00]
2026-03-26 06:42:13,103 | INFO | ✅ record_5m done [07:15 → 07:20]
2026-03-26 06:42:13,104 | INFO | ✅ record_5m aggregated [2026-03-24 07:15:00 → 2026-03-24 07:20:00]
2026-03-26 06:42:13,104 | INFO |   ✅ ( 88/288) [07:15 → 07:20]
2026-03-26 06:42:13,147 | INFO | 📊 Aggregating vehicle_pass → record [2026-03-24 07:20:00 → 2026-03-24 07:25:00]
2026-03-26 06:42:13,167 | INFO | ✅ record_5m done [07:20 → 07:25]
2026-03-26 06:42:13,167 | INFO | ✅ record_5m aggregated [2026-03-24 07:20:00 → 2026-03-24 07:25:00]
2026-03-26 06:42:13,167 | INFO |   ✅ ( 89/288) [07:20 → 07:25]
2026-03-26 06:42:13,213 | INFO | 📊 Aggregating vehicle_pass → record [2026-03-24 07:25:00 → 2026-03-24 07:30:00]
2026-03-26 06:42:13,232 | INFO | ✅ record_5m done [07:25 → 07:30]
2026-03-26 06:42:13,232 | INFO | ✅ record_5m aggregated [2026-03-24 07:25:00 → 2026-03-24 07:30:00]
2026-03-26 06:42:13,233 | INFO |   ✅ ( 90/288) [07:25 → 07:30]
2026-03-26 06:42:13,275 | INFO | 📊 Aggregating vehicle_pass → record [2026-03-24 07:30:00 → 2026-03-24 07:35:00]
2026-03-26 06:42:13,295 | INFO | ✅ record_5m done [07:30 → 07:35]
2026-03-26 06:42:13,295 | INFO | ✅ record_5m aggregated [2026-03-24 07:30:00 → 2026-03-24 07:35:00]
2026-03-26 06:42:13,296 | INFO |   ✅ ( 91/288) [07:30 → 07:35]
2026-03-26 06:42:13,340 | INFO | 📊 Aggregating vehicle_pass → record [2026-03-24 07:35:00 → 2026-03-24 07:40:00]
2026-03-26 06:42:13,360 | INFO | ✅ record_5m done [07:35 → 07:40]
2026-03-26 06:42:13,360 | INFO | ✅ record_5m aggregated [2026-03-24 07:35:00 → 2026-03-24 07:40:00]
2026-03-26 06:42:13,360 | INFO |   ✅ ( 92/288) [07:35 → 07:40]
2026-03-26 06:42:13,414 | INFO | 📊 Aggregating vehicle_pass → record [2026-03-24 07:40:00 → 2026-03-24 07:45:00]
2026-03-26 06:42:13,433 | INFO | ✅ record_5m done [07:40 → 07:45]
2026-03-26 06:42:13,433 | INFO | ✅ record_5m aggregated [2026-03-24 07:40:00 → 2026-03-24 07:45:00]
2026-03-26 06:42:13,433 | INFO |   ✅ ( 93/288) [07:40 → 07:45]
2026-03-26 06:42:13,580 | INFO | 📊 Aggregating vehicle_pass → record [2026-03-24 07:45:00 → 2026-03-24 07:50:00]
2026-03-26 06:42:13,602 | INFO | ✅ record_5m done [07:45 → 07:50]
2026-03-26 06:42:13,602 | INFO | ✅ record_5m aggregated [2026-03-24 07:45:00 → 2026-03-24 07:50:00]
2026-03-26 06:42:13,603 | INFO |   ✅ ( 94/288) [07:45 → 07:50]
2026-03-26 06:42:13,663 | INFO | 📊 Aggregating vehicle_pass → record [2026-03-24 07:50:00 → 2026-03-24 07:55:00]
2026-03-26 06:42:13,682 | INFO | ✅ record_5m done [07:50 → 07:55]
2026-03-26 06:42:13,682 | INFO | ✅ record_5m aggregated [2026-03-24 07:50:00 → 2026-03-24 07:55:00]
2026-03-26 06:42:13,682 | INFO |   ✅ ( 95/288) [07:50 → 07:55]
2026-03-26 06:42:13,730 | INFO | 📊 Aggregating vehicle_pass → record [2026-03-24 07:55:00 → 2026-03-24 08:00:00]
2026-03-26 06:42:13,750 | INFO | ✅ record_5m done [07:55 → 08:00]
2026-03-26 06:42:13,750 | INFO | ✅ record_5m aggregated [2026-03-24 07:55:00 → 2026-03-24 08:00:00]
2026-03-26 06:42:13,751 | INFO |   ✅ ( 96/288) [07:55 → 08:00]
2026-03-26 06:42:13,799 | INFO | 📊 Aggregating vehicle_pass → record [2026-03-24 08:00:00 → 2026-03-24 08:05:00]
2026-03-26 06:42:13,828 | INFO | ✅ record_5m done [08:00 → 08:05]
2026-03-26 06:42:13,828 | INFO | ✅ record_5m aggregated [2026-03-24 08:00:00 → 2026-03-24 08:05:00]
2026-03-26 06:42:13,828 | INFO |   ✅ ( 97/288) [08:00 → 08:05]
2026-03-26 06:42:13,884 | INFO | 📊 Aggregating vehicle_pass → record [2026-03-24 08:05:00 → 2026-03-24 08:10:00]
2026-03-26 06:42:13,904 | INFO | ✅ record_5m done [08:05 → 08:10]
2026-03-26 06:42:13,904 | INFO | ✅ record_5m aggregated [2026-03-24 08:05:00 → 2026-03-24 08:10:00]
2026-03-26 06:42:13,904 | INFO |   ✅ ( 98/288) [08:05 → 08:10]
2026-03-26 06:42:13,955 | INFO | 📊 Aggregating vehicle_pass → record [2026-03-24 08:10:00 → 2026-03-24 08:15:00]
2026-03-26 06:42:13,974 | INFO | ✅ record_5m done [08:10 → 08:15]
2026-03-26 06:42:13,974 | INFO | ✅ record_5m aggregated [2026-03-24 08:10:00 → 2026-03-24 08:15:00]
2026-03-26 06:42:13,974 | INFO |   ✅ ( 99/288) [08:10 → 08:15]
2026-03-26 06:42:14,128 | INFO | 📊 Aggregating vehicle_pass → record [2026-03-24 08:15:00 → 2026-03-24 08:20:00]
2026-03-26 06:42:14,146 | INFO | ✅ record_5m done [08:15 → 08:20]
2026-03-26 06:42:14,146 | INFO | ✅ record_5m aggregated [2026-03-24 08:15:00 → 2026-03-24 08:20:00]
2026-03-26 06:42:14,146 | INFO |   ✅ (100/288) [08:15 → 08:20]
2026-03-26 06:42:14,192 | INFO | 📊 Aggregating vehicle_pass → record [2026-03-24 08:20:00 → 2026-03-24 08:25:00]
2026-03-26 06:42:14,208 | INFO | ✅ record_5m done [08:20 → 08:25]
2026-03-26 06:42:14,209 | INFO | ✅ record_5m aggregated [2026-03-24 08:20:00 → 2026-03-24 08:25:00]
2026-03-26 06:42:14,209 | INFO |   ✅ (101/288) [08:20 → 08:25]
2026-03-26 06:42:14,310 | INFO | 📊 Aggregating vehicle_pass → record [2026-03-24 08:25:00 → 2026-03-24 08:30:00]
2026-03-26 06:42:14,335 | INFO | ✅ record_5m done [08:25 → 08:30]
2026-03-26 06:42:14,336 | INFO | ✅ record_5m aggregated [2026-03-24 08:25:00 → 2026-03-24 08:30:00]
2026-03-26 06:42:14,336 | INFO |   ✅ (102/288) [08:25 → 08:30]
2026-03-26 06:42:14,383 | INFO | 📊 Aggregating vehicle_pass → record [2026-03-24 08:30:00 → 2026-03-24 08:35:00]
2026-03-26 06:42:14,408 | INFO | ✅ record_5m done [08:30 → 08:35]
2026-03-26 06:42:14,408 | INFO | ✅ record_5m aggregated [2026-03-24 08:30:00 → 2026-03-24 08:35:00]
2026-03-26 06:42:14,409 | INFO |   ✅ (103/288) [08:30 → 08:35]
2026-03-26 06:42:14,461 | INFO | 📊 Aggregating vehicle_pass → record [2026-03-24 08:35:00 → 2026-03-24 08:40:00]
2026-03-26 06:42:14,498 | INFO | ✅ record_5m done [08:35 → 08:40]
2026-03-26 06:42:14,499 | INFO | ✅ record_5m aggregated [2026-03-24 08:35:00 → 2026-03-24 08:40:00]
2026-03-26 06:42:14,499 | INFO |   ✅ (104/288) [08:35 → 08:40]
2026-03-26 06:42:14,557 | INFO | 📊 Aggregating vehicle_pass → record [2026-03-24 08:40:00 → 2026-03-24 08:45:00]
2026-03-26 06:42:14,584 | INFO | ✅ record_5m done [08:40 → 08:45]
2026-03-26 06:42:14,584 | INFO | ✅ record_5m aggregated [2026-03-24 08:40:00 → 2026-03-24 08:45:00]
2026-03-26 06:42:14,584 | INFO |   ✅ (105/288) [08:40 → 08:45]
2026-03-26 06:42:14,640 | INFO | 📊 Aggregating vehicle_pass → record [2026-03-24 08:45:00 → 2026-03-24 08:50:00]
2026-03-26 06:42:14,669 | INFO | ✅ record_5m done [08:45 → 08:50]
2026-03-26 06:42:14,670 | INFO | ✅ record_5m aggregated [2026-03-24 08:45:00 → 2026-03-24 08:50:00]
2026-03-26 06:42:14,670 | INFO |   ✅ (106/288) [08:45 → 08:50]
2026-03-26 06:42:14,735 | INFO | 📊 Aggregating vehicle_pass → record [2026-03-24 08:50:00 → 2026-03-24 08:55:00]
2026-03-26 06:42:14,761 | INFO | ✅ record_5m done [08:50 → 08:55]
2026-03-26 06:42:14,762 | INFO | ✅ record_5m aggregated [2026-03-24 08:50:00 → 2026-03-24 08:55:00]
2026-03-26 06:42:14,762 | INFO |   ✅ (107/288) [08:50 → 08:55]
2026-03-26 06:42:14,812 | INFO | 📊 Aggregating vehicle_pass → record [2026-03-24 08:55:00 → 2026-03-24 09:00:00]
2026-03-26 06:42:14,832 | INFO | ✅ record_5m done [08:55 → 09:00]
2026-03-26 06:42:14,833 | INFO | ✅ record_5m aggregated [2026-03-24 08:55:00 → 2026-03-24 09:00:00]
2026-03-26 06:42:14,833 | INFO |   ✅ (108/288) [08:55 → 09:00]
2026-03-26 06:42:14,892 | INFO | 📊 Aggregating vehicle_pass → record [2026-03-24 09:00:00 → 2026-03-24 09:05:00]
2026-03-26 06:42:14,919 | INFO | ✅ record_5m done [09:00 → 09:05]
2026-03-26 06:42:14,919 | INFO | ✅ record_5m aggregated [2026-03-24 09:00:00 → 2026-03-24 09:05:00]
2026-03-26 06:42:14,919 | INFO |   ✅ (109/288) [09:00 → 09:05]
2026-03-26 06:42:15,066 | INFO | 📊 Aggregating vehicle_pass → record [2026-03-24 09:05:00 → 2026-03-24 09:10:00]
2026-03-26 06:42:15,084 | INFO | ✅ record_5m done [09:05 → 09:10]
2026-03-26 06:42:15,084 | INFO | ✅ record_5m aggregated [2026-03-24 09:05:00 → 2026-03-24 09:10:00]
2026-03-26 06:42:15,084 | INFO |   ✅ (110/288) [09:05 → 09:10]
2026-03-26 06:42:15,129 | INFO | 📊 Aggregating vehicle_pass → record [2026-03-24 09:10:00 → 2026-03-24 09:15:00]
2026-03-26 06:42:15,149 | INFO | ✅ record_5m done [09:10 → 09:15]
2026-03-26 06:42:15,150 | INFO | ✅ record_5m aggregated [2026-03-24 09:10:00 → 2026-03-24 09:15:00]
2026-03-26 06:42:15,150 | INFO |   ✅ (111/288) [09:10 → 09:15]
2026-03-26 06:42:15,195 | INFO | 📊 Aggregating vehicle_pass → record [2026-03-24 09:15:00 → 2026-03-24 09:20:00]
2026-03-26 06:42:15,213 | INFO | ✅ record_5m done [09:15 → 09:20]
2026-03-26 06:42:15,214 | INFO | ✅ record_5m aggregated [2026-03-24 09:15:00 → 2026-03-24 09:20:00]
2026-03-26 06:42:15,214 | INFO |   ✅ (112/288) [09:15 → 09:20]
2026-03-26 06:42:15,257 | INFO | 📊 Aggregating vehicle_pass → record [2026-03-24 09:20:00 → 2026-03-24 09:25:00]
2026-03-26 06:42:15,276 | INFO | ✅ record_5m done [09:20 → 09:25]
2026-03-26 06:42:15,277 | INFO | ✅ record_5m aggregated [2026-03-24 09:20:00 → 2026-03-24 09:25:00]
2026-03-26 06:42:15,277 | INFO |   ✅ (113/288) [09:20 → 09:25]
2026-03-26 06:42:15,322 | INFO | 📊 Aggregating vehicle_pass → record [2026-03-24 09:25:00 → 2026-03-24 09:30:00]
2026-03-26 06:42:15,342 | INFO | ✅ record_5m done [09:25 → 09:30]
2026-03-26 06:42:15,342 | INFO | ✅ record_5m aggregated [2026-03-24 09:25:00 → 2026-03-24 09:30:00]
2026-03-26 06:42:15,342 | INFO |   ✅ (114/288) [09:25 → 09:30]
2026-03-26 06:42:15,386 | INFO | 📊 Aggregating vehicle_pass → record [2026-03-24 09:30:00 → 2026-03-24 09:35:00]
2026-03-26 06:42:15,413 | INFO | ✅ record_5m done [09:30 → 09:35]
2026-03-26 06:42:15,414 | INFO | ✅ record_5m aggregated [2026-03-24 09:30:00 → 2026-03-24 09:35:00]
2026-03-26 06:42:15,414 | INFO |   ✅ (115/288) [09:30 → 09:35]
2026-03-26 06:42:15,462 | INFO | 📊 Aggregating vehicle_pass → record [2026-03-24 09:35:00 → 2026-03-24 09:40:00]
2026-03-26 06:42:15,480 | INFO | ✅ record_5m done [09:35 → 09:40]
2026-03-26 06:42:15,481 | INFO | ✅ record_5m aggregated [2026-03-24 09:35:00 → 2026-03-24 09:40:00]
2026-03-26 06:42:15,481 | INFO |   ✅ (116/288) [09:35 → 09:40]
2026-03-26 06:42:15,528 | INFO | 📊 Aggregating vehicle_pass → record [2026-03-24 09:40:00 → 2026-03-24 09:45:00]
2026-03-26 06:42:15,553 | INFO | ✅ record_5m done [09:40 → 09:45]
2026-03-26 06:42:15,553 | INFO | ✅ record_5m aggregated [2026-03-24 09:40:00 → 2026-03-24 09:45:00]
2026-03-26 06:42:15,554 | INFO |   ✅ (117/288) [09:40 → 09:45]
2026-03-26 06:42:15,599 | INFO | 📊 Aggregating vehicle_pass → record [2026-03-24 09:45:00 → 2026-03-24 09:50:00]
2026-03-26 06:42:15,619 | INFO | ✅ record_5m done [09:45 → 09:50]
2026-03-26 06:42:15,620 | INFO | ✅ record_5m aggregated [2026-03-24 09:45:00 → 2026-03-24 09:50:00]
2026-03-26 06:42:15,620 | INFO |   ✅ (118/288) [09:45 → 09:50]
2026-03-26 06:42:15,670 | INFO | 📊 Aggregating vehicle_pass → record [2026-03-24 09:50:00 → 2026-03-24 09:55:00]
2026-03-26 06:42:15,690 | INFO | ✅ record_5m done [09:50 → 09:55]
2026-03-26 06:42:15,691 | INFO | ✅ record_5m aggregated [2026-03-24 09:50:00 → 2026-03-24 09:55:00]
2026-03-26 06:42:15,691 | INFO |   ✅ (119/288) [09:50 → 09:55]
2026-03-26 06:42:15,734 | INFO | 📊 Aggregating vehicle_pass → record [2026-03-24 09:55:00 → 2026-03-24 10:00:00]
2026-03-26 06:42:15,759 | INFO | ✅ record_5m done [09:55 → 10:00]
2026-03-26 06:42:15,759 | INFO | ✅ record_5m aggregated [2026-03-24 09:55:00 → 2026-03-24 10:00:00]
2026-03-26 06:42:15,759 | INFO |   ✅ (120/288) [09:55 → 10:00]
2026-03-26 06:42:15,813 | INFO | 📊 Aggregating vehicle_pass → record [2026-03-24 10:00:00 → 2026-03-24 10:05:00]
2026-03-26 06:42:15,828 | INFO | ✅ record_5m done [10:00 → 10:05]
2026-03-26 06:42:15,828 | INFO | ✅ record_5m aggregated [2026-03-24 10:00:00 → 2026-03-24 10:05:00]
2026-03-26 06:42:15,829 | INFO |   ✅ (121/288) [10:00 → 10:05]
2026-03-26 06:42:15,884 | INFO | 📊 Aggregating vehicle_pass → record [2026-03-24 10:05:00 → 2026-03-24 10:10:00]
2026-03-26 06:42:15,904 | INFO | ✅ record_5m done [10:05 → 10:10]
2026-03-26 06:42:15,904 | INFO | ✅ record_5m aggregated [2026-03-24 10:05:00 → 2026-03-24 10:10:00]
2026-03-26 06:42:15,904 | INFO |   ✅ (122/288) [10:05 → 10:10]
2026-03-26 06:42:15,953 | INFO | 📊 Aggregating vehicle_pass → record [2026-03-24 10:10:00 → 2026-03-24 10:15:00]
2026-03-26 06:42:15,976 | INFO | ✅ record_5m done [10:10 → 10:15]
2026-03-26 06:42:15,976 | INFO | ✅ record_5m aggregated [2026-03-24 10:10:00 → 2026-03-24 10:15:00]
2026-03-26 06:42:15,976 | INFO |   ✅ (123/288) [10:10 → 10:15]
2026-03-26 06:42:16,117 | INFO | 📊 Aggregating vehicle_pass → record [2026-03-24 10:15:00 → 2026-03-24 10:20:00]
2026-03-26 06:42:16,138 | INFO | ✅ record_5m done [10:15 → 10:20]
2026-03-26 06:42:16,138 | INFO | ✅ record_5m aggregated [2026-03-24 10:15:00 → 2026-03-24 10:20:00]
2026-03-26 06:42:16,138 | INFO |   ✅ (124/288) [10:15 → 10:20]
2026-03-26 06:42:16,187 | INFO | 📊 Aggregating vehicle_pass → record [2026-03-24 10:20:00 → 2026-03-24 10:25:00]
2026-03-26 06:42:16,214 | INFO | ✅ record_5m done [10:20 → 10:25]
2026-03-26 06:42:16,214 | INFO | ✅ record_5m aggregated [2026-03-24 10:20:00 → 2026-03-24 10:25:00]
2026-03-26 06:42:16,215 | INFO |   ✅ (125/288) [10:20 → 10:25]
2026-03-26 06:42:16,262 | INFO | 📊 Aggregating vehicle_pass → record [2026-03-24 10:25:00 → 2026-03-24 10:30:00]
2026-03-26 06:42:16,285 | INFO | ✅ record_5m done [10:25 → 10:30]
2026-03-26 06:42:16,285 | INFO | ✅ record_5m aggregated [2026-03-24 10:25:00 → 2026-03-24 10:30:00]
2026-03-26 06:42:16,285 | INFO |   ✅ (126/288) [10:25 → 10:30]
2026-03-26 06:42:16,427 | INFO | 📊 Aggregating vehicle_pass → record [2026-03-24 10:30:00 → 2026-03-24 10:35:00]
2026-03-26 06:42:16,447 | INFO | ✅ record_5m done [10:30 → 10:35]
2026-03-26 06:42:16,448 | INFO | ✅ record_5m aggregated [2026-03-24 10:30:00 → 2026-03-24 10:35:00]
2026-03-26 06:42:16,448 | INFO |   ✅ (127/288) [10:30 → 10:35]
2026-03-26 06:42:16,492 | INFO | 📊 Aggregating vehicle_pass → record [2026-03-24 10:35:00 → 2026-03-24 10:40:00]
2026-03-26 06:42:16,510 | INFO | ✅ record_5m done [10:35 → 10:40]
2026-03-26 06:42:16,511 | INFO | ✅ record_5m aggregated [2026-03-24 10:35:00 → 2026-03-24 10:40:00]
2026-03-26 06:42:16,511 | INFO |   ✅ (128/288) [10:35 → 10:40]
2026-03-26 06:42:16,658 | INFO | 📊 Aggregating vehicle_pass → record [2026-03-24 10:40:00 → 2026-03-24 10:45:00]
2026-03-26 06:42:16,702 | INFO | ✅ record_5m done [10:40 → 10:45]
2026-03-26 06:42:16,702 | INFO | ✅ record_5m aggregated [2026-03-24 10:40:00 → 2026-03-24 10:45:00]
2026-03-26 06:42:16,702 | INFO |   ✅ (129/288) [10:40 → 10:45]
2026-03-26 06:42:16,756 | INFO | 📊 Aggregating vehicle_pass → record [2026-03-24 10:45:00 → 2026-03-24 10:50:00]
2026-03-26 06:42:16,781 | INFO | ✅ record_5m done [10:45 → 10:50]
2026-03-26 06:42:16,781 | INFO | ✅ record_5m aggregated [2026-03-24 10:45:00 → 2026-03-24 10:50:00]
2026-03-26 06:42:16,781 | INFO |   ✅ (130/288) [10:45 → 10:50]
2026-03-26 06:42:16,934 | INFO | 📊 Aggregating vehicle_pass → record [2026-03-24 10:50:00 → 2026-03-24 10:55:00]
2026-03-26 06:42:16,956 | INFO | ✅ record_5m done [10:50 → 10:55]
2026-03-26 06:42:16,957 | INFO | ✅ record_5m aggregated [2026-03-24 10:50:00 → 2026-03-24 10:55:00]
2026-03-26 06:42:16,957 | INFO |   ✅ (131/288) [10:50 → 10:55]
2026-03-26 06:42:17,012 | INFO | 📊 Aggregating vehicle_pass → record [2026-03-24 10:55:00 → 2026-03-24 11:00:00]
2026-03-26 06:42:17,057 | INFO | ✅ record_5m done [10:55 → 11:00]
2026-03-26 06:42:17,058 | INFO | ✅ record_5m aggregated [2026-03-24 10:55:00 → 2026-03-24 11:00:00]
2026-03-26 06:42:17,058 | INFO |   ✅ (132/288) [10:55 → 11:00]
2026-03-26 06:42:17,208 | INFO | 📊 Aggregating vehicle_pass → record [2026-03-24 11:00:00 → 2026-03-24 11:05:00]
2026-03-26 06:42:17,232 | INFO | ✅ record_5m done [11:00 → 11:05]
2026-03-26 06:42:17,232 | INFO | ✅ record_5m aggregated [2026-03-24 11:00:00 → 2026-03-24 11:05:00]
2026-03-26 06:42:17,232 | INFO |   ✅ (133/288) [11:00 → 11:05]
2026-03-26 06:42:17,289 | INFO | 📊 Aggregating vehicle_pass → record [2026-03-24 11:05:00 → 2026-03-24 11:10:00]
2026-03-26 06:42:17,314 | INFO | ✅ record_5m done [11:05 → 11:10]
2026-03-26 06:42:17,315 | INFO | ✅ record_5m aggregated [2026-03-24 11:05:00 → 2026-03-24 11:10:00]
2026-03-26 06:42:17,315 | INFO |   ✅ (134/288) [11:05 → 11:10]
2026-03-26 06:42:17,362 | INFO | 📊 Aggregating vehicle_pass → record [2026-03-24 11:10:00 → 2026-03-24 11:15:00]
2026-03-26 06:42:17,382 | INFO | ✅ record_5m done [11:10 → 11:15]
2026-03-26 06:42:17,382 | INFO | ✅ record_5m aggregated [2026-03-24 11:10:00 → 2026-03-24 11:15:00]
2026-03-26 06:42:17,382 | INFO |   ✅ (135/288) [11:10 → 11:15]
2026-03-26 06:42:17,538 | INFO | 📊 Aggregating vehicle_pass → record [2026-03-24 11:15:00 → 2026-03-24 11:20:00]
2026-03-26 06:42:17,572 | INFO | ✅ record_5m done [11:15 → 11:20]
2026-03-26 06:42:17,572 | INFO | ✅ record_5m aggregated [2026-03-24 11:15:00 → 2026-03-24 11:20:00]
2026-03-26 06:42:17,573 | INFO |   ✅ (136/288) [11:15 → 11:20]
2026-03-26 06:42:17,717 | INFO | 📊 Aggregating vehicle_pass → record [2026-03-24 11:20:00 → 2026-03-24 11:25:00]
2026-03-26 06:42:17,734 | INFO | ✅ record_5m done [11:20 → 11:25]
2026-03-26 06:42:17,735 | INFO | ✅ record_5m aggregated [2026-03-24 11:20:00 → 2026-03-24 11:25:00]
2026-03-26 06:42:17,735 | INFO |   ✅ (137/288) [11:20 → 11:25]
2026-03-26 06:42:17,786 | INFO | 📊 Aggregating vehicle_pass → record [2026-03-24 11:25:00 → 2026-03-24 11:30:00]
2026-03-26 06:42:17,805 | INFO | ✅ record_5m done [11:25 → 11:30]
2026-03-26 06:42:17,806 | INFO | ✅ record_5m aggregated [2026-03-24 11:25:00 → 2026-03-24 11:30:00]
2026-03-26 06:42:17,806 | INFO |   ✅ (138/288) [11:25 → 11:30]
2026-03-26 06:42:17,964 | INFO | 📊 Aggregating vehicle_pass → record [2026-03-24 11:30:00 → 2026-03-24 11:35:00]
2026-03-26 06:42:17,989 | INFO | ✅ record_5m done [11:30 → 11:35]
2026-03-26 06:42:17,989 | INFO | ✅ record_5m aggregated [2026-03-24 11:30:00 → 2026-03-24 11:35:00]
2026-03-26 06:42:17,990 | INFO |   ✅ (139/288) [11:30 → 11:35]
2026-03-26 06:42:18,098 | INFO | 📊 Aggregating vehicle_pass → record [2026-03-24 11:35:00 → 2026-03-24 11:40:00]
2026-03-26 06:42:18,129 | INFO | ✅ record_5m done [11:35 → 11:40]
2026-03-26 06:42:18,129 | INFO | ✅ record_5m aggregated [2026-03-24 11:35:00 → 2026-03-24 11:40:00]
2026-03-26 06:42:18,130 | INFO |   ✅ (140/288) [11:35 → 11:40]
2026-03-26 06:42:18,186 | INFO | 📊 Aggregating vehicle_pass → record [2026-03-24 11:40:00 → 2026-03-24 11:45:00]
2026-03-26 06:42:18,213 | INFO | ✅ record_5m done [11:40 → 11:45]
2026-03-26 06:42:18,213 | INFO | ✅ record_5m aggregated [2026-03-24 11:40:00 → 2026-03-24 11:45:00]
2026-03-26 06:42:18,213 | INFO |   ✅ (141/288) [11:40 → 11:45]
2026-03-26 06:42:18,266 | INFO | 📊 Aggregating vehicle_pass → record [2026-03-24 11:45:00 → 2026-03-24 11:50:00]
2026-03-26 06:42:18,294 | INFO | ✅ record_5m done [11:45 → 11:50]
2026-03-26 06:42:18,294 | INFO | ✅ record_5m aggregated [2026-03-24 11:45:00 → 2026-03-24 11:50:00]
2026-03-26 06:42:18,294 | INFO |   ✅ (142/288) [11:45 → 11:50]
2026-03-26 06:42:18,439 | INFO | 📊 Aggregating vehicle_pass → record [2026-03-24 11:50:00 → 2026-03-24 11:55:00]
2026-03-26 06:42:18,460 | INFO | ✅ record_5m done [11:50 → 11:55]
2026-03-26 06:42:18,460 | INFO | ✅ record_5m aggregated [2026-03-24 11:50:00 → 2026-03-24 11:55:00]
2026-03-26 06:42:18,460 | INFO |   ✅ (143/288) [11:50 → 11:55]
2026-03-26 06:42:18,604 | INFO | 📊 Aggregating vehicle_pass → record [2026-03-24 11:55:00 → 2026-03-24 12:00:00]
2026-03-26 06:42:18,630 | INFO | ✅ record_5m done [11:55 → 12:00]
2026-03-26 06:42:18,631 | INFO | ✅ record_5m aggregated [2026-03-24 11:55:00 → 2026-03-24 12:00:00]
2026-03-26 06:42:18,631 | INFO |   ✅ (144/288) [11:55 → 12:00]
2026-03-26 06:42:18,685 | INFO | 📊 Aggregating vehicle_pass → record [2026-03-24 12:00:00 → 2026-03-24 12:05:00]
2026-03-26 06:42:18,703 | INFO | ✅ record_5m done [12:00 → 12:05]
2026-03-26 06:42:18,705 | INFO | ✅ record_5m aggregated [2026-03-24 12:00:00 → 2026-03-24 12:05:00]
2026-03-26 06:42:18,705 | INFO |   ✅ (145/288) [12:00 → 12:05]
2026-03-26 06:42:18,745 | INFO | 📊 Aggregating vehicle_pass → record [2026-03-24 12:05:00 → 2026-03-24 12:10:00]
2026-03-26 06:42:18,765 | INFO | ✅ record_5m done [12:05 → 12:10]
2026-03-26 06:42:18,765 | INFO | ✅ record_5m aggregated [2026-03-24 12:05:00 → 2026-03-24 12:10:00]
2026-03-26 06:42:18,765 | INFO |   ✅ (146/288) [12:05 → 12:10]
2026-03-26 06:42:18,803 | INFO | 📊 Aggregating vehicle_pass → record [2026-03-24 12:10:00 → 2026-03-24 12:15:00]
2026-03-26 06:42:18,820 | INFO | ✅ record_5m done [12:10 → 12:15]
2026-03-26 06:42:18,821 | INFO | ✅ record_5m aggregated [2026-03-24 12:10:00 → 2026-03-24 12:15:00]
2026-03-26 06:42:18,821 | INFO |   ✅ (147/288) [12:10 → 12:15]
2026-03-26 06:42:18,972 | INFO | 📊 Aggregating vehicle_pass → record [2026-03-24 12:15:00 → 2026-03-24 12:20:00]
2026-03-26 06:42:18,992 | INFO | ✅ record_5m done [12:15 → 12:20]
2026-03-26 06:42:18,992 | INFO | ✅ record_5m aggregated [2026-03-24 12:15:00 → 2026-03-24 12:20:00]
2026-03-26 06:42:18,992 | INFO |   ✅ (148/288) [12:15 → 12:20]
2026-03-26 06:42:19,036 | INFO | 📊 Aggregating vehicle_pass → record [2026-03-24 12:20:00 → 2026-03-24 12:25:00]
2026-03-26 06:42:19,059 | INFO | ✅ record_5m done [12:20 → 12:25]
2026-03-26 06:42:19,059 | INFO | ✅ record_5m aggregated [2026-03-24 12:20:00 → 2026-03-24 12:25:00]
2026-03-26 06:42:19,059 | INFO |   ✅ (149/288) [12:20 → 12:25]
2026-03-26 06:42:19,205 | INFO | 📊 Aggregating vehicle_pass → record [2026-03-24 12:25:00 → 2026-03-24 12:30:00]
2026-03-26 06:42:19,226 | INFO | ✅ record_5m done [12:25 → 12:30]
2026-03-26 06:42:19,226 | INFO | ✅ record_5m aggregated [2026-03-24 12:25:00 → 2026-03-24 12:30:00]
2026-03-26 06:42:19,227 | INFO |   ✅ (150/288) [12:25 → 12:30]
2026-03-26 06:42:19,378 | INFO | 📊 Aggregating vehicle_pass → record [2026-03-24 12:30:00 → 2026-03-24 12:35:00]
2026-03-26 06:42:19,402 | INFO | ✅ record_5m done [12:30 → 12:35]
2026-03-26 06:42:19,403 | INFO | ✅ record_5m aggregated [2026-03-24 12:30:00 → 2026-03-24 12:35:00]
2026-03-26 06:42:19,403 | INFO |   ✅ (151/288) [12:30 → 12:35]
2026-03-26 06:42:19,568 | INFO | 📊 Aggregating vehicle_pass → record [2026-03-24 12:35:00 → 2026-03-24 12:40:00]
2026-03-26 06:42:19,592 | INFO | ✅ record_5m done [12:35 → 12:40]
2026-03-26 06:42:19,593 | INFO | ✅ record_5m aggregated [2026-03-24 12:35:00 → 2026-03-24 12:40:00]
2026-03-26 06:42:19,593 | INFO |   ✅ (152/288) [12:35 → 12:40]
2026-03-26 06:42:19,639 | INFO | 📊 Aggregating vehicle_pass → record [2026-03-24 12:40:00 → 2026-03-24 12:45:00]
2026-03-26 06:42:19,663 | INFO | ✅ record_5m done [12:40 → 12:45]
2026-03-26 06:42:19,663 | INFO | ✅ record_5m aggregated [2026-03-24 12:40:00 → 2026-03-24 12:45:00]
2026-03-26 06:42:19,664 | INFO |   ✅ (153/288) [12:40 → 12:45]
2026-03-26 06:42:19,817 | INFO | 📊 Aggregating vehicle_pass → record [2026-03-24 12:45:00 → 2026-03-24 12:50:00]
2026-03-26 06:42:19,839 | INFO | ✅ record_5m done [12:45 → 12:50]
2026-03-26 06:42:19,839 | INFO | ✅ record_5m aggregated [2026-03-24 12:45:00 → 2026-03-24 12:50:00]
2026-03-26 06:42:19,839 | INFO |   ✅ (154/288) [12:45 → 12:50]
2026-03-26 06:42:19,884 | INFO | 📊 Aggregating vehicle_pass → record [2026-03-24 12:50:00 → 2026-03-24 12:55:00]
2026-03-26 06:42:19,901 | INFO | ✅ record_5m done [12:50 → 12:55]
2026-03-26 06:42:19,901 | INFO | ✅ record_5m aggregated [2026-03-24 12:50:00 → 2026-03-24 12:55:00]
2026-03-26 06:42:19,901 | INFO |   ✅ (155/288) [12:50 → 12:55]
2026-03-26 06:42:19,949 | INFO | 📊 Aggregating vehicle_pass → record [2026-03-24 12:55:00 → 2026-03-24 13:00:00]
2026-03-26 06:42:19,967 | INFO | ✅ record_5m done [12:55 → 13:00]
2026-03-26 06:42:19,968 | INFO | ✅ record_5m aggregated [2026-03-24 12:55:00 → 2026-03-24 13:00:00]
2026-03-26 06:42:19,968 | INFO |   ✅ (156/288) [12:55 → 13:00]
2026-03-26 06:42:20,017 | INFO | 📊 Aggregating vehicle_pass → record [2026-03-24 13:00:00 → 2026-03-24 13:05:00]
2026-03-26 06:42:20,041 | INFO | ✅ record_5m done [13:00 → 13:05]
2026-03-26 06:42:20,042 | INFO | ✅ record_5m aggregated [2026-03-24 13:00:00 → 2026-03-24 13:05:00]
2026-03-26 06:42:20,042 | INFO |   ✅ (157/288) [13:00 → 13:05]
2026-03-26 06:42:20,087 | INFO | 📊 Aggregating vehicle_pass → record [2026-03-24 13:05:00 → 2026-03-24 13:10:00]
2026-03-26 06:42:20,105 | INFO | ✅ record_5m done [13:05 → 13:10]
2026-03-26 06:42:20,106 | INFO | ✅ record_5m aggregated [2026-03-24 13:05:00 → 2026-03-24 13:10:00]
2026-03-26 06:42:20,106 | INFO |   ✅ (158/288) [13:05 → 13:10]
2026-03-26 06:42:20,154 | INFO | 📊 Aggregating vehicle_pass → record [2026-03-24 13:10:00 → 2026-03-24 13:15:00]
2026-03-26 06:42:20,175 | INFO | ✅ record_5m done [13:10 → 13:15]
2026-03-26 06:42:20,176 | INFO | ✅ record_5m aggregated [2026-03-24 13:10:00 → 2026-03-24 13:15:00]
2026-03-26 06:42:20,176 | INFO |   ✅ (159/288) [13:10 → 13:15]
2026-03-26 06:42:20,219 | INFO | 📊 Aggregating vehicle_pass → record [2026-03-24 13:15:00 → 2026-03-24 13:20:00]
2026-03-26 06:42:20,238 | INFO | ✅ record_5m done [13:15 → 13:20]
2026-03-26 06:42:20,238 | INFO | ✅ record_5m aggregated [2026-03-24 13:15:00 → 2026-03-24 13:20:00]
2026-03-26 06:42:20,239 | INFO |   ✅ (160/288) [13:15 → 13:20]
2026-03-26 06:42:20,288 | INFO | 📊 Aggregating vehicle_pass → record [2026-03-24 13:20:00 → 2026-03-24 13:25:00]
2026-03-26 06:42:20,311 | INFO | ✅ record_5m done [13:20 → 13:25]
2026-03-26 06:42:20,311 | INFO | ✅ record_5m aggregated [2026-03-24 13:20:00 → 2026-03-24 13:25:00]
2026-03-26 06:42:20,311 | INFO |   ✅ (161/288) [13:20 → 13:25]
2026-03-26 06:42:20,452 | INFO | 📊 Aggregating vehicle_pass → record [2026-03-24 13:25:00 → 2026-03-24 13:30:00]
2026-03-26 06:42:20,475 | INFO | ✅ record_5m done [13:25 → 13:30]
2026-03-26 06:42:20,476 | INFO | ✅ record_5m aggregated [2026-03-24 13:25:00 → 2026-03-24 13:30:00]
2026-03-26 06:42:20,476 | INFO |   ✅ (162/288) [13:25 → 13:30]
2026-03-26 06:42:20,529 | INFO | 📊 Aggregating vehicle_pass → record [2026-03-24 13:30:00 → 2026-03-24 13:35:00]
2026-03-26 06:42:20,546 | INFO | ✅ record_5m done [13:30 → 13:35]
2026-03-26 06:42:20,546 | INFO | ✅ record_5m aggregated [2026-03-24 13:30:00 → 2026-03-24 13:35:00]
2026-03-26 06:42:20,547 | INFO |   ✅ (163/288) [13:30 → 13:35]
2026-03-26 06:42:20,596 | INFO | 📊 Aggregating vehicle_pass → record [2026-03-24 13:35:00 → 2026-03-24 13:40:00]
2026-03-26 06:42:20,615 | INFO | ✅ record_5m done [13:35 → 13:40]
2026-03-26 06:42:20,615 | INFO | ✅ record_5m aggregated [2026-03-24 13:35:00 → 2026-03-24 13:40:00]
2026-03-26 06:42:20,615 | INFO |   ✅ (164/288) [13:35 → 13:40]
2026-03-26 06:42:20,667 | INFO | 📊 Aggregating vehicle_pass → record [2026-03-24 13:40:00 → 2026-03-24 13:45:00]
2026-03-26 06:42:20,688 | INFO | ✅ record_5m done [13:40 → 13:45]
2026-03-26 06:42:20,689 | INFO | ✅ record_5m aggregated [2026-03-24 13:40:00 → 2026-03-24 13:45:00]
2026-03-26 06:42:20,689 | INFO |   ✅ (165/288) [13:40 → 13:45]
2026-03-26 06:42:20,738 | INFO | 📊 Aggregating vehicle_pass → record [2026-03-24 13:45:00 → 2026-03-24 13:50:00]
2026-03-26 06:42:20,759 | INFO | ✅ record_5m done [13:45 → 13:50]
2026-03-26 06:42:20,760 | INFO | ✅ record_5m aggregated [2026-03-24 13:45:00 → 2026-03-24 13:50:00]
2026-03-26 06:42:20,760 | INFO |   ✅ (166/288) [13:45 → 13:50]
2026-03-26 06:42:20,811 | INFO | 📊 Aggregating vehicle_pass → record [2026-03-24 13:50:00 → 2026-03-24 13:55:00]
2026-03-26 06:42:20,830 | INFO | ✅ record_5m done [13:50 → 13:55]
2026-03-26 06:42:20,830 | INFO | ✅ record_5m aggregated [2026-03-24 13:50:00 → 2026-03-24 13:55:00]
2026-03-26 06:42:20,831 | INFO |   ✅ (167/288) [13:50 → 13:55]
2026-03-26 06:42:20,975 | INFO | 📊 Aggregating vehicle_pass → record [2026-03-24 13:55:00 → 2026-03-24 14:00:00]
2026-03-26 06:42:20,994 | INFO | ✅ record_5m done [13:55 → 14:00]
2026-03-26 06:42:20,995 | INFO | ✅ record_5m aggregated [2026-03-24 13:55:00 → 2026-03-24 14:00:00]
2026-03-26 06:42:20,995 | INFO |   ✅ (168/288) [13:55 → 14:00]
2026-03-26 06:42:21,045 | INFO | 📊 Aggregating vehicle_pass → record [2026-03-24 14:00:00 → 2026-03-24 14:05:00]
2026-03-26 06:42:21,067 | INFO | ✅ record_5m done [14:00 → 14:05]
2026-03-26 06:42:21,067 | INFO | ✅ record_5m aggregated [2026-03-24 14:00:00 → 2026-03-24 14:05:00]
2026-03-26 06:42:21,067 | INFO |   ✅ (169/288) [14:00 → 14:05]
2026-03-26 06:42:21,113 | INFO | 📊 Aggregating vehicle_pass → record [2026-03-24 14:05:00 → 2026-03-24 14:10:00]
2026-03-26 06:42:21,130 | INFO | ✅ record_5m done [14:05 → 14:10]
2026-03-26 06:42:21,130 | INFO | ✅ record_5m aggregated [2026-03-24 14:05:00 → 2026-03-24 14:10:00]
2026-03-26 06:42:21,131 | INFO |   ✅ (170/288) [14:05 → 14:10]
2026-03-26 06:42:21,190 | INFO | 📊 Aggregating vehicle_pass → record [2026-03-24 14:10:00 → 2026-03-24 14:15:00]
2026-03-26 06:42:21,211 | INFO | ✅ record_5m done [14:10 → 14:15]
2026-03-26 06:42:21,211 | INFO | ✅ record_5m aggregated [2026-03-24 14:10:00 → 2026-03-24 14:15:00]
2026-03-26 06:42:21,211 | INFO |   ✅ (171/288) [14:10 → 14:15]
2026-03-26 06:42:21,260 | INFO | 📊 Aggregating vehicle_pass → record [2026-03-24 14:15:00 → 2026-03-24 14:20:00]
2026-03-26 06:42:21,282 | INFO | ✅ record_5m done [14:15 → 14:20]
2026-03-26 06:42:21,282 | INFO | ✅ record_5m aggregated [2026-03-24 14:15:00 → 2026-03-24 14:20:00]
2026-03-26 06:42:21,282 | INFO |   ✅ (172/288) [14:15 → 14:20]
2026-03-26 06:42:21,432 | INFO | 📊 Aggregating vehicle_pass → record [2026-03-24 14:20:00 → 2026-03-24 14:25:00]
2026-03-26 06:42:21,452 | INFO | ✅ record_5m done [14:20 → 14:25]
2026-03-26 06:42:21,453 | INFO | ✅ record_5m aggregated [2026-03-24 14:20:00 → 2026-03-24 14:25:00]
2026-03-26 06:42:21,454 | INFO |   ✅ (173/288) [14:20 → 14:25]
2026-03-26 06:42:21,506 | INFO | 📊 Aggregating vehicle_pass → record [2026-03-24 14:25:00 → 2026-03-24 14:30:00]
2026-03-26 06:42:21,529 | INFO | ✅ record_5m done [14:25 → 14:30]
2026-03-26 06:42:21,530 | INFO | ✅ record_5m aggregated [2026-03-24 14:25:00 → 2026-03-24 14:30:00]
2026-03-26 06:42:21,530 | INFO |   ✅ (174/288) [14:25 → 14:30]
2026-03-26 06:42:21,578 | INFO | 📊 Aggregating vehicle_pass → record [2026-03-24 14:30:00 → 2026-03-24 14:35:00]
2026-03-26 06:42:21,614 | INFO | ✅ record_5m done [14:30 → 14:35]
2026-03-26 06:42:21,614 | INFO | ✅ record_5m aggregated [2026-03-24 14:30:00 → 2026-03-24 14:35:00]
2026-03-26 06:42:21,615 | INFO |   ✅ (175/288) [14:30 → 14:35]
2026-03-26 06:42:21,770 | INFO | 📊 Aggregating vehicle_pass → record [2026-03-24 14:35:00 → 2026-03-24 14:40:00]
2026-03-26 06:42:21,791 | INFO | ✅ record_5m done [14:35 → 14:40]
2026-03-26 06:42:21,792 | INFO | ✅ record_5m aggregated [2026-03-24 14:35:00 → 2026-03-24 14:40:00]
2026-03-26 06:42:21,792 | INFO |   ✅ (176/288) [14:35 → 14:40]
2026-03-26 06:42:21,934 | INFO | 📊 Aggregating vehicle_pass → record [2026-03-24 14:40:00 → 2026-03-24 14:45:00]
2026-03-26 06:42:21,951 | INFO | ✅ record_5m done [14:40 → 14:45]
2026-03-26 06:42:21,952 | INFO | ✅ record_5m aggregated [2026-03-24 14:40:00 → 2026-03-24 14:45:00]
2026-03-26 06:42:21,952 | INFO |   ✅ (177/288) [14:40 → 14:45]
2026-03-26 06:42:22,009 | INFO | 📊 Aggregating vehicle_pass → record [2026-03-24 14:45:00 → 2026-03-24 14:50:00]
2026-03-26 06:42:22,046 | INFO | ✅ record_5m done [14:45 → 14:50]
2026-03-26 06:42:22,047 | INFO | ✅ record_5m aggregated [2026-03-24 14:45:00 → 2026-03-24 14:50:00]
2026-03-26 06:42:22,048 | INFO |   ✅ (178/288) [14:45 → 14:50]
2026-03-26 06:42:22,097 | INFO | 📊 Aggregating vehicle_pass → record [2026-03-24 14:50:00 → 2026-03-24 14:55:00]
2026-03-26 06:42:22,121 | INFO | ✅ record_5m done [14:50 → 14:55]
2026-03-26 06:42:22,122 | INFO | ✅ record_5m aggregated [2026-03-24 14:50:00 → 2026-03-24 14:55:00]
2026-03-26 06:42:22,122 | INFO |   ✅ (179/288) [14:50 → 14:55]
2026-03-26 06:42:22,170 | INFO | 📊 Aggregating vehicle_pass → record [2026-03-24 14:55:00 → 2026-03-24 15:00:00]
2026-03-26 06:42:22,194 | INFO | ✅ record_5m done [14:55 → 15:00]
2026-03-26 06:42:22,194 | INFO | ✅ record_5m aggregated [2026-03-24 14:55:00 → 2026-03-24 15:00:00]
2026-03-26 06:42:22,194 | INFO |   ✅ (180/288) [14:55 → 15:00]
2026-03-26 06:42:22,243 | INFO | 📊 Aggregating vehicle_pass → record [2026-03-24 15:00:00 → 2026-03-24 15:05:00]
2026-03-26 06:42:22,271 | INFO | ✅ record_5m done [15:00 → 15:05]
2026-03-26 06:42:22,271 | INFO | ✅ record_5m aggregated [2026-03-24 15:00:00 → 2026-03-24 15:05:00]
2026-03-26 06:42:22,272 | INFO |   ✅ (181/288) [15:00 → 15:05]
2026-03-26 06:42:22,321 | INFO | 📊 Aggregating vehicle_pass → record [2026-03-24 15:05:00 → 2026-03-24 15:10:00]
2026-03-26 06:42:22,346 | INFO | ✅ record_5m done [15:05 → 15:10]
2026-03-26 06:42:22,347 | INFO | ✅ record_5m aggregated [2026-03-24 15:05:00 → 2026-03-24 15:10:00]
2026-03-26 06:42:22,347 | INFO |   ✅ (182/288) [15:05 → 15:10]
2026-03-26 06:42:22,500 | INFO | 📊 Aggregating vehicle_pass → record [2026-03-24 15:10:00 → 2026-03-24 15:15:00]
2026-03-26 06:42:22,518 | INFO | ✅ record_5m done [15:10 → 15:15]
2026-03-26 06:42:22,519 | INFO | ✅ record_5m aggregated [2026-03-24 15:10:00 → 2026-03-24 15:15:00]
2026-03-26 06:42:22,519 | INFO |   ✅ (183/288) [15:10 → 15:15]
2026-03-26 06:42:22,579 | INFO | 📊 Aggregating vehicle_pass → record [2026-03-24 15:15:00 → 2026-03-24 15:20:00]
2026-03-26 06:42:22,602 | INFO | ✅ record_5m done [15:15 → 15:20]
2026-03-26 06:42:22,602 | INFO | ✅ record_5m aggregated [2026-03-24 15:15:00 → 2026-03-24 15:20:00]
2026-03-26 06:42:22,603 | INFO |   ✅ (184/288) [15:15 → 15:20]
2026-03-26 06:42:22,749 | INFO | 📊 Aggregating vehicle_pass → record [2026-03-24 15:20:00 → 2026-03-24 15:25:00]
2026-03-26 06:42:22,767 | INFO | ✅ record_5m done [15:20 → 15:25]
2026-03-26 06:42:22,767 | INFO | ✅ record_5m aggregated [2026-03-24 15:20:00 → 2026-03-24 15:25:00]
2026-03-26 06:42:22,768 | INFO |   ✅ (185/288) [15:20 → 15:25]
2026-03-26 06:42:22,821 | INFO | 📊 Aggregating vehicle_pass → record [2026-03-24 15:25:00 → 2026-03-24 15:30:00]
2026-03-26 06:42:22,843 | INFO | ✅ record_5m done [15:25 → 15:30]
2026-03-26 06:42:22,843 | INFO | ✅ record_5m aggregated [2026-03-24 15:25:00 → 2026-03-24 15:30:00]
2026-03-26 06:42:22,844 | INFO |   ✅ (186/288) [15:25 → 15:30]
2026-03-26 06:42:22,901 | INFO | 📊 Aggregating vehicle_pass → record [2026-03-24 15:30:00 → 2026-03-24 15:35:00]
2026-03-26 06:42:22,923 | INFO | ✅ record_5m done [15:30 → 15:35]
2026-03-26 06:42:22,924 | INFO | ✅ record_5m aggregated [2026-03-24 15:30:00 → 2026-03-24 15:35:00]
2026-03-26 06:42:22,924 | INFO |   ✅ (187/288) [15:30 → 15:35]
2026-03-26 06:42:22,976 | INFO | 📊 Aggregating vehicle_pass → record [2026-03-24 15:35:00 → 2026-03-24 15:40:00]
2026-03-26 06:42:23,003 | INFO | ✅ record_5m done [15:35 → 15:40]
2026-03-26 06:42:23,003 | INFO | ✅ record_5m aggregated [2026-03-24 15:35:00 → 2026-03-24 15:40:00]
2026-03-26 06:42:23,003 | INFO |   ✅ (188/288) [15:35 → 15:40]
2026-03-26 06:42:23,046 | INFO | 📊 Aggregating vehicle_pass → record [2026-03-24 15:40:00 → 2026-03-24 15:45:00]
2026-03-26 06:42:23,067 | INFO | ✅ record_5m done [15:40 → 15:45]
2026-03-26 06:42:23,067 | INFO | ✅ record_5m aggregated [2026-03-24 15:40:00 → 2026-03-24 15:45:00]
2026-03-26 06:42:23,067 | INFO |   ✅ (189/288) [15:40 → 15:45]
2026-03-26 06:42:23,118 | INFO | 📊 Aggregating vehicle_pass → record [2026-03-24 15:45:00 → 2026-03-24 15:50:00]
2026-03-26 06:42:23,142 | INFO | ✅ record_5m done [15:45 → 15:50]
2026-03-26 06:42:23,142 | INFO | ✅ record_5m aggregated [2026-03-24 15:45:00 → 2026-03-24 15:50:00]
2026-03-26 06:42:23,142 | INFO |   ✅ (190/288) [15:45 → 15:50]
2026-03-26 06:42:23,214 | INFO | 📊 Aggregating vehicle_pass → record [2026-03-24 15:50:00 → 2026-03-24 15:55:00]
2026-03-26 06:42:23,234 | INFO | ✅ record_5m done [15:50 → 15:55]
2026-03-26 06:42:23,234 | INFO | ✅ record_5m aggregated [2026-03-24 15:50:00 → 2026-03-24 15:55:00]
2026-03-26 06:42:23,234 | INFO |   ✅ (191/288) [15:50 → 15:55]
2026-03-26 06:42:23,283 | INFO | 📊 Aggregating vehicle_pass → record [2026-03-24 15:55:00 → 2026-03-24 16:00:00]
2026-03-26 06:42:23,307 | INFO | ✅ record_5m done [15:55 → 16:00]
2026-03-26 06:42:23,308 | INFO | ✅ record_5m aggregated [2026-03-24 15:55:00 → 2026-03-24 16:00:00]
2026-03-26 06:42:23,308 | INFO |   ✅ (192/288) [15:55 → 16:00]
2026-03-26 06:42:23,352 | INFO | 📊 Aggregating vehicle_pass → record [2026-03-24 16:00:00 → 2026-03-24 16:05:00]
2026-03-26 06:42:23,372 | INFO | ✅ record_5m done [16:00 → 16:05]
2026-03-26 06:42:23,373 | INFO | ✅ record_5m aggregated [2026-03-24 16:00:00 → 2026-03-24 16:05:00]
2026-03-26 06:42:23,373 | INFO |   ✅ (193/288) [16:00 → 16:05]
2026-03-26 06:42:23,418 | INFO | 📊 Aggregating vehicle_pass → record [2026-03-24 16:05:00 → 2026-03-24 16:10:00]
2026-03-26 06:42:23,444 | INFO | ✅ record_5m done [16:05 → 16:10]
2026-03-26 06:42:23,444 | INFO | ✅ record_5m aggregated [2026-03-24 16:05:00 → 2026-03-24 16:10:00]
2026-03-26 06:42:23,444 | INFO |   ✅ (194/288) [16:05 → 16:10]
2026-03-26 06:42:23,500 | INFO | 📊 Aggregating vehicle_pass → record [2026-03-24 16:10:00 → 2026-03-24 16:15:00]
2026-03-26 06:42:23,535 | INFO | ✅ record_5m done [16:10 → 16:15]
2026-03-26 06:42:23,535 | INFO | ✅ record_5m aggregated [2026-03-24 16:10:00 → 2026-03-24 16:15:00]
2026-03-26 06:42:23,536 | INFO |   ✅ (195/288) [16:10 → 16:15]
2026-03-26 06:42:23,595 | INFO | 📊 Aggregating vehicle_pass → record [2026-03-24 16:15:00 → 2026-03-24 16:20:00]
2026-03-26 06:42:23,620 | INFO | ✅ record_5m done [16:15 → 16:20]
2026-03-26 06:42:23,621 | INFO | ✅ record_5m aggregated [2026-03-24 16:15:00 → 2026-03-24 16:20:00]
2026-03-26 06:42:23,621 | INFO |   ✅ (196/288) [16:15 → 16:20]
2026-03-26 06:42:23,677 | INFO | 📊 Aggregating vehicle_pass → record [2026-03-24 16:20:00 → 2026-03-24 16:25:00]
2026-03-26 06:42:23,702 | INFO | ✅ record_5m done [16:20 → 16:25]
2026-03-26 06:42:23,703 | INFO | ✅ record_5m aggregated [2026-03-24 16:20:00 → 2026-03-24 16:25:00]
2026-03-26 06:42:23,703 | INFO |   ✅ (197/288) [16:20 → 16:25]
2026-03-26 06:42:23,751 | INFO | 📊 Aggregating vehicle_pass → record [2026-03-24 16:25:00 → 2026-03-24 16:30:00]
2026-03-26 06:42:23,773 | INFO | ✅ record_5m done [16:25 → 16:30]
2026-03-26 06:42:23,774 | INFO | ✅ record_5m aggregated [2026-03-24 16:25:00 → 2026-03-24 16:30:00]
2026-03-26 06:42:23,774 | INFO |   ✅ (198/288) [16:25 → 16:30]
2026-03-26 06:42:23,926 | INFO | 📊 Aggregating vehicle_pass → record [2026-03-24 16:30:00 → 2026-03-24 16:35:00]
2026-03-26 06:42:23,944 | INFO | ✅ record_5m done [16:30 → 16:35]
2026-03-26 06:42:23,944 | INFO | ✅ record_5m aggregated [2026-03-24 16:30:00 → 2026-03-24 16:35:00]
2026-03-26 06:42:23,944 | INFO |   ✅ (199/288) [16:30 → 16:35]
2026-03-26 06:42:24,002 | INFO | 📊 Aggregating vehicle_pass → record [2026-03-24 16:35:00 → 2026-03-24 16:40:00]
2026-03-26 06:42:24,024 | INFO | ✅ record_5m done [16:35 → 16:40]
2026-03-26 06:42:24,025 | INFO | ✅ record_5m aggregated [2026-03-24 16:35:00 → 2026-03-24 16:40:00]
2026-03-26 06:42:24,025 | INFO |   ✅ (200/288) [16:35 → 16:40]
2026-03-26 06:42:24,181 | INFO | 📊 Aggregating vehicle_pass → record [2026-03-24 16:40:00 → 2026-03-24 16:45:00]
2026-03-26 06:42:24,198 | INFO | ✅ record_5m done [16:40 → 16:45]
2026-03-26 06:42:24,199 | INFO | ✅ record_5m aggregated [2026-03-24 16:40:00 → 2026-03-24 16:45:00]
2026-03-26 06:42:24,199 | INFO |   ✅ (201/288) [16:40 → 16:45]
2026-03-26 06:42:24,250 | INFO | 📊 Aggregating vehicle_pass → record [2026-03-24 16:45:00 → 2026-03-24 16:50:00]
2026-03-26 06:42:24,270 | INFO | ✅ record_5m done [16:45 → 16:50]
2026-03-26 06:42:24,270 | INFO | ✅ record_5m aggregated [2026-03-24 16:45:00 → 2026-03-24 16:50:00]
2026-03-26 06:42:24,271 | INFO |   ✅ (202/288) [16:45 → 16:50]
2026-03-26 06:42:24,315 | INFO | 📊 Aggregating vehicle_pass → record [2026-03-24 16:50:00 → 2026-03-24 16:55:00]
2026-03-26 06:42:24,333 | INFO | ✅ record_5m done [16:50 → 16:55]
2026-03-26 06:42:24,334 | INFO | ✅ record_5m aggregated [2026-03-24 16:50:00 → 2026-03-24 16:55:00]
2026-03-26 06:42:24,334 | INFO |   ✅ (203/288) [16:50 → 16:55]
2026-03-26 06:42:24,374 | INFO | 📊 Aggregating vehicle_pass → record [2026-03-24 16:55:00 → 2026-03-24 17:00:00]
2026-03-26 06:42:24,393 | INFO | ✅ record_5m done [16:55 → 17:00]
2026-03-26 06:42:24,394 | INFO | ✅ record_5m aggregated [2026-03-24 16:55:00 → 2026-03-24 17:00:00]
2026-03-26 06:42:24,394 | INFO |   ✅ (204/288) [16:55 → 17:00]
2026-03-26 06:42:24,447 | INFO | 📊 Aggregating vehicle_pass → record [2026-03-24 17:00:00 → 2026-03-24 17:05:00]
2026-03-26 06:42:24,466 | INFO | ✅ record_5m done [17:00 → 17:05]
2026-03-26 06:42:24,466 | INFO | ✅ record_5m aggregated [2026-03-24 17:00:00 → 2026-03-24 17:05:00]
2026-03-26 06:42:24,467 | INFO |   ✅ (205/288) [17:00 → 17:05]
2026-03-26 06:42:24,522 | INFO | 📊 Aggregating vehicle_pass → record [2026-03-24 17:05:00 → 2026-03-24 17:10:00]
2026-03-26 06:42:24,542 | INFO | ✅ record_5m done [17:05 → 17:10]
2026-03-26 06:42:24,543 | INFO | ✅ record_5m aggregated [2026-03-24 17:05:00 → 2026-03-24 17:10:00]
2026-03-26 06:42:24,543 | INFO |   ✅ (206/288) [17:05 → 17:10]
2026-03-26 06:42:24,613 | INFO | 📊 Aggregating vehicle_pass → record [2026-03-24 17:10:00 → 2026-03-24 17:15:00]
2026-03-26 06:42:24,632 | INFO | ✅ record_5m done [17:10 → 17:15]
2026-03-26 06:42:24,633 | INFO | ✅ record_5m aggregated [2026-03-24 17:10:00 → 2026-03-24 17:15:00]
2026-03-26 06:42:24,633 | INFO |   ✅ (207/288) [17:10 → 17:15]
2026-03-26 06:42:24,814 | INFO | 📊 Aggregating vehicle_pass → record [2026-03-24 17:15:00 → 2026-03-24 17:20:00]
2026-03-26 06:42:24,874 | INFO | ✅ record_5m done [17:15 → 17:20]
2026-03-26 06:42:24,874 | INFO | ✅ record_5m aggregated [2026-03-24 17:15:00 → 2026-03-24 17:20:00]
2026-03-26 06:42:24,875 | INFO |   ✅ (208/288) [17:15 → 17:20]
2026-03-26 06:42:24,956 | INFO | 📊 Aggregating vehicle_pass → record [2026-03-24 17:20:00 → 2026-03-24 17:25:00]
2026-03-26 06:42:25,001 | INFO | ✅ record_5m done [17:20 → 17:25]
2026-03-26 06:42:25,002 | INFO | ✅ record_5m aggregated [2026-03-24 17:20:00 → 2026-03-24 17:25:00]
2026-03-26 06:42:25,002 | INFO |   ✅ (209/288) [17:20 → 17:25]
2026-03-26 06:42:25,155 | INFO | 📊 Aggregating vehicle_pass → record [2026-03-24 17:25:00 → 2026-03-24 17:30:00]
2026-03-26 06:42:25,177 | INFO | ✅ record_5m done [17:25 → 17:30]
2026-03-26 06:42:25,177 | INFO | ✅ record_5m aggregated [2026-03-24 17:25:00 → 2026-03-24 17:30:00]
2026-03-26 06:42:25,178 | INFO |   ✅ (210/288) [17:25 → 17:30]
2026-03-26 06:42:25,225 | INFO | 📊 Aggregating vehicle_pass → record [2026-03-24 17:30:00 → 2026-03-24 17:35:00]
2026-03-26 06:42:25,245 | INFO | ✅ record_5m done [17:30 → 17:35]
2026-03-26 06:42:25,246 | INFO | ✅ record_5m aggregated [2026-03-24 17:30:00 → 2026-03-24 17:35:00]
2026-03-26 06:42:25,246 | INFO |   ✅ (211/288) [17:30 → 17:35]
2026-03-26 06:42:25,302 | INFO | 📊 Aggregating vehicle_pass → record [2026-03-24 17:35:00 → 2026-03-24 17:40:00]
2026-03-26 06:42:25,329 | INFO | ✅ record_5m done [17:35 → 17:40]
2026-03-26 06:42:25,330 | INFO | ✅ record_5m aggregated [2026-03-24 17:35:00 → 2026-03-24 17:40:00]
2026-03-26 06:42:25,330 | INFO |   ✅ (212/288) [17:35 → 17:40]
2026-03-26 06:42:25,525 | INFO | 📊 Aggregating vehicle_pass → record [2026-03-24 17:40:00 → 2026-03-24 17:45:00]
2026-03-26 06:42:25,579 | INFO | ✅ record_5m done [17:40 → 17:45]
2026-03-26 06:42:25,579 | INFO | ✅ record_5m aggregated [2026-03-24 17:40:00 → 2026-03-24 17:45:00]
2026-03-26 06:42:25,580 | INFO |   ✅ (213/288) [17:40 → 17:45]
2026-03-26 06:42:25,643 | INFO | 📊 Aggregating vehicle_pass → record [2026-03-24 17:45:00 → 2026-03-24 17:50:00]
2026-03-26 06:42:25,668 | INFO | ✅ record_5m done [17:45 → 17:50]
2026-03-26 06:42:25,668 | INFO | ✅ record_5m aggregated [2026-03-24 17:45:00 → 2026-03-24 17:50:00]
2026-03-26 06:42:25,669 | INFO |   ✅ (214/288) [17:45 → 17:50]
2026-03-26 06:42:25,721 | INFO | 📊 Aggregating vehicle_pass → record [2026-03-24 17:50:00 → 2026-03-24 17:55:00]
2026-03-26 06:42:25,759 | INFO | ✅ record_5m done [17:50 → 17:55]
2026-03-26 06:42:25,760 | INFO | ✅ record_5m aggregated [2026-03-24 17:50:00 → 2026-03-24 17:55:00]
2026-03-26 06:42:25,760 | INFO |   ✅ (215/288) [17:50 → 17:55]
2026-03-26 06:42:25,825 | INFO | 📊 Aggregating vehicle_pass → record [2026-03-24 17:55:00 → 2026-03-24 18:00:00]
2026-03-26 06:42:25,846 | INFO | ✅ record_5m done [17:55 → 18:00]
2026-03-26 06:42:25,847 | INFO | ✅ record_5m aggregated [2026-03-24 17:55:00 → 2026-03-24 18:00:00]
2026-03-26 06:42:25,847 | INFO |   ✅ (216/288) [17:55 → 18:00]
2026-03-26 06:42:25,905 | INFO | 📊 Aggregating vehicle_pass → record [2026-03-24 18:00:00 → 2026-03-24 18:05:00]
2026-03-26 06:42:25,921 | INFO | ✅ record_5m done [18:00 → 18:05]
2026-03-26 06:42:25,921 | INFO | ✅ record_5m aggregated [2026-03-24 18:00:00 → 2026-03-24 18:05:00]
2026-03-26 06:42:25,922 | INFO |   ✅ (217/288) [18:00 → 18:05]
2026-03-26 06:42:25,969 | INFO | 📊 Aggregating vehicle_pass → record [2026-03-24 18:05:00 → 2026-03-24 18:10:00]
2026-03-26 06:42:25,996 | INFO | ✅ record_5m done [18:05 → 18:10]
2026-03-26 06:42:25,997 | INFO | ✅ record_5m aggregated [2026-03-24 18:05:00 → 2026-03-24 18:10:00]
2026-03-26 06:42:25,997 | INFO |   ✅ (218/288) [18:05 → 18:10]
2026-03-26 06:42:26,056 | INFO | 📊 Aggregating vehicle_pass → record [2026-03-24 18:10:00 → 2026-03-24 18:15:00]
2026-03-26 06:42:26,078 | INFO | ✅ record_5m done [18:10 → 18:15]
2026-03-26 06:42:26,078 | INFO | ✅ record_5m aggregated [2026-03-24 18:10:00 → 2026-03-24 18:15:00]
2026-03-26 06:42:26,078 | INFO |   ✅ (219/288) [18:10 → 18:15]
2026-03-26 06:42:26,145 | INFO | 📊 Aggregating vehicle_pass → record [2026-03-24 18:15:00 → 2026-03-24 18:20:00]
2026-03-26 06:42:26,185 | INFO | ✅ record_5m done [18:15 → 18:20]
2026-03-26 06:42:26,186 | INFO | ✅ record_5m aggregated [2026-03-24 18:15:00 → 2026-03-24 18:20:00]
2026-03-26 06:42:26,186 | INFO |   ✅ (220/288) [18:15 → 18:20]
2026-03-26 06:42:26,232 | INFO | 📊 Aggregating vehicle_pass → record [2026-03-24 18:20:00 → 2026-03-24 18:25:00]
2026-03-26 06:42:26,257 | INFO | ✅ record_5m done [18:20 → 18:25]
2026-03-26 06:42:26,257 | INFO | ✅ record_5m aggregated [2026-03-24 18:20:00 → 2026-03-24 18:25:00]
2026-03-26 06:42:26,257 | INFO |   ✅ (221/288) [18:20 → 18:25]
2026-03-26 06:42:26,301 | INFO | 📊 Aggregating vehicle_pass → record [2026-03-24 18:25:00 → 2026-03-24 18:30:00]
2026-03-26 06:42:26,322 | INFO | ✅ record_5m done [18:25 → 18:30]
2026-03-26 06:42:26,323 | INFO | ✅ record_5m aggregated [2026-03-24 18:25:00 → 2026-03-24 18:30:00]
2026-03-26 06:42:26,323 | INFO |   ✅ (222/288) [18:25 → 18:30]
2026-03-26 06:42:26,385 | INFO | 📊 Aggregating vehicle_pass → record [2026-03-24 18:30:00 → 2026-03-24 18:35:00]
2026-03-26 06:42:26,426 | INFO | ✅ record_5m done [18:30 → 18:35]
2026-03-26 06:42:26,427 | INFO | ✅ record_5m aggregated [2026-03-24 18:30:00 → 2026-03-24 18:35:00]
2026-03-26 06:42:26,427 | INFO |   ✅ (223/288) [18:30 → 18:35]
2026-03-26 06:42:26,609 | INFO | 📊 Aggregating vehicle_pass → record [2026-03-24 18:35:00 → 2026-03-24 18:40:00]
2026-03-26 06:42:26,629 | INFO | ✅ record_5m done [18:35 → 18:40]
2026-03-26 06:42:26,630 | INFO | ✅ record_5m aggregated [2026-03-24 18:35:00 → 2026-03-24 18:40:00]
2026-03-26 06:42:26,630 | INFO |   ✅ (224/288) [18:35 → 18:40]
2026-03-26 06:42:26,681 | INFO | 📊 Aggregating vehicle_pass → record [2026-03-24 18:40:00 → 2026-03-24 18:45:00]
2026-03-26 06:42:26,707 | INFO | ✅ record_5m done [18:40 → 18:45]
2026-03-26 06:42:26,707 | INFO | ✅ record_5m aggregated [2026-03-24 18:40:00 → 2026-03-24 18:45:00]
2026-03-26 06:42:26,708 | INFO |   ✅ (225/288) [18:40 → 18:45]
2026-03-26 06:42:26,854 | INFO | 📊 Aggregating vehicle_pass → record [2026-03-24 18:45:00 → 2026-03-24 18:50:00]
2026-03-26 06:42:26,885 | INFO | ✅ record_5m done [18:45 → 18:50]
2026-03-26 06:42:26,886 | INFO | ✅ record_5m aggregated [2026-03-24 18:45:00 → 2026-03-24 18:50:00]
2026-03-26 06:42:26,886 | INFO |   ✅ (226/288) [18:45 → 18:50]
2026-03-26 06:42:26,935 | INFO | 📊 Aggregating vehicle_pass → record [2026-03-24 18:50:00 → 2026-03-24 18:55:00]
2026-03-26 06:42:26,954 | INFO | ✅ record_5m done [18:50 → 18:55]
2026-03-26 06:42:26,955 | INFO | ✅ record_5m aggregated [2026-03-24 18:50:00 → 2026-03-24 18:55:00]
2026-03-26 06:42:26,955 | INFO |   ✅ (227/288) [18:50 → 18:55]
2026-03-26 06:42:27,013 | INFO | 📊 Aggregating vehicle_pass → record [2026-03-24 18:55:00 → 2026-03-24 19:00:00]
2026-03-26 06:42:27,043 | INFO | ✅ record_5m done [18:55 → 19:00]
2026-03-26 06:42:27,044 | INFO | ✅ record_5m aggregated [2026-03-24 18:55:00 → 2026-03-24 19:00:00]
2026-03-26 06:42:27,044 | INFO |   ✅ (228/288) [18:55 → 19:00]
2026-03-26 06:42:27,099 | INFO | 📊 Aggregating vehicle_pass → record [2026-03-24 19:00:00 → 2026-03-24 19:05:00]
2026-03-26 06:42:27,119 | INFO | ✅ record_5m done [19:00 → 19:05]
2026-03-26 06:42:27,119 | INFO | ✅ record_5m aggregated [2026-03-24 19:00:00 → 2026-03-24 19:05:00]
2026-03-26 06:42:27,120 | INFO |   ✅ (229/288) [19:00 → 19:05]
2026-03-26 06:42:27,262 | INFO | 📊 Aggregating vehicle_pass → record [2026-03-24 19:05:00 → 2026-03-24 19:10:00]
2026-03-26 06:42:27,300 | INFO | ✅ record_5m done [19:05 → 19:10]
2026-03-26 06:42:27,300 | INFO | ✅ record_5m aggregated [2026-03-24 19:05:00 → 2026-03-24 19:10:00]
2026-03-26 06:42:27,300 | INFO |   ✅ (230/288) [19:05 → 19:10]
2026-03-26 06:42:27,356 | INFO | 📊 Aggregating vehicle_pass → record [2026-03-24 19:10:00 → 2026-03-24 19:15:00]
2026-03-26 06:42:27,382 | INFO | ✅ record_5m done [19:10 → 19:15]
2026-03-26 06:42:27,382 | INFO | ✅ record_5m aggregated [2026-03-24 19:10:00 → 2026-03-24 19:15:00]
2026-03-26 06:42:27,382 | INFO |   ✅ (231/288) [19:10 → 19:15]
2026-03-26 06:42:27,430 | INFO | 📊 Aggregating vehicle_pass → record [2026-03-24 19:15:00 → 2026-03-24 19:20:00]
2026-03-26 06:42:27,446 | INFO | ✅ record_5m done [19:15 → 19:20]
2026-03-26 06:42:27,447 | INFO | ✅ record_5m aggregated [2026-03-24 19:15:00 → 2026-03-24 19:20:00]
2026-03-26 06:42:27,447 | INFO |   ✅ (232/288) [19:15 → 19:20]
2026-03-26 06:42:27,498 | INFO | 📊 Aggregating vehicle_pass → record [2026-03-24 19:20:00 → 2026-03-24 19:25:00]
2026-03-26 06:42:27,532 | INFO | ✅ record_5m done [19:20 → 19:25]
2026-03-26 06:42:27,533 | INFO | ✅ record_5m aggregated [2026-03-24 19:20:00 → 2026-03-24 19:25:00]
2026-03-26 06:42:27,533 | INFO |   ✅ (233/288) [19:20 → 19:25]
2026-03-26 06:42:27,683 | INFO | 📊 Aggregating vehicle_pass → record [2026-03-24 19:25:00 → 2026-03-24 19:30:00]
2026-03-26 06:42:27,716 | INFO | ✅ record_5m done [19:25 → 19:30]
2026-03-26 06:42:27,716 | INFO | ✅ record_5m aggregated [2026-03-24 19:25:00 → 2026-03-24 19:30:00]
2026-03-26 06:42:27,716 | INFO |   ✅ (234/288) [19:25 → 19:30]
2026-03-26 06:42:27,771 | INFO | 📊 Aggregating vehicle_pass → record [2026-03-24 19:30:00 → 2026-03-24 19:35:00]
2026-03-26 06:42:27,799 | INFO | ✅ record_5m done [19:30 → 19:35]
2026-03-26 06:42:27,800 | INFO | ✅ record_5m aggregated [2026-03-24 19:30:00 → 2026-03-24 19:35:00]
2026-03-26 06:42:27,800 | INFO |   ✅ (235/288) [19:30 → 19:35]
2026-03-26 06:42:27,955 | INFO | 📊 Aggregating vehicle_pass → record [2026-03-24 19:35:00 → 2026-03-24 19:40:00]
2026-03-26 06:42:27,974 | INFO | ✅ record_5m done [19:35 → 19:40]
2026-03-26 06:42:27,974 | INFO | ✅ record_5m aggregated [2026-03-24 19:35:00 → 2026-03-24 19:40:00]
2026-03-26 06:42:27,975 | INFO |   ✅ (236/288) [19:35 → 19:40]
2026-03-26 06:42:28,030 | INFO | 📊 Aggregating vehicle_pass → record [2026-03-24 19:40:00 → 2026-03-24 19:45:00]
2026-03-26 06:42:28,051 | INFO | ✅ record_5m done [19:40 → 19:45]
2026-03-26 06:42:28,052 | INFO | ✅ record_5m aggregated [2026-03-24 19:40:00 → 2026-03-24 19:45:00]
2026-03-26 06:42:28,052 | INFO |   ✅ (237/288) [19:40 → 19:45]
2026-03-26 06:42:28,199 | INFO | 📊 Aggregating vehicle_pass → record [2026-03-24 19:45:00 → 2026-03-24 19:50:00]
2026-03-26 06:42:28,224 | INFO | ✅ record_5m done [19:45 → 19:50]
2026-03-26 06:42:28,224 | INFO | ✅ record_5m aggregated [2026-03-24 19:45:00 → 2026-03-24 19:50:00]
2026-03-26 06:42:28,225 | INFO |   ✅ (238/288) [19:45 → 19:50]
2026-03-26 06:42:28,273 | INFO | 📊 Aggregating vehicle_pass → record [2026-03-24 19:50:00 → 2026-03-24 19:55:00]
2026-03-26 06:42:28,289 | INFO | ✅ record_5m done [19:50 → 19:55]
2026-03-26 06:42:28,290 | INFO | ✅ record_5m aggregated [2026-03-24 19:50:00 → 2026-03-24 19:55:00]
2026-03-26 06:42:28,290 | INFO |   ✅ (239/288) [19:50 → 19:55]
2026-03-26 06:42:28,345 | INFO | 📊 Aggregating vehicle_pass → record [2026-03-24 19:55:00 → 2026-03-24 20:00:00]
2026-03-26 06:42:28,375 | INFO | ✅ record_5m done [19:55 → 20:00]
2026-03-26 06:42:28,376 | INFO | ✅ record_5m aggregated [2026-03-24 19:55:00 → 2026-03-24 20:00:00]
2026-03-26 06:42:28,376 | INFO |   ✅ (240/288) [19:55 → 20:00]
2026-03-26 06:42:28,436 | INFO | 📊 Aggregating vehicle_pass → record [2026-03-24 20:00:00 → 2026-03-24 20:05:00]
2026-03-26 06:42:28,550 | INFO | ✅ record_5m done [20:00 → 20:05]
2026-03-26 06:42:28,551 | INFO | ✅ record_5m aggregated [2026-03-24 20:00:00 → 2026-03-24 20:05:00]
2026-03-26 06:42:28,551 | INFO |   ✅ (241/288) [20:00 → 20:05]
2026-03-26 06:42:28,726 | INFO | 📊 Aggregating vehicle_pass → record [2026-03-24 20:05:00 → 2026-03-24 20:10:00]
2026-03-26 06:42:28,760 | INFO | ✅ record_5m done [20:05 → 20:10]
2026-03-26 06:42:28,761 | INFO | ✅ record_5m aggregated [2026-03-24 20:05:00 → 2026-03-24 20:10:00]
2026-03-26 06:42:28,761 | INFO |   ✅ (242/288) [20:05 → 20:10]
2026-03-26 06:42:28,849 | INFO | 📊 Aggregating vehicle_pass → record [2026-03-24 20:10:00 → 2026-03-24 20:15:00]
2026-03-26 06:42:28,901 | INFO | ✅ record_5m done [20:10 → 20:15]
2026-03-26 06:42:28,901 | INFO | ✅ record_5m aggregated [2026-03-24 20:10:00 → 2026-03-24 20:15:00]
2026-03-26 06:42:28,901 | INFO |   ✅ (243/288) [20:10 → 20:15]
2026-03-26 06:42:29,057 | INFO | 📊 Aggregating vehicle_pass → record [2026-03-24 20:15:00 → 2026-03-24 20:20:00]
2026-03-26 06:42:29,091 | INFO | ✅ record_5m done [20:15 → 20:20]
2026-03-26 06:42:29,092 | INFO | ✅ record_5m aggregated [2026-03-24 20:15:00 → 2026-03-24 20:20:00]
2026-03-26 06:42:29,092 | INFO |   ✅ (244/288) [20:15 → 20:20]
2026-03-26 06:42:29,145 | INFO | 📊 Aggregating vehicle_pass → record [2026-03-24 20:20:00 → 2026-03-24 20:25:00]
2026-03-26 06:42:29,168 | INFO | ✅ record_5m done [20:20 → 20:25]
2026-03-26 06:42:29,168 | INFO | ✅ record_5m aggregated [2026-03-24 20:20:00 → 2026-03-24 20:25:00]
2026-03-26 06:42:29,169 | INFO |   ✅ (245/288) [20:20 → 20:25]
2026-03-26 06:42:29,215 | INFO | 📊 Aggregating vehicle_pass → record [2026-03-24 20:25:00 → 2026-03-24 20:30:00]
2026-03-26 06:42:29,237 | INFO | ✅ record_5m done [20:25 → 20:30]
2026-03-26 06:42:29,237 | INFO | ✅ record_5m aggregated [2026-03-24 20:25:00 → 2026-03-24 20:30:00]
2026-03-26 06:42:29,238 | INFO |   ✅ (246/288) [20:25 → 20:30]
2026-03-26 06:42:29,285 | INFO | 📊 Aggregating vehicle_pass → record [2026-03-24 20:30:00 → 2026-03-24 20:35:00]
2026-03-26 06:42:29,304 | INFO | ✅ record_5m done [20:30 → 20:35]
2026-03-26 06:42:29,305 | INFO | ✅ record_5m aggregated [2026-03-24 20:30:00 → 2026-03-24 20:35:00]
2026-03-26 06:42:29,305 | INFO |   ✅ (247/288) [20:30 → 20:35]
2026-03-26 06:42:29,477 | INFO | 📊 Aggregating vehicle_pass → record [2026-03-24 20:35:00 → 2026-03-24 20:40:00]
2026-03-26 06:42:29,500 | INFO | ✅ record_5m done [20:35 → 20:40]
2026-03-26 06:42:29,500 | INFO | ✅ record_5m aggregated [2026-03-24 20:35:00 → 2026-03-24 20:40:00]
2026-03-26 06:42:29,501 | INFO |   ✅ (248/288) [20:35 → 20:40]
2026-03-26 06:42:29,573 | INFO | 📊 Aggregating vehicle_pass → record [2026-03-24 20:40:00 → 2026-03-24 20:45:00]
2026-03-26 06:42:29,684 | INFO | ✅ record_5m done [20:40 → 20:45]
2026-03-26 06:42:29,684 | INFO | ✅ record_5m aggregated [2026-03-24 20:40:00 → 2026-03-24 20:45:00]
2026-03-26 06:42:29,685 | INFO |   ✅ (249/288) [20:40 → 20:45]
2026-03-26 06:42:29,757 | INFO | 📊 Aggregating vehicle_pass → record [2026-03-24 20:45:00 → 2026-03-24 20:50:00]
2026-03-26 06:42:29,782 | INFO | ✅ record_5m done [20:45 → 20:50]
2026-03-26 06:42:29,782 | INFO | ✅ record_5m aggregated [2026-03-24 20:45:00 → 2026-03-24 20:50:00]
2026-03-26 06:42:29,782 | INFO |   ✅ (250/288) [20:45 → 20:50]
2026-03-26 06:42:29,830 | INFO | 📊 Aggregating vehicle_pass → record [2026-03-24 20:50:00 → 2026-03-24 20:55:00]
2026-03-26 06:42:29,850 | INFO | ✅ record_5m done [20:50 → 20:55]
2026-03-26 06:42:29,850 | INFO | ✅ record_5m aggregated [2026-03-24 20:50:00 → 2026-03-24 20:55:00]
2026-03-26 06:42:29,851 | INFO |   ✅ (251/288) [20:50 → 20:55]
2026-03-26 06:42:29,897 | INFO | 📊 Aggregating vehicle_pass → record [2026-03-24 20:55:00 → 2026-03-24 21:00:00]
2026-03-26 06:42:29,919 | INFO | ✅ record_5m done [20:55 → 21:00]
2026-03-26 06:42:29,919 | INFO | ✅ record_5m aggregated [2026-03-24 20:55:00 → 2026-03-24 21:00:00]
2026-03-26 06:42:29,919 | INFO |   ✅ (252/288) [20:55 → 21:00]
2026-03-26 06:42:29,977 | INFO | 📊 Aggregating vehicle_pass → record [2026-03-24 21:00:00 → 2026-03-24 21:05:00]
2026-03-26 06:42:30,001 | INFO | ✅ record_5m done [21:00 → 21:05]
2026-03-26 06:42:30,001 | INFO | ✅ record_5m aggregated [2026-03-24 21:00:00 → 2026-03-24 21:05:00]
2026-03-26 06:42:30,002 | INFO |   ✅ (253/288) [21:00 → 21:05]
2026-03-26 06:42:30,060 | INFO | 📊 Aggregating vehicle_pass → record [2026-03-24 21:05:00 → 2026-03-24 21:10:00]
2026-03-26 06:42:30,080 | INFO | ✅ record_5m done [21:05 → 21:10]
2026-03-26 06:42:30,081 | INFO | ✅ record_5m aggregated [2026-03-24 21:05:00 → 2026-03-24 21:10:00]
2026-03-26 06:42:30,081 | INFO |   ✅ (254/288) [21:05 → 21:10]
2026-03-26 06:42:30,132 | INFO | 📊 Aggregating vehicle_pass → record [2026-03-24 21:10:00 → 2026-03-24 21:15:00]
2026-03-26 06:42:30,151 | INFO | ✅ record_5m done [21:10 → 21:15]
2026-03-26 06:42:30,151 | INFO | ✅ record_5m aggregated [2026-03-24 21:10:00 → 2026-03-24 21:15:00]
2026-03-26 06:42:30,152 | INFO |   ✅ (255/288) [21:10 → 21:15]
2026-03-26 06:42:30,202 | INFO | 📊 Aggregating vehicle_pass → record [2026-03-24 21:15:00 → 2026-03-24 21:20:00]
2026-03-26 06:42:30,222 | INFO | ✅ record_5m done [21:15 → 21:20]
2026-03-26 06:42:30,223 | INFO | ✅ record_5m aggregated [2026-03-24 21:15:00 → 2026-03-24 21:20:00]
2026-03-26 06:42:30,223 | INFO |   ✅ (256/288) [21:15 → 21:20]
2026-03-26 06:42:30,270 | INFO | 📊 Aggregating vehicle_pass → record [2026-03-24 21:20:00 → 2026-03-24 21:25:00]
2026-03-26 06:42:30,292 | INFO | ✅ record_5m done [21:20 → 21:25]
2026-03-26 06:42:30,292 | INFO | ✅ record_5m aggregated [2026-03-24 21:20:00 → 2026-03-24 21:25:00]
2026-03-26 06:42:30,293 | INFO |   ✅ (257/288) [21:20 → 21:25]
2026-03-26 06:42:30,334 | INFO | 📊 Aggregating vehicle_pass → record [2026-03-24 21:25:00 → 2026-03-24 21:30:00]
2026-03-26 06:42:30,354 | INFO | ✅ record_5m done [21:25 → 21:30]
2026-03-26 06:42:30,354 | INFO | ✅ record_5m aggregated [2026-03-24 21:25:00 → 2026-03-24 21:30:00]
2026-03-26 06:42:30,355 | INFO |   ✅ (258/288) [21:25 → 21:30]
2026-03-26 06:42:30,404 | INFO | 📊 Aggregating vehicle_pass → record [2026-03-24 21:30:00 → 2026-03-24 21:35:00]
2026-03-26 06:42:30,429 | INFO | ✅ record_5m done [21:30 → 21:35]
2026-03-26 06:42:30,429 | INFO | ✅ record_5m aggregated [2026-03-24 21:30:00 → 2026-03-24 21:35:00]
2026-03-26 06:42:30,430 | INFO |   ✅ (259/288) [21:30 → 21:35]
2026-03-26 06:42:30,483 | INFO | 📊 Aggregating vehicle_pass → record [2026-03-24 21:35:00 → 2026-03-24 21:40:00]
2026-03-26 06:42:30,510 | INFO | ✅ record_5m done [21:35 → 21:40]
2026-03-26 06:42:30,511 | INFO | ✅ record_5m aggregated [2026-03-24 21:35:00 → 2026-03-24 21:40:00]
2026-03-26 06:42:30,511 | INFO |   ✅ (260/288) [21:35 → 21:40]
2026-03-26 06:42:30,676 | INFO | 📊 Aggregating vehicle_pass → record [2026-03-24 21:40:00 → 2026-03-24 21:45:00]
2026-03-26 06:42:30,700 | INFO | ✅ record_5m done [21:40 → 21:45]
2026-03-26 06:42:30,703 | INFO | ✅ record_5m aggregated [2026-03-24 21:40:00 → 2026-03-24 21:45:00]
2026-03-26 06:42:30,705 | INFO |   ✅ (261/288) [21:40 → 21:45]
2026-03-26 06:42:30,770 | INFO | 📊 Aggregating vehicle_pass → record [2026-03-24 21:45:00 → 2026-03-24 21:50:00]
2026-03-26 06:42:30,802 | INFO | ✅ record_5m done [21:45 → 21:50]
2026-03-26 06:42:30,802 | INFO | ✅ record_5m aggregated [2026-03-24 21:45:00 → 2026-03-24 21:50:00]
2026-03-26 06:42:30,802 | INFO |   ✅ (262/288) [21:45 → 21:50]
2026-03-26 06:42:30,868 | INFO | 📊 Aggregating vehicle_pass → record [2026-03-24 21:50:00 → 2026-03-24 21:55:00]
2026-03-26 06:42:30,900 | INFO | ✅ record_5m done [21:50 → 21:55]
2026-03-26 06:42:30,900 | INFO | ✅ record_5m aggregated [2026-03-24 21:50:00 → 2026-03-24 21:55:00]
2026-03-26 06:42:30,900 | INFO |   ✅ (263/288) [21:50 → 21:55]
2026-03-26 06:42:30,968 | INFO | 📊 Aggregating vehicle_pass → record [2026-03-24 21:55:00 → 2026-03-24 22:00:00]
2026-03-26 06:42:31,003 | INFO | ✅ record_5m done [21:55 → 22:00]
2026-03-26 06:42:31,003 | INFO | ✅ record_5m aggregated [2026-03-24 21:55:00 → 2026-03-24 22:00:00]
2026-03-26 06:42:31,004 | INFO |   ✅ (264/288) [21:55 → 22:00]
2026-03-26 06:42:31,157 | INFO | 📊 Aggregating vehicle_pass → record [2026-03-24 22:00:00 → 2026-03-24 22:05:00]
2026-03-26 06:42:31,177 | INFO | ✅ record_5m done [22:00 → 22:05]
2026-03-26 06:42:31,177 | INFO | ✅ record_5m aggregated [2026-03-24 22:00:00 → 2026-03-24 22:05:00]
2026-03-26 06:42:31,177 | INFO |   ✅ (265/288) [22:00 → 22:05]
2026-03-26 06:42:31,224 | INFO | 📊 Aggregating vehicle_pass → record [2026-03-24 22:05:00 → 2026-03-24 22:10:00]
2026-03-26 06:42:31,244 | INFO | ✅ record_5m done [22:05 → 22:10]
2026-03-26 06:42:31,245 | INFO | ✅ record_5m aggregated [2026-03-24 22:05:00 → 2026-03-24 22:10:00]
2026-03-26 06:42:31,245 | INFO |   ✅ (266/288) [22:05 → 22:10]
2026-03-26 06:42:31,286 | INFO | 📊 Aggregating vehicle_pass → record [2026-03-24 22:10:00 → 2026-03-24 22:15:00]
2026-03-26 06:42:31,307 | INFO | ✅ record_5m done [22:10 → 22:15]
2026-03-26 06:42:31,308 | INFO | ✅ record_5m aggregated [2026-03-24 22:10:00 → 2026-03-24 22:15:00]
2026-03-26 06:42:31,308 | INFO |   ✅ (267/288) [22:10 → 22:15]
2026-03-26 06:42:31,354 | INFO | 📊 Aggregating vehicle_pass → record [2026-03-24 22:15:00 → 2026-03-24 22:20:00]
2026-03-26 06:42:31,391 | INFO | ✅ record_5m done [22:15 → 22:20]
2026-03-26 06:42:31,391 | INFO | ✅ record_5m aggregated [2026-03-24 22:15:00 → 2026-03-24 22:20:00]
2026-03-26 06:42:31,391 | INFO |   ✅ (268/288) [22:15 → 22:20]
2026-03-26 06:42:31,445 | INFO | 📊 Aggregating vehicle_pass → record [2026-03-24 22:20:00 → 2026-03-24 22:25:00]
2026-03-26 06:42:31,463 | INFO | ✅ record_5m done [22:20 → 22:25]
2026-03-26 06:42:31,463 | INFO | ✅ record_5m aggregated [2026-03-24 22:20:00 → 2026-03-24 22:25:00]
2026-03-26 06:42:31,464 | INFO |   ✅ (269/288) [22:20 → 22:25]
2026-03-26 06:42:31,524 | INFO | 📊 Aggregating vehicle_pass → record [2026-03-24 22:25:00 → 2026-03-24 22:30:00]
2026-03-26 06:42:31,546 | INFO | ✅ record_5m done [22:25 → 22:30]
2026-03-26 06:42:31,547 | INFO | ✅ record_5m aggregated [2026-03-24 22:25:00 → 2026-03-24 22:30:00]
2026-03-26 06:42:31,547 | INFO |   ✅ (270/288) [22:25 → 22:30]
2026-03-26 06:42:31,613 | INFO | 📊 Aggregating vehicle_pass → record [2026-03-24 22:30:00 → 2026-03-24 22:35:00]
2026-03-26 06:42:31,633 | INFO | ✅ record_5m done [22:30 → 22:35]
2026-03-26 06:42:31,634 | INFO | ✅ record_5m aggregated [2026-03-24 22:30:00 → 2026-03-24 22:35:00]
2026-03-26 06:42:31,634 | INFO |   ✅ (271/288) [22:30 → 22:35]
2026-03-26 06:42:31,681 | INFO | 📊 Aggregating vehicle_pass → record [2026-03-24 22:35:00 → 2026-03-24 22:40:00]
2026-03-26 06:42:31,702 | INFO | ✅ record_5m done [22:35 → 22:40]
2026-03-26 06:42:31,703 | INFO | ✅ record_5m aggregated [2026-03-24 22:35:00 → 2026-03-24 22:40:00]
2026-03-26 06:42:31,703 | INFO |   ✅ (272/288) [22:35 → 22:40]
2026-03-26 06:42:31,769 | INFO | 📊 Aggregating vehicle_pass → record [2026-03-24 22:40:00 → 2026-03-24 22:45:00]
2026-03-26 06:42:31,797 | INFO | ✅ record_5m done [22:40 → 22:45]
2026-03-26 06:42:31,797 | INFO | ✅ record_5m aggregated [2026-03-24 22:40:00 → 2026-03-24 22:45:00]
2026-03-26 06:42:31,798 | INFO |   ✅ (273/288) [22:40 → 22:45]
2026-03-26 06:42:31,843 | INFO | 📊 Aggregating vehicle_pass → record [2026-03-24 22:45:00 → 2026-03-24 22:50:00]
2026-03-26 06:42:31,863 | INFO | ✅ record_5m done [22:45 → 22:50]
2026-03-26 06:42:31,864 | INFO | ✅ record_5m aggregated [2026-03-24 22:45:00 → 2026-03-24 22:50:00]
2026-03-26 06:42:31,864 | INFO |   ✅ (274/288) [22:45 → 22:50]
2026-03-26 06:42:31,954 | INFO | 📊 Aggregating vehicle_pass → record [2026-03-24 22:50:00 → 2026-03-24 22:55:00]
2026-03-26 06:42:31,986 | INFO | ✅ record_5m done [22:50 → 22:55]
2026-03-26 06:42:31,987 | INFO | ✅ record_5m aggregated [2026-03-24 22:50:00 → 2026-03-24 22:55:00]
2026-03-26 06:42:31,987 | INFO |   ✅ (275/288) [22:50 → 22:55]
2026-03-26 06:42:32,032 | INFO | 📊 Aggregating vehicle_pass → record [2026-03-24 22:55:00 → 2026-03-24 23:00:00]
2026-03-26 06:42:32,054 | INFO | ✅ record_5m done [22:55 → 23:00]
2026-03-26 06:42:32,054 | INFO | ✅ record_5m aggregated [2026-03-24 22:55:00 → 2026-03-24 23:00:00]
2026-03-26 06:42:32,054 | INFO |   ✅ (276/288) [22:55 → 23:00]
2026-03-26 06:42:32,107 | INFO | 📊 Aggregating vehicle_pass → record [2026-03-24 23:00:00 → 2026-03-24 23:05:00]
2026-03-26 06:42:32,135 | INFO | ✅ record_5m done [23:00 → 23:05]
2026-03-26 06:42:32,136 | INFO | ✅ record_5m aggregated [2026-03-24 23:00:00 → 2026-03-24 23:05:00]
2026-03-26 06:42:32,136 | INFO |   ✅ (277/288) [23:00 → 23:05]
2026-03-26 06:42:32,187 | INFO | 📊 Aggregating vehicle_pass → record [2026-03-24 23:05:00 → 2026-03-24 23:10:00]
2026-03-26 06:42:32,205 | INFO | ✅ record_5m done [23:05 → 23:10]
2026-03-26 06:42:32,206 | INFO | ✅ record_5m aggregated [2026-03-24 23:05:00 → 2026-03-24 23:10:00]
2026-03-26 06:42:32,206 | INFO |   ✅ (278/288) [23:05 → 23:10]
2026-03-26 06:42:32,354 | INFO | 📊 Aggregating vehicle_pass → record [2026-03-24 23:10:00 → 2026-03-24 23:15:00]
2026-03-26 06:42:32,371 | INFO | ✅ record_5m done [23:10 → 23:15]
2026-03-26 06:42:32,371 | INFO | ✅ record_5m aggregated [2026-03-24 23:10:00 → 2026-03-24 23:15:00]
2026-03-26 06:42:32,372 | INFO |   ✅ (279/288) [23:10 → 23:15]
2026-03-26 06:42:32,421 | INFO | 📊 Aggregating vehicle_pass → record [2026-03-24 23:15:00 → 2026-03-24 23:20:00]
2026-03-26 06:42:32,438 | INFO | ✅ record_5m done [23:15 → 23:20]
2026-03-26 06:42:32,438 | INFO | ✅ record_5m aggregated [2026-03-24 23:15:00 → 2026-03-24 23:20:00]
2026-03-26 06:42:32,438 | INFO |   ✅ (280/288) [23:15 → 23:20]
2026-03-26 06:42:32,483 | INFO | 📊 Aggregating vehicle_pass → record [2026-03-24 23:20:00 → 2026-03-24 23:25:00]
2026-03-26 06:42:32,505 | INFO | ✅ record_5m done [23:20 → 23:25]
2026-03-26 06:42:32,505 | INFO | ✅ record_5m aggregated [2026-03-24 23:20:00 → 2026-03-24 23:25:00]
2026-03-26 06:42:32,506 | INFO |   ✅ (281/288) [23:20 → 23:25]
2026-03-26 06:42:32,550 | INFO | 📊 Aggregating vehicle_pass → record [2026-03-24 23:25:00 → 2026-03-24 23:30:00]
2026-03-26 06:42:32,573 | INFO | ✅ record_5m done [23:25 → 23:30]
2026-03-26 06:42:32,574 | INFO | ✅ record_5m aggregated [2026-03-24 23:25:00 → 2026-03-24 23:30:00]
2026-03-26 06:42:32,574 | INFO |   ✅ (282/288) [23:25 → 23:30]
2026-03-26 06:42:32,629 | INFO | 📊 Aggregating vehicle_pass → record [2026-03-24 23:30:00 → 2026-03-24 23:35:00]
2026-03-26 06:42:32,649 | INFO | ✅ record_5m done [23:30 → 23:35]
2026-03-26 06:42:32,650 | INFO | ✅ record_5m aggregated [2026-03-24 23:30:00 → 2026-03-24 23:35:00]
2026-03-26 06:42:32,650 | INFO |   ✅ (283/288) [23:30 → 23:35]
2026-03-26 06:42:32,703 | INFO | 📊 Aggregating vehicle_pass → record [2026-03-24 23:35:00 → 2026-03-24 23:40:00]
2026-03-26 06:42:32,730 | INFO | ✅ record_5m done [23:35 → 23:40]
2026-03-26 06:42:32,730 | INFO | ✅ record_5m aggregated [2026-03-24 23:35:00 → 2026-03-24 23:40:00]
2026-03-26 06:42:32,731 | INFO |   ✅ (284/288) [23:35 → 23:40]
2026-03-26 06:42:32,875 | INFO | 📊 Aggregating vehicle_pass → record [2026-03-24 23:40:00 → 2026-03-24 23:45:00]
2026-03-26 06:42:32,894 | INFO | ✅ record_5m done [23:40 → 23:45]
2026-03-26 06:42:32,895 | INFO | ✅ record_5m aggregated [2026-03-24 23:40:00 → 2026-03-24 23:45:00]
2026-03-26 06:42:32,895 | INFO |   ✅ (285/288) [23:40 → 23:45]
2026-03-26 06:42:33,067 | INFO | 📊 Aggregating vehicle_pass → record [2026-03-24 23:45:00 → 2026-03-24 23:50:00]
2026-03-26 06:42:33,102 | INFO | ✅ record_5m done [23:45 → 23:50]
2026-03-26 06:42:33,103 | INFO | ✅ record_5m aggregated [2026-03-24 23:45:00 → 2026-03-24 23:50:00]
2026-03-26 06:42:33,103 | INFO |   ✅ (286/288) [23:45 → 23:50]
2026-03-26 06:42:33,258 | INFO | 📊 Aggregating vehicle_pass → record [2026-03-24 23:50:00 → 2026-03-24 23:55:00]
2026-03-26 06:42:33,284 | INFO | ✅ record_5m done [23:50 → 23:55]
2026-03-26 06:42:33,285 | INFO | ✅ record_5m aggregated [2026-03-24 23:50:00 → 2026-03-24 23:55:00]
2026-03-26 06:42:33,285 | INFO |   ✅ (287/288) [23:50 → 23:55]
2026-03-26 06:42:33,437 | INFO | 📊 Aggregating vehicle_pass → record [2026-03-24 23:55:00 → 2026-03-25 00:00:00]
2026-03-26 06:42:33,455 | INFO | ✅ record_5m done [23:55 → 00:00]
2026-03-26 06:42:33,455 | INFO | ✅ record_5m aggregated [2026-03-24 23:55:00 → 2026-03-25 00:00:00]
2026-03-26 06:42:33,455 | INFO |   ✅ (288/288) [23:55 → 00:00]
2026-03-26 06:42:33,455 | INFO | ============================================================
2026-03-26 06:42:33,456 | INFO | 🏁 Done — success: 288, failed: 0, total: 288
2026-03-26 06:43:52,085 | INFO | 🚀 Initializing DataVehicleRepository...
2026-03-26 06:43:52,143 | INFO | ⏭️ extract_data not ready yet, using default last_time
2026-03-26 06:43:52,144 | INFO | 🕓 Initial last_time = 2026-03-26 06:38:52.143857
2026-03-26 06:43:52,149 | INFO | 📅 Target date : 2026-03-24
2026-03-26 06:43:52,149 | INFO | 📦 Total slots : 288 slots (00:00 → 24:00)
2026-03-26 06:43:52,149 | INFO | ============================================================
2026-03-26 06:43:53,235 | INFO | 🗑️  Deleted 0 rows for date 2026-03-24
2026-03-26 06:43:53,292 | INFO | 📊 Aggregating vehicle_pass → record [2026-03-24 00:00:00 → 2026-03-24 00:05:00]
2026-03-26 06:43:53,312 | INFO | ✅ record_5m done [00:00 → 00:05]
2026-03-26 06:43:53,313 | INFO | ✅ record_5m aggregated [2026-03-24 00:00:00 → 2026-03-24 00:05:00]
2026-03-26 06:43:53,313 | INFO |   ✅ (  1/288) [00:00 → 00:05]
2026-03-26 06:43:53,389 | INFO | 📊 Aggregating vehicle_pass → record [2026-03-24 00:05:00 → 2026-03-24 00:10:00]
2026-03-26 06:43:53,447 | INFO | ✅ record_5m done [00:05 → 00:10]
2026-03-26 06:43:53,447 | INFO | ✅ record_5m aggregated [2026-03-24 00:05:00 → 2026-03-24 00:10:00]
2026-03-26 06:43:53,448 | INFO |   ✅ (  2/288) [00:05 → 00:10]
2026-03-26 06:43:53,533 | INFO | 📊 Aggregating vehicle_pass → record [2026-03-24 00:10:00 → 2026-03-24 00:15:00]
2026-03-26 06:43:53,589 | INFO | ✅ record_5m done [00:10 → 00:15]
2026-03-26 06:43:53,590 | INFO | ✅ record_5m aggregated [2026-03-24 00:10:00 → 2026-03-24 00:15:00]
2026-03-26 06:43:53,590 | INFO |   ✅ (  3/288) [00:10 → 00:15]
2026-03-26 06:43:53,661 | INFO | 📊 Aggregating vehicle_pass → record [2026-03-24 00:15:00 → 2026-03-24 00:20:00]
2026-03-26 06:43:53,700 | INFO | ✅ record_5m done [00:15 → 00:20]
2026-03-26 06:43:53,701 | INFO | ✅ record_5m aggregated [2026-03-24 00:15:00 → 2026-03-24 00:20:00]
2026-03-26 06:43:53,702 | INFO |   ✅ (  4/288) [00:15 → 00:20]
2026-03-26 06:43:53,791 | INFO | 📊 Aggregating vehicle_pass → record [2026-03-24 00:20:00 → 2026-03-24 00:25:00]
2026-03-26 06:43:53,841 | INFO | ✅ record_5m done [00:20 → 00:25]
2026-03-26 06:43:53,842 | INFO | ✅ record_5m aggregated [2026-03-24 00:20:00 → 2026-03-24 00:25:00]
2026-03-26 06:43:53,842 | INFO |   ✅ (  5/288) [00:20 → 00:25]
2026-03-26 06:43:54,015 | INFO | 📊 Aggregating vehicle_pass → record [2026-03-24 00:25:00 → 2026-03-24 00:30:00]
2026-03-26 06:43:54,039 | INFO | ✅ record_5m done [00:25 → 00:30]
2026-03-26 06:43:54,039 | INFO | ✅ record_5m aggregated [2026-03-24 00:25:00 → 2026-03-24 00:30:00]
2026-03-26 06:43:54,040 | INFO |   ✅ (  6/288) [00:25 → 00:30]
2026-03-26 06:43:54,095 | INFO | 📊 Aggregating vehicle_pass → record [2026-03-24 00:30:00 → 2026-03-24 00:35:00]
2026-03-26 06:43:54,119 | INFO | ✅ record_5m done [00:30 → 00:35]
2026-03-26 06:43:54,119 | INFO | ✅ record_5m aggregated [2026-03-24 00:30:00 → 2026-03-24 00:35:00]
2026-03-26 06:43:54,120 | INFO |   ✅ (  7/288) [00:30 → 00:35]
2026-03-26 06:43:54,183 | INFO | 📊 Aggregating vehicle_pass → record [2026-03-24 00:35:00 → 2026-03-24 00:40:00]
2026-03-26 06:43:54,211 | INFO | ✅ record_5m done [00:35 → 00:40]
2026-03-26 06:43:54,212 | INFO | ✅ record_5m aggregated [2026-03-24 00:35:00 → 2026-03-24 00:40:00]
2026-03-26 06:43:54,212 | INFO |   ✅ (  8/288) [00:35 → 00:40]
2026-03-26 06:43:54,356 | INFO | 📊 Aggregating vehicle_pass → record [2026-03-24 00:40:00 → 2026-03-24 00:45:00]
2026-03-26 06:43:54,378 | INFO | ✅ record_5m done [00:40 → 00:45]
2026-03-26 06:43:54,379 | INFO | ✅ record_5m aggregated [2026-03-24 00:40:00 → 2026-03-24 00:45:00]
2026-03-26 06:43:54,379 | INFO |   ✅ (  9/288) [00:40 → 00:45]
2026-03-26 06:43:54,424 | INFO | 📊 Aggregating vehicle_pass → record [2026-03-24 00:45:00 → 2026-03-24 00:50:00]
2026-03-26 06:43:54,443 | INFO | ✅ record_5m done [00:45 → 00:50]
2026-03-26 06:43:54,444 | INFO | ✅ record_5m aggregated [2026-03-24 00:45:00 → 2026-03-24 00:50:00]
2026-03-26 06:43:54,444 | INFO |   ✅ ( 10/288) [00:45 → 00:50]
2026-03-26 06:43:54,503 | INFO | 📊 Aggregating vehicle_pass → record [2026-03-24 00:50:00 → 2026-03-24 00:55:00]
2026-03-26 06:43:54,522 | INFO | ✅ record_5m done [00:50 → 00:55]
2026-03-26 06:43:54,522 | INFO | ✅ record_5m aggregated [2026-03-24 00:50:00 → 2026-03-24 00:55:00]
2026-03-26 06:43:54,523 | INFO |   ✅ ( 11/288) [00:50 → 00:55]
2026-03-26 06:43:54,570 | INFO | 📊 Aggregating vehicle_pass → record [2026-03-24 00:55:00 → 2026-03-24 01:00:00]
2026-03-26 06:43:54,593 | INFO | ✅ record_5m done [00:55 → 01:00]
2026-03-26 06:43:54,594 | INFO | ✅ record_5m aggregated [2026-03-24 00:55:00 → 2026-03-24 01:00:00]
2026-03-26 06:43:54,594 | INFO |   ✅ ( 12/288) [00:55 → 01:00]
2026-03-26 06:43:54,649 | INFO | 📊 Aggregating vehicle_pass → record [2026-03-24 01:00:00 → 2026-03-24 01:05:00]
2026-03-26 06:43:54,670 | INFO | ✅ record_5m done [01:00 → 01:05]
2026-03-26 06:43:54,670 | INFO | ✅ record_5m aggregated [2026-03-24 01:00:00 → 2026-03-24 01:05:00]
2026-03-26 06:43:54,671 | INFO |   ✅ ( 13/288) [01:00 → 01:05]
2026-03-26 06:43:54,718 | INFO | 📊 Aggregating vehicle_pass → record [2026-03-24 01:05:00 → 2026-03-24 01:10:00]
2026-03-26 06:43:54,741 | INFO | ✅ record_5m done [01:05 → 01:10]
2026-03-26 06:43:54,742 | INFO | ✅ record_5m aggregated [2026-03-24 01:05:00 → 2026-03-24 01:10:00]
2026-03-26 06:43:54,742 | INFO |   ✅ ( 14/288) [01:05 → 01:10]
2026-03-26 06:43:54,781 | INFO | 📊 Aggregating vehicle_pass → record [2026-03-24 01:10:00 → 2026-03-24 01:15:00]
2026-03-26 06:43:54,801 | INFO | ✅ record_5m done [01:10 → 01:15]
2026-03-26 06:43:54,801 | INFO | ✅ record_5m aggregated [2026-03-24 01:10:00 → 2026-03-24 01:15:00]
2026-03-26 06:43:54,802 | INFO |   ✅ ( 15/288) [01:10 → 01:15]
2026-03-26 06:43:54,855 | INFO | 📊 Aggregating vehicle_pass → record [2026-03-24 01:15:00 → 2026-03-24 01:20:00]
2026-03-26 06:43:54,876 | INFO | ✅ record_5m done [01:15 → 01:20]
2026-03-26 06:43:54,877 | INFO | ✅ record_5m aggregated [2026-03-24 01:15:00 → 2026-03-24 01:20:00]
2026-03-26 06:43:54,877 | INFO |   ✅ ( 16/288) [01:15 → 01:20]
2026-03-26 06:43:55,032 | INFO | 📊 Aggregating vehicle_pass → record [2026-03-24 01:20:00 → 2026-03-24 01:25:00]
2026-03-26 06:43:55,055 | INFO | ✅ record_5m done [01:20 → 01:25]
2026-03-26 06:43:55,056 | INFO | ✅ record_5m aggregated [2026-03-24 01:20:00 → 2026-03-24 01:25:00]
2026-03-26 06:43:55,056 | INFO |   ✅ ( 17/288) [01:20 → 01:25]
2026-03-26 06:43:55,153 | INFO | 📊 Aggregating vehicle_pass → record [2026-03-24 01:25:00 → 2026-03-24 01:30:00]
2026-03-26 06:43:55,173 | INFO | ✅ record_5m done [01:25 → 01:30]
2026-03-26 06:43:55,174 | INFO | ✅ record_5m aggregated [2026-03-24 01:25:00 → 2026-03-24 01:30:00]
2026-03-26 06:43:55,174 | INFO |   ✅ ( 18/288) [01:25 → 01:30]
2026-03-26 06:43:55,221 | INFO | 📊 Aggregating vehicle_pass → record [2026-03-24 01:30:00 → 2026-03-24 01:35:00]
2026-03-26 06:43:55,243 | INFO | ✅ record_5m done [01:30 → 01:35]
2026-03-26 06:43:55,244 | INFO | ✅ record_5m aggregated [2026-03-24 01:30:00 → 2026-03-24 01:35:00]
2026-03-26 06:43:55,244 | INFO |   ✅ ( 19/288) [01:30 → 01:35]
2026-03-26 06:43:55,311 | INFO | 📊 Aggregating vehicle_pass → record [2026-03-24 01:35:00 → 2026-03-24 01:40:00]
2026-03-26 06:43:55,331 | INFO | ✅ record_5m done [01:35 → 01:40]
2026-03-26 06:43:55,331 | INFO | ✅ record_5m aggregated [2026-03-24 01:35:00 → 2026-03-24 01:40:00]
2026-03-26 06:43:55,331 | INFO |   ✅ ( 20/288) [01:35 → 01:40]
2026-03-26 06:43:55,385 | INFO | 📊 Aggregating vehicle_pass → record [2026-03-24 01:40:00 → 2026-03-24 01:45:00]
2026-03-26 06:43:55,415 | INFO | ✅ record_5m done [01:40 → 01:45]
2026-03-26 06:43:55,416 | INFO | ✅ record_5m aggregated [2026-03-24 01:40:00 → 2026-03-24 01:45:00]
2026-03-26 06:43:55,416 | INFO |   ✅ ( 21/288) [01:40 → 01:45]
2026-03-26 06:43:55,468 | INFO | 📊 Aggregating vehicle_pass → record [2026-03-24 01:45:00 → 2026-03-24 01:50:00]
2026-03-26 06:43:55,490 | INFO | ✅ record_5m done [01:45 → 01:50]
2026-03-26 06:43:55,490 | INFO | ✅ record_5m aggregated [2026-03-24 01:45:00 → 2026-03-24 01:50:00]
2026-03-26 06:43:55,491 | INFO |   ✅ ( 22/288) [01:45 → 01:50]
2026-03-26 06:43:55,538 | INFO | 📊 Aggregating vehicle_pass → record [2026-03-24 01:50:00 → 2026-03-24 01:55:00]
2026-03-26 06:43:55,560 | INFO | ✅ record_5m done [01:50 → 01:55]
2026-03-26 06:43:55,560 | INFO | ✅ record_5m aggregated [2026-03-24 01:50:00 → 2026-03-24 01:55:00]
2026-03-26 06:43:55,560 | INFO |   ✅ ( 23/288) [01:50 → 01:55]
2026-03-26 06:43:55,621 | INFO | 📊 Aggregating vehicle_pass → record [2026-03-24 01:55:00 → 2026-03-24 02:00:00]
2026-03-26 06:43:55,730 | INFO | ✅ record_5m done [01:55 → 02:00]
2026-03-26 06:43:55,731 | INFO | ✅ record_5m aggregated [2026-03-24 01:55:00 → 2026-03-24 02:00:00]
2026-03-26 06:43:55,731 | INFO |   ✅ ( 24/288) [01:55 → 02:00]
2026-03-26 06:43:55,829 | INFO | 📊 Aggregating vehicle_pass → record [2026-03-24 02:00:00 → 2026-03-24 02:05:00]
2026-03-26 06:43:55,873 | INFO | ✅ record_5m done [02:00 → 02:05]
2026-03-26 06:43:55,875 | INFO | ✅ record_5m aggregated [2026-03-24 02:00:00 → 2026-03-24 02:05:00]
2026-03-26 06:43:55,875 | INFO |   ✅ ( 25/288) [02:00 → 02:05]
2026-03-26 06:43:55,953 | INFO | 📊 Aggregating vehicle_pass → record [2026-03-24 02:05:00 → 2026-03-24 02:10:00]
2026-03-26 06:43:55,976 | INFO | ✅ record_5m done [02:05 → 02:10]
2026-03-26 06:43:55,977 | INFO | ✅ record_5m aggregated [2026-03-24 02:05:00 → 2026-03-24 02:10:00]
2026-03-26 06:43:55,977 | INFO |   ✅ ( 26/288) [02:05 → 02:10]
2026-03-26 06:43:56,035 | INFO | 📊 Aggregating vehicle_pass → record [2026-03-24 02:10:00 → 2026-03-24 02:15:00]
2026-03-26 06:43:56,067 | INFO | ✅ record_5m done [02:10 → 02:15]
2026-03-26 06:43:56,068 | INFO | ✅ record_5m aggregated [2026-03-24 02:10:00 → 2026-03-24 02:15:00]
2026-03-26 06:43:56,068 | INFO |   ✅ ( 27/288) [02:10 → 02:15]
2026-03-26 06:43:56,128 | INFO | 📊 Aggregating vehicle_pass → record [2026-03-24 02:15:00 → 2026-03-24 02:20:00]
2026-03-26 06:43:56,154 | INFO | ✅ record_5m done [02:15 → 02:20]
2026-03-26 06:43:56,155 | INFO | ✅ record_5m aggregated [2026-03-24 02:15:00 → 2026-03-24 02:20:00]
2026-03-26 06:43:56,156 | INFO |   ✅ ( 28/288) [02:15 → 02:20]
2026-03-26 06:43:56,313 | INFO | 📊 Aggregating vehicle_pass → record [2026-03-24 02:20:00 → 2026-03-24 02:25:00]
2026-03-26 06:43:56,359 | INFO | ✅ record_5m done [02:20 → 02:25]
2026-03-26 06:43:56,360 | INFO | ✅ record_5m aggregated [2026-03-24 02:20:00 → 2026-03-24 02:25:00]
2026-03-26 06:43:56,360 | INFO |   ✅ ( 29/288) [02:20 → 02:25]
2026-03-26 06:43:56,422 | INFO | 📊 Aggregating vehicle_pass → record [2026-03-24 02:25:00 → 2026-03-24 02:30:00]
2026-03-26 06:43:56,442 | INFO | ✅ record_5m done [02:25 → 02:30]
2026-03-26 06:43:56,443 | INFO | ✅ record_5m aggregated [2026-03-24 02:25:00 → 2026-03-24 02:30:00]
2026-03-26 06:43:56,443 | INFO |   ✅ ( 30/288) [02:25 → 02:30]
2026-03-26 06:43:56,499 | INFO | 📊 Aggregating vehicle_pass → record [2026-03-24 02:30:00 → 2026-03-24 02:35:00]
2026-03-26 06:43:56,516 | INFO | ✅ record_5m done [02:30 → 02:35]
2026-03-26 06:43:56,516 | INFO | ✅ record_5m aggregated [2026-03-24 02:30:00 → 2026-03-24 02:35:00]
2026-03-26 06:43:56,517 | INFO |   ✅ ( 31/288) [02:30 → 02:35]
2026-03-26 06:43:56,571 | INFO | 📊 Aggregating vehicle_pass → record [2026-03-24 02:35:00 → 2026-03-24 02:40:00]
2026-03-26 06:43:56,602 | INFO | ✅ record_5m done [02:35 → 02:40]
2026-03-26 06:43:56,602 | INFO | ✅ record_5m aggregated [2026-03-24 02:35:00 → 2026-03-24 02:40:00]
2026-03-26 06:43:56,602 | INFO |   ✅ ( 32/288) [02:35 → 02:40]
2026-03-26 06:43:56,666 | INFO | 📊 Aggregating vehicle_pass → record [2026-03-24 02:40:00 → 2026-03-24 02:45:00]
2026-03-26 06:43:56,686 | INFO | ✅ record_5m done [02:40 → 02:45]
2026-03-26 06:43:56,686 | INFO | ✅ record_5m aggregated [2026-03-24 02:40:00 → 2026-03-24 02:45:00]
2026-03-26 06:43:56,687 | INFO |   ✅ ( 33/288) [02:40 → 02:45]
2026-03-26 06:43:56,866 | INFO | 📊 Aggregating vehicle_pass → record [2026-03-24 02:45:00 → 2026-03-24 02:50:00]
2026-03-26 06:43:56,899 | INFO | ✅ record_5m done [02:45 → 02:50]
2026-03-26 06:43:56,899 | INFO | ✅ record_5m aggregated [2026-03-24 02:45:00 → 2026-03-24 02:50:00]
2026-03-26 06:43:56,900 | INFO |   ✅ ( 34/288) [02:45 → 02:50]
2026-03-26 06:43:57,029 | INFO | 📊 Aggregating vehicle_pass → record [2026-03-24 02:50:00 → 2026-03-24 02:55:00]
2026-03-26 06:43:57,089 | INFO | ✅ record_5m done [02:50 → 02:55]
2026-03-26 06:43:57,090 | INFO | ✅ record_5m aggregated [2026-03-24 02:50:00 → 2026-03-24 02:55:00]
2026-03-26 06:43:57,090 | INFO |   ✅ ( 35/288) [02:50 → 02:55]
2026-03-26 06:43:57,310 | INFO | 📊 Aggregating vehicle_pass → record [2026-03-24 02:55:00 → 2026-03-24 03:00:00]
2026-03-26 06:43:57,359 | INFO | ✅ record_5m done [02:55 → 03:00]
2026-03-26 06:43:57,359 | INFO | ✅ record_5m aggregated [2026-03-24 02:55:00 → 2026-03-24 03:00:00]
2026-03-26 06:43:57,360 | INFO |   ✅ ( 36/288) [02:55 → 03:00]
2026-03-26 06:43:57,549 | INFO | 📊 Aggregating vehicle_pass → record [2026-03-24 03:00:00 → 2026-03-24 03:05:00]
2026-03-26 06:43:57,584 | INFO | ✅ record_5m done [03:00 → 03:05]
2026-03-26 06:43:57,584 | INFO | ✅ record_5m aggregated [2026-03-24 03:00:00 → 2026-03-24 03:05:00]
2026-03-26 06:43:57,585 | INFO |   ✅ ( 37/288) [03:00 → 03:05]
2026-03-26 06:43:57,669 | INFO | 📊 Aggregating vehicle_pass → record [2026-03-24 03:05:00 → 2026-03-24 03:10:00]
2026-03-26 06:43:57,696 | INFO | ✅ record_5m done [03:05 → 03:10]
2026-03-26 06:43:57,696 | INFO | ✅ record_5m aggregated [2026-03-24 03:05:00 → 2026-03-24 03:10:00]
2026-03-26 06:43:57,697 | INFO |   ✅ ( 38/288) [03:05 → 03:10]
2026-03-26 06:43:57,756 | INFO | 📊 Aggregating vehicle_pass → record [2026-03-24 03:10:00 → 2026-03-24 03:15:00]
2026-03-26 06:43:57,778 | INFO | ✅ record_5m done [03:10 → 03:15]
2026-03-26 06:43:57,778 | INFO | ✅ record_5m aggregated [2026-03-24 03:10:00 → 2026-03-24 03:15:00]
2026-03-26 06:43:57,778 | INFO |   ✅ ( 39/288) [03:10 → 03:15]
2026-03-26 06:43:57,830 | INFO | 📊 Aggregating vehicle_pass → record [2026-03-24 03:15:00 → 2026-03-24 03:20:00]
2026-03-26 06:43:57,854 | INFO | ✅ record_5m done [03:15 → 03:20]
2026-03-26 06:43:57,854 | INFO | ✅ record_5m aggregated [2026-03-24 03:15:00 → 2026-03-24 03:20:00]
2026-03-26 06:43:57,855 | INFO |   ✅ ( 40/288) [03:15 → 03:20]
2026-03-26 06:43:58,011 | INFO | 📊 Aggregating vehicle_pass → record [2026-03-24 03:20:00 → 2026-03-24 03:25:00]
2026-03-26 06:43:58,031 | INFO | ✅ record_5m done [03:20 → 03:25]
2026-03-26 06:43:58,031 | INFO | ✅ record_5m aggregated [2026-03-24 03:20:00 → 2026-03-24 03:25:00]
2026-03-26 06:43:58,031 | INFO |   ✅ ( 41/288) [03:20 → 03:25]
2026-03-26 06:43:58,085 | INFO | 📊 Aggregating vehicle_pass → record [2026-03-24 03:25:00 → 2026-03-24 03:30:00]
2026-03-26 06:43:58,106 | INFO | ✅ record_5m done [03:25 → 03:30]
2026-03-26 06:43:58,108 | INFO | ✅ record_5m aggregated [2026-03-24 03:25:00 → 2026-03-24 03:30:00]
2026-03-26 06:43:58,108 | INFO |   ✅ ( 42/288) [03:25 → 03:30]
2026-03-26 06:43:58,164 | INFO | 📊 Aggregating vehicle_pass → record [2026-03-24 03:30:00 → 2026-03-24 03:35:00]
2026-03-26 06:43:58,184 | INFO | ✅ record_5m done [03:30 → 03:35]
2026-03-26 06:43:58,184 | INFO | ✅ record_5m aggregated [2026-03-24 03:30:00 → 2026-03-24 03:35:00]
2026-03-26 06:43:58,184 | INFO |   ✅ ( 43/288) [03:30 → 03:35]
2026-03-26 06:43:58,240 | INFO | 📊 Aggregating vehicle_pass → record [2026-03-24 03:35:00 → 2026-03-24 03:40:00]
2026-03-26 06:43:58,258 | INFO | ✅ record_5m done [03:35 → 03:40]
2026-03-26 06:43:58,258 | INFO | ✅ record_5m aggregated [2026-03-24 03:35:00 → 2026-03-24 03:40:00]
2026-03-26 06:43:58,260 | INFO |   ✅ ( 44/288) [03:35 → 03:40]
2026-03-26 06:43:58,411 | INFO | 📊 Aggregating vehicle_pass → record [2026-03-24 03:40:00 → 2026-03-24 03:45:00]
2026-03-26 06:43:58,434 | INFO | ✅ record_5m done [03:40 → 03:45]
2026-03-26 06:43:58,435 | INFO | ✅ record_5m aggregated [2026-03-24 03:40:00 → 2026-03-24 03:45:00]
2026-03-26 06:43:58,435 | INFO |   ✅ ( 45/288) [03:40 → 03:45]
2026-03-26 06:43:58,485 | INFO | 📊 Aggregating vehicle_pass → record [2026-03-24 03:45:00 → 2026-03-24 03:50:00]
2026-03-26 06:43:58,503 | INFO | ✅ record_5m done [03:45 → 03:50]
2026-03-26 06:43:58,504 | INFO | ✅ record_5m aggregated [2026-03-24 03:45:00 → 2026-03-24 03:50:00]
2026-03-26 06:43:58,504 | INFO |   ✅ ( 46/288) [03:45 → 03:50]
2026-03-26 06:43:58,560 | INFO | 📊 Aggregating vehicle_pass → record [2026-03-24 03:50:00 → 2026-03-24 03:55:00]
2026-03-26 06:43:58,577 | INFO | ✅ record_5m done [03:50 → 03:55]
2026-03-26 06:43:58,578 | INFO | ✅ record_5m aggregated [2026-03-24 03:50:00 → 2026-03-24 03:55:00]
2026-03-26 06:43:58,578 | INFO |   ✅ ( 47/288) [03:50 → 03:55]
2026-03-26 06:43:58,635 | INFO | 📊 Aggregating vehicle_pass → record [2026-03-24 03:55:00 → 2026-03-24 04:00:00]
2026-03-26 06:43:58,661 | INFO | ✅ record_5m done [03:55 → 04:00]
2026-03-26 06:43:58,662 | INFO | ✅ record_5m aggregated [2026-03-24 03:55:00 → 2026-03-24 04:00:00]
2026-03-26 06:43:58,662 | INFO |   ✅ ( 48/288) [03:55 → 04:00]
2026-03-26 06:43:58,712 | INFO | 📊 Aggregating vehicle_pass → record [2026-03-24 04:00:00 → 2026-03-24 04:05:00]
2026-03-26 06:43:58,730 | INFO | ✅ record_5m done [04:00 → 04:05]
2026-03-26 06:43:58,730 | INFO | ✅ record_5m aggregated [2026-03-24 04:00:00 → 2026-03-24 04:05:00]
2026-03-26 06:43:58,731 | INFO |   ✅ ( 49/288) [04:00 → 04:05]
2026-03-26 06:43:58,783 | INFO | 📊 Aggregating vehicle_pass → record [2026-03-24 04:05:00 → 2026-03-24 04:10:00]
2026-03-26 06:43:58,808 | INFO | ✅ record_5m done [04:05 → 04:10]
2026-03-26 06:43:58,808 | INFO | ✅ record_5m aggregated [2026-03-24 04:05:00 → 2026-03-24 04:10:00]
2026-03-26 06:43:58,808 | INFO |   ✅ ( 50/288) [04:05 → 04:10]
2026-03-26 06:43:58,862 | INFO | 📊 Aggregating vehicle_pass → record [2026-03-24 04:10:00 → 2026-03-24 04:15:00]
2026-03-26 06:43:58,882 | INFO | ✅ record_5m done [04:10 → 04:15]
2026-03-26 06:43:58,882 | INFO | ✅ record_5m aggregated [2026-03-24 04:10:00 → 2026-03-24 04:15:00]
2026-03-26 06:43:58,882 | INFO |   ✅ ( 51/288) [04:10 → 04:15]
2026-03-26 06:43:58,936 | INFO | 📊 Aggregating vehicle_pass → record [2026-03-24 04:15:00 → 2026-03-24 04:20:00]
2026-03-26 06:43:58,958 | INFO | ✅ record_5m done [04:15 → 04:20]
2026-03-26 06:43:58,959 | INFO | ✅ record_5m aggregated [2026-03-24 04:15:00 → 2026-03-24 04:20:00]
2026-03-26 06:43:58,959 | INFO |   ✅ ( 52/288) [04:15 → 04:20]
2026-03-26 06:43:59,021 | INFO | 📊 Aggregating vehicle_pass → record [2026-03-24 04:20:00 → 2026-03-24 04:25:00]
2026-03-26 06:43:59,040 | INFO | ✅ record_5m done [04:20 → 04:25]
2026-03-26 06:43:59,041 | INFO | ✅ record_5m aggregated [2026-03-24 04:20:00 → 2026-03-24 04:25:00]
2026-03-26 06:43:59,041 | INFO |   ✅ ( 53/288) [04:20 → 04:25]
2026-03-26 06:43:59,098 | INFO | 📊 Aggregating vehicle_pass → record [2026-03-24 04:25:00 → 2026-03-24 04:30:00]
2026-03-26 06:43:59,123 | INFO | ✅ record_5m done [04:25 → 04:30]
2026-03-26 06:43:59,125 | INFO | ✅ record_5m aggregated [2026-03-24 04:25:00 → 2026-03-24 04:30:00]
2026-03-26 06:43:59,125 | INFO |   ✅ ( 54/288) [04:25 → 04:30]
2026-03-26 06:43:59,181 | INFO | 📊 Aggregating vehicle_pass → record [2026-03-24 04:30:00 → 2026-03-24 04:35:00]
2026-03-26 06:43:59,201 | INFO | ✅ record_5m done [04:30 → 04:35]
2026-03-26 06:43:59,202 | INFO | ✅ record_5m aggregated [2026-03-24 04:30:00 → 2026-03-24 04:35:00]
2026-03-26 06:43:59,202 | INFO |   ✅ ( 55/288) [04:30 → 04:35]
2026-03-26 06:43:59,256 | INFO | 📊 Aggregating vehicle_pass → record [2026-03-24 04:35:00 → 2026-03-24 04:40:00]
2026-03-26 06:43:59,298 | INFO | ✅ record_5m done [04:35 → 04:40]
2026-03-26 06:43:59,298 | INFO | ✅ record_5m aggregated [2026-03-24 04:35:00 → 2026-03-24 04:40:00]
2026-03-26 06:43:59,299 | INFO |   ✅ ( 56/288) [04:35 → 04:40]
2026-03-26 06:43:59,369 | INFO | 📊 Aggregating vehicle_pass → record [2026-03-24 04:40:00 → 2026-03-24 04:45:00]
2026-03-26 06:43:59,402 | INFO | ✅ record_5m done [04:40 → 04:45]
2026-03-26 06:43:59,402 | INFO | ✅ record_5m aggregated [2026-03-24 04:40:00 → 2026-03-24 04:45:00]
2026-03-26 06:43:59,403 | INFO |   ✅ ( 57/288) [04:40 → 04:45]
2026-03-26 06:43:59,464 | INFO | 📊 Aggregating vehicle_pass → record [2026-03-24 04:45:00 → 2026-03-24 04:50:00]
2026-03-26 06:43:59,483 | INFO | ✅ record_5m done [04:45 → 04:50]
2026-03-26 06:43:59,484 | INFO | ✅ record_5m aggregated [2026-03-24 04:45:00 → 2026-03-24 04:50:00]
2026-03-26 06:43:59,484 | INFO |   ✅ ( 58/288) [04:45 → 04:50]
2026-03-26 06:43:59,537 | INFO | 📊 Aggregating vehicle_pass → record [2026-03-24 04:50:00 → 2026-03-24 04:55:00]
2026-03-26 06:43:59,561 | INFO | ✅ record_5m done [04:50 → 04:55]
2026-03-26 06:43:59,562 | INFO | ✅ record_5m aggregated [2026-03-24 04:50:00 → 2026-03-24 04:55:00]
2026-03-26 06:43:59,562 | INFO |   ✅ ( 59/288) [04:50 → 04:55]
2026-03-26 06:43:59,627 | INFO | 📊 Aggregating vehicle_pass → record [2026-03-24 04:55:00 → 2026-03-24 05:00:00]
2026-03-26 06:43:59,651 | INFO | ✅ record_5m done [04:55 → 05:00]
2026-03-26 06:43:59,652 | INFO | ✅ record_5m aggregated [2026-03-24 04:55:00 → 2026-03-24 05:00:00]
2026-03-26 06:43:59,652 | INFO |   ✅ ( 60/288) [04:55 → 05:00]
2026-03-26 06:43:59,813 | INFO | 📊 Aggregating vehicle_pass → record [2026-03-24 05:00:00 → 2026-03-24 05:05:00]
2026-03-26 06:43:59,833 | INFO | ✅ record_5m done [05:00 → 05:05]
2026-03-26 06:43:59,834 | INFO | ✅ record_5m aggregated [2026-03-24 05:00:00 → 2026-03-24 05:05:00]
2026-03-26 06:43:59,835 | INFO |   ✅ ( 61/288) [05:00 → 05:05]
2026-03-26 06:44:00,022 | INFO | 📊 Aggregating vehicle_pass → record [2026-03-24 05:05:00 → 2026-03-24 05:10:00]
2026-03-26 06:44:00,050 | INFO | ✅ record_5m done [05:05 → 05:10]
2026-03-26 06:44:00,050 | INFO | ✅ record_5m aggregated [2026-03-24 05:05:00 → 2026-03-24 05:10:00]
2026-03-26 06:44:00,051 | INFO |   ✅ ( 62/288) [05:05 → 05:10]
2026-03-26 06:44:00,116 | INFO | 📊 Aggregating vehicle_pass → record [2026-03-24 05:10:00 → 2026-03-24 05:15:00]
2026-03-26 06:44:00,138 | INFO | ✅ record_5m done [05:10 → 05:15]
2026-03-26 06:44:00,139 | INFO | ✅ record_5m aggregated [2026-03-24 05:10:00 → 2026-03-24 05:15:00]
2026-03-26 06:44:00,140 | INFO |   ✅ ( 63/288) [05:10 → 05:15]
2026-03-26 06:44:00,195 | INFO | 📊 Aggregating vehicle_pass → record [2026-03-24 05:15:00 → 2026-03-24 05:20:00]
2026-03-26 06:44:00,219 | INFO | ✅ record_5m done [05:15 → 05:20]
2026-03-26 06:44:00,220 | INFO | ✅ record_5m aggregated [2026-03-24 05:15:00 → 2026-03-24 05:20:00]
2026-03-26 06:44:00,220 | INFO |   ✅ ( 64/288) [05:15 → 05:20]
2026-03-26 06:44:00,275 | INFO | 📊 Aggregating vehicle_pass → record [2026-03-24 05:20:00 → 2026-03-24 05:25:00]
2026-03-26 06:44:00,298 | INFO | ✅ record_5m done [05:20 → 05:25]
2026-03-26 06:44:00,299 | INFO | ✅ record_5m aggregated [2026-03-24 05:20:00 → 2026-03-24 05:25:00]
2026-03-26 06:44:00,300 | INFO |   ✅ ( 65/288) [05:20 → 05:25]
2026-03-26 06:44:00,370 | INFO | 📊 Aggregating vehicle_pass → record [2026-03-24 05:25:00 → 2026-03-24 05:30:00]
2026-03-26 06:44:00,398 | INFO | ✅ record_5m done [05:25 → 05:30]
2026-03-26 06:44:00,398 | INFO | ✅ record_5m aggregated [2026-03-24 05:25:00 → 2026-03-24 05:30:00]
2026-03-26 06:44:00,399 | INFO |   ✅ ( 66/288) [05:25 → 05:30]
2026-03-26 06:44:00,453 | INFO | 📊 Aggregating vehicle_pass → record [2026-03-24 05:30:00 → 2026-03-24 05:35:00]
2026-03-26 06:44:00,484 | INFO | ✅ record_5m done [05:30 → 05:35]
2026-03-26 06:44:00,484 | INFO | ✅ record_5m aggregated [2026-03-24 05:30:00 → 2026-03-24 05:35:00]
2026-03-26 06:44:00,485 | INFO |   ✅ ( 67/288) [05:30 → 05:35]
2026-03-26 06:44:00,636 | INFO | 📊 Aggregating vehicle_pass → record [2026-03-24 05:35:00 → 2026-03-24 05:40:00]
2026-03-26 06:44:00,655 | INFO | ✅ record_5m done [05:35 → 05:40]
2026-03-26 06:44:00,657 | INFO | ✅ record_5m aggregated [2026-03-24 05:35:00 → 2026-03-24 05:40:00]
2026-03-26 06:44:00,657 | INFO |   ✅ ( 68/288) [05:35 → 05:40]
2026-03-26 06:44:00,717 | INFO | 📊 Aggregating vehicle_pass → record [2026-03-24 05:40:00 → 2026-03-24 05:45:00]
2026-03-26 06:44:00,745 | INFO | ✅ record_5m done [05:40 → 05:45]
2026-03-26 06:44:00,746 | INFO | ✅ record_5m aggregated [2026-03-24 05:40:00 → 2026-03-24 05:45:00]
2026-03-26 06:44:00,746 | INFO |   ✅ ( 69/288) [05:40 → 05:45]
2026-03-26 06:44:00,817 | INFO | 📊 Aggregating vehicle_pass → record [2026-03-24 05:45:00 → 2026-03-24 05:50:00]
2026-03-26 06:44:00,838 | INFO | ✅ record_5m done [05:45 → 05:50]
2026-03-26 06:44:00,839 | INFO | ✅ record_5m aggregated [2026-03-24 05:45:00 → 2026-03-24 05:50:00]
2026-03-26 06:44:00,839 | INFO |   ✅ ( 70/288) [05:45 → 05:50]
2026-03-26 06:44:00,892 | INFO | 📊 Aggregating vehicle_pass → record [2026-03-24 05:50:00 → 2026-03-24 05:55:00]
2026-03-26 06:44:00,911 | INFO | ✅ record_5m done [05:50 → 05:55]
2026-03-26 06:44:00,912 | INFO | ✅ record_5m aggregated [2026-03-24 05:50:00 → 2026-03-24 05:55:00]
2026-03-26 06:44:00,912 | INFO |   ✅ ( 71/288) [05:50 → 05:55]
2026-03-26 06:44:01,061 | INFO | 📊 Aggregating vehicle_pass → record [2026-03-24 05:55:00 → 2026-03-24 06:00:00]
2026-03-26 06:44:01,084 | INFO | ✅ record_5m done [05:55 → 06:00]
2026-03-26 06:44:01,085 | INFO | ✅ record_5m aggregated [2026-03-24 05:55:00 → 2026-03-24 06:00:00]
2026-03-26 06:44:01,085 | INFO |   ✅ ( 72/288) [05:55 → 06:00]
2026-03-26 06:44:01,142 | INFO | 📊 Aggregating vehicle_pass → record [2026-03-24 06:00:00 → 2026-03-24 06:05:00]
2026-03-26 06:44:01,168 | INFO | ✅ record_5m done [06:00 → 06:05]
2026-03-26 06:44:01,169 | INFO | ✅ record_5m aggregated [2026-03-24 06:00:00 → 2026-03-24 06:05:00]
2026-03-26 06:44:01,169 | INFO |   ✅ ( 73/288) [06:00 → 06:05]
2026-03-26 06:44:01,238 | INFO | 📊 Aggregating vehicle_pass → record [2026-03-24 06:05:00 → 2026-03-24 06:10:00]
2026-03-26 06:44:01,264 | INFO | ✅ record_5m done [06:05 → 06:10]
2026-03-26 06:44:01,265 | INFO | ✅ record_5m aggregated [2026-03-24 06:05:00 → 2026-03-24 06:10:00]
2026-03-26 06:44:01,265 | INFO |   ✅ ( 74/288) [06:05 → 06:10]
2026-03-26 06:44:01,323 | INFO | 📊 Aggregating vehicle_pass → record [2026-03-24 06:10:00 → 2026-03-24 06:15:00]
2026-03-26 06:44:01,341 | INFO | ✅ record_5m done [06:10 → 06:15]
2026-03-26 06:44:01,343 | INFO | ✅ record_5m aggregated [2026-03-24 06:10:00 → 2026-03-24 06:15:00]
2026-03-26 06:44:01,343 | INFO |   ✅ ( 75/288) [06:10 → 06:15]
2026-03-26 06:44:01,418 | INFO | 📊 Aggregating vehicle_pass → record [2026-03-24 06:15:00 → 2026-03-24 06:20:00]
2026-03-26 06:44:01,438 | INFO | ✅ record_5m done [06:15 → 06:20]
2026-03-26 06:44:01,439 | INFO | ✅ record_5m aggregated [2026-03-24 06:15:00 → 2026-03-24 06:20:00]
2026-03-26 06:44:01,439 | INFO |   ✅ ( 76/288) [06:15 → 06:20]
2026-03-26 06:44:01,496 | INFO | 📊 Aggregating vehicle_pass → record [2026-03-24 06:20:00 → 2026-03-24 06:25:00]
2026-03-26 06:44:01,514 | INFO | ✅ record_5m done [06:20 → 06:25]
2026-03-26 06:44:01,514 | INFO | ✅ record_5m aggregated [2026-03-24 06:20:00 → 2026-03-24 06:25:00]
2026-03-26 06:44:01,516 | INFO |   ✅ ( 77/288) [06:20 → 06:25]
2026-03-26 06:44:01,582 | INFO | 📊 Aggregating vehicle_pass → record [2026-03-24 06:25:00 → 2026-03-24 06:30:00]
2026-03-26 06:44:01,603 | INFO | ✅ record_5m done [06:25 → 06:30]
2026-03-26 06:44:01,604 | INFO | ✅ record_5m aggregated [2026-03-24 06:25:00 → 2026-03-24 06:30:00]
2026-03-26 06:44:01,605 | INFO |   ✅ ( 78/288) [06:25 → 06:30]
2026-03-26 06:44:01,665 | INFO | 📊 Aggregating vehicle_pass → record [2026-03-24 06:30:00 → 2026-03-24 06:35:00]
2026-03-26 06:44:01,682 | INFO | ✅ record_5m done [06:30 → 06:35]
2026-03-26 06:44:01,683 | INFO | ✅ record_5m aggregated [2026-03-24 06:30:00 → 2026-03-24 06:35:00]
2026-03-26 06:44:01,683 | INFO |   ✅ ( 79/288) [06:30 → 06:35]
2026-03-26 06:44:01,740 | INFO | 📊 Aggregating vehicle_pass → record [2026-03-24 06:35:00 → 2026-03-24 06:40:00]
2026-03-26 06:44:01,760 | INFO | ✅ record_5m done [06:35 → 06:40]
2026-03-26 06:44:01,761 | INFO | ✅ record_5m aggregated [2026-03-24 06:35:00 → 2026-03-24 06:40:00]
2026-03-26 06:44:01,765 | INFO |   ✅ ( 80/288) [06:35 → 06:40]
2026-03-26 06:44:01,824 | INFO | 📊 Aggregating vehicle_pass → record [2026-03-24 06:40:00 → 2026-03-24 06:45:00]
2026-03-26 06:44:01,848 | INFO | ✅ record_5m done [06:40 → 06:45]
2026-03-26 06:44:01,849 | INFO | ✅ record_5m aggregated [2026-03-24 06:40:00 → 2026-03-24 06:45:00]
2026-03-26 06:44:01,849 | INFO |   ✅ ( 81/288) [06:40 → 06:45]
2026-03-26 06:44:01,907 | INFO | 📊 Aggregating vehicle_pass → record [2026-03-24 06:45:00 → 2026-03-24 06:50:00]
2026-03-26 06:44:01,931 | INFO | ✅ record_5m done [06:45 → 06:50]
2026-03-26 06:44:01,932 | INFO | ✅ record_5m aggregated [2026-03-24 06:45:00 → 2026-03-24 06:50:00]
2026-03-26 06:44:01,933 | INFO |   ✅ ( 82/288) [06:45 → 06:50]
2026-03-26 06:44:02,086 | INFO | 📊 Aggregating vehicle_pass → record [2026-03-24 06:50:00 → 2026-03-24 06:55:00]
2026-03-26 06:44:02,107 | INFO | ✅ record_5m done [06:50 → 06:55]
2026-03-26 06:44:02,108 | INFO | ✅ record_5m aggregated [2026-03-24 06:50:00 → 2026-03-24 06:55:00]
2026-03-26 06:44:02,109 | INFO |   ✅ ( 83/288) [06:50 → 06:55]
2026-03-26 06:44:02,172 | INFO | 📊 Aggregating vehicle_pass → record [2026-03-24 06:55:00 → 2026-03-24 07:00:00]
2026-03-26 06:44:02,192 | INFO | ✅ record_5m done [06:55 → 07:00]
2026-03-26 06:44:02,192 | INFO | ✅ record_5m aggregated [2026-03-24 06:55:00 → 2026-03-24 07:00:00]
2026-03-26 06:44:02,193 | INFO |   ✅ ( 84/288) [06:55 → 07:00]
2026-03-26 06:44:02,253 | INFO | 📊 Aggregating vehicle_pass → record [2026-03-24 07:00:00 → 2026-03-24 07:05:00]
2026-03-26 06:44:02,279 | INFO | ✅ record_5m done [07:00 → 07:05]
2026-03-26 06:44:02,280 | INFO | ✅ record_5m aggregated [2026-03-24 07:00:00 → 2026-03-24 07:05:00]
2026-03-26 06:44:02,280 | INFO |   ✅ ( 85/288) [07:00 → 07:05]
2026-03-26 06:44:02,334 | INFO | 📊 Aggregating vehicle_pass → record [2026-03-24 07:05:00 → 2026-03-24 07:10:00]
2026-03-26 06:44:02,360 | INFO | ✅ record_5m done [07:05 → 07:10]
2026-03-26 06:44:02,361 | INFO | ✅ record_5m aggregated [2026-03-24 07:05:00 → 2026-03-24 07:10:00]
2026-03-26 06:44:02,362 | INFO |   ✅ ( 86/288) [07:05 → 07:10]
2026-03-26 06:44:02,449 | INFO | 📊 Aggregating vehicle_pass → record [2026-03-24 07:10:00 → 2026-03-24 07:15:00]
2026-03-26 06:44:02,466 | INFO | ✅ record_5m done [07:10 → 07:15]
2026-03-26 06:44:02,467 | INFO | ✅ record_5m aggregated [2026-03-24 07:10:00 → 2026-03-24 07:15:00]
2026-03-26 06:44:02,467 | INFO |   ✅ ( 87/288) [07:10 → 07:15]
2026-03-26 06:44:02,520 | INFO | 📊 Aggregating vehicle_pass → record [2026-03-24 07:15:00 → 2026-03-24 07:20:00]
2026-03-26 06:44:02,551 | INFO | ✅ record_5m done [07:15 → 07:20]
2026-03-26 06:44:02,551 | INFO | ✅ record_5m aggregated [2026-03-24 07:15:00 → 2026-03-24 07:20:00]
2026-03-26 06:44:02,552 | INFO |   ✅ ( 88/288) [07:15 → 07:20]
2026-03-26 06:44:02,717 | INFO | 📊 Aggregating vehicle_pass → record [2026-03-24 07:20:00 → 2026-03-24 07:25:00]
2026-03-26 06:44:02,747 | INFO | ✅ record_5m done [07:20 → 07:25]
2026-03-26 06:44:02,748 | INFO | ✅ record_5m aggregated [2026-03-24 07:20:00 → 2026-03-24 07:25:00]
2026-03-26 06:44:02,748 | INFO |   ✅ ( 89/288) [07:20 → 07:25]
2026-03-26 06:44:02,838 | INFO | 📊 Aggregating vehicle_pass → record [2026-03-24 07:25:00 → 2026-03-24 07:30:00]
2026-03-26 06:44:02,864 | INFO | ✅ record_5m done [07:25 → 07:30]
2026-03-26 06:44:02,864 | INFO | ✅ record_5m aggregated [2026-03-24 07:25:00 → 2026-03-24 07:30:00]
2026-03-26 06:44:02,865 | INFO |   ✅ ( 90/288) [07:25 → 07:30]
2026-03-26 06:44:02,932 | INFO | 📊 Aggregating vehicle_pass → record [2026-03-24 07:30:00 → 2026-03-24 07:35:00]
2026-03-26 06:44:02,950 | INFO | ✅ record_5m done [07:30 → 07:35]
2026-03-26 06:44:02,951 | INFO | ✅ record_5m aggregated [2026-03-24 07:30:00 → 2026-03-24 07:35:00]
2026-03-26 06:44:02,951 | INFO |   ✅ ( 91/288) [07:30 → 07:35]
2026-03-26 06:44:03,002 | INFO | 📊 Aggregating vehicle_pass → record [2026-03-24 07:35:00 → 2026-03-24 07:40:00]
2026-03-26 06:44:03,018 | INFO | ✅ record_5m done [07:35 → 07:40]
2026-03-26 06:44:03,018 | INFO | ✅ record_5m aggregated [2026-03-24 07:35:00 → 2026-03-24 07:40:00]
2026-03-26 06:44:03,019 | INFO |   ✅ ( 92/288) [07:35 → 07:40]
2026-03-26 06:44:03,069 | INFO | 📊 Aggregating vehicle_pass → record [2026-03-24 07:40:00 → 2026-03-24 07:45:00]
2026-03-26 06:44:03,090 | INFO | ✅ record_5m done [07:40 → 07:45]
2026-03-26 06:44:03,090 | INFO | ✅ record_5m aggregated [2026-03-24 07:40:00 → 2026-03-24 07:45:00]
2026-03-26 06:44:03,090 | INFO |   ✅ ( 93/288) [07:40 → 07:45]
2026-03-26 06:44:03,156 | INFO | 📊 Aggregating vehicle_pass → record [2026-03-24 07:45:00 → 2026-03-24 07:50:00]
2026-03-26 06:44:03,175 | INFO | ✅ record_5m done [07:45 → 07:50]
2026-03-26 06:44:03,176 | INFO | ✅ record_5m aggregated [2026-03-24 07:45:00 → 2026-03-24 07:50:00]
2026-03-26 06:44:03,176 | INFO |   ✅ ( 94/288) [07:45 → 07:50]
2026-03-26 06:44:03,235 | INFO | 📊 Aggregating vehicle_pass → record [2026-03-24 07:50:00 → 2026-03-24 07:55:00]
2026-03-26 06:44:03,254 | INFO | ✅ record_5m done [07:50 → 07:55]
2026-03-26 06:44:03,255 | INFO | ✅ record_5m aggregated [2026-03-24 07:50:00 → 2026-03-24 07:55:00]
2026-03-26 06:44:03,255 | INFO |   ✅ ( 95/288) [07:50 → 07:55]
2026-03-26 06:44:03,326 | INFO | 📊 Aggregating vehicle_pass → record [2026-03-24 07:55:00 → 2026-03-24 08:00:00]
2026-03-26 06:44:03,350 | INFO | ✅ record_5m done [07:55 → 08:00]
2026-03-26 06:44:03,351 | INFO | ✅ record_5m aggregated [2026-03-24 07:55:00 → 2026-03-24 08:00:00]
2026-03-26 06:44:03,351 | INFO |   ✅ ( 96/288) [07:55 → 08:00]
2026-03-26 06:44:03,404 | INFO | 📊 Aggregating vehicle_pass → record [2026-03-24 08:00:00 → 2026-03-24 08:05:00]
2026-03-26 06:44:03,436 | INFO | ✅ record_5m done [08:00 → 08:05]
2026-03-26 06:44:03,437 | INFO | ✅ record_5m aggregated [2026-03-24 08:00:00 → 2026-03-24 08:05:00]
2026-03-26 06:44:03,438 | INFO |   ✅ ( 97/288) [08:00 → 08:05]
2026-03-26 06:44:03,499 | INFO | 📊 Aggregating vehicle_pass → record [2026-03-24 08:05:00 → 2026-03-24 08:10:00]
2026-03-26 06:44:03,520 | INFO | ✅ record_5m done [08:05 → 08:10]
2026-03-26 06:44:03,520 | INFO | ✅ record_5m aggregated [2026-03-24 08:05:00 → 2026-03-24 08:10:00]
2026-03-26 06:44:03,521 | INFO |   ✅ ( 98/288) [08:05 → 08:10]
2026-03-26 06:44:03,574 | INFO | 📊 Aggregating vehicle_pass → record [2026-03-24 08:10:00 → 2026-03-24 08:15:00]
2026-03-26 06:44:03,592 | INFO | ✅ record_5m done [08:10 → 08:15]
2026-03-26 06:44:03,593 | INFO | ✅ record_5m aggregated [2026-03-24 08:10:00 → 2026-03-24 08:15:00]
2026-03-26 06:44:03,594 | INFO |   ✅ ( 99/288) [08:10 → 08:15]
2026-03-26 06:44:03,650 | INFO | 📊 Aggregating vehicle_pass → record [2026-03-24 08:15:00 → 2026-03-24 08:20:00]
2026-03-26 06:44:03,682 | INFO | ✅ record_5m done [08:15 → 08:20]
2026-03-26 06:44:03,683 | INFO | ✅ record_5m aggregated [2026-03-24 08:15:00 → 2026-03-24 08:20:00]
2026-03-26 06:44:03,683 | INFO |   ✅ (100/288) [08:15 → 08:20]
2026-03-26 06:44:03,868 | INFO | 📊 Aggregating vehicle_pass → record [2026-03-24 08:20:00 → 2026-03-24 08:25:00]
2026-03-26 06:44:03,898 | INFO | ✅ record_5m done [08:20 → 08:25]
2026-03-26 06:44:03,899 | INFO | ✅ record_5m aggregated [2026-03-24 08:20:00 → 2026-03-24 08:25:00]
2026-03-26 06:44:03,899 | INFO |   ✅ (101/288) [08:20 → 08:25]
2026-03-26 06:44:03,956 | INFO | 📊 Aggregating vehicle_pass → record [2026-03-24 08:25:00 → 2026-03-24 08:30:00]
2026-03-26 06:44:03,974 | INFO | ✅ record_5m done [08:25 → 08:30]
2026-03-26 06:44:03,975 | INFO | ✅ record_5m aggregated [2026-03-24 08:25:00 → 2026-03-24 08:30:00]
2026-03-26 06:44:03,976 | INFO |   ✅ (102/288) [08:25 → 08:30]
2026-03-26 06:44:04,032 | INFO | 📊 Aggregating vehicle_pass → record [2026-03-24 08:30:00 → 2026-03-24 08:35:00]
2026-03-26 06:44:04,063 | INFO | ✅ record_5m done [08:30 → 08:35]
2026-03-26 06:44:04,063 | INFO | ✅ record_5m aggregated [2026-03-24 08:30:00 → 2026-03-24 08:35:00]
2026-03-26 06:44:04,064 | INFO |   ✅ (103/288) [08:30 → 08:35]
2026-03-26 06:44:04,146 | INFO | 📊 Aggregating vehicle_pass → record [2026-03-24 08:35:00 → 2026-03-24 08:40:00]
2026-03-26 06:44:04,168 | INFO | ✅ record_5m done [08:35 → 08:40]
2026-03-26 06:44:04,168 | INFO | ✅ record_5m aggregated [2026-03-24 08:35:00 → 2026-03-24 08:40:00]
2026-03-26 06:44:04,169 | INFO |   ✅ (104/288) [08:35 → 08:40]
2026-03-26 06:44:04,238 | INFO | 📊 Aggregating vehicle_pass → record [2026-03-24 08:40:00 → 2026-03-24 08:45:00]
2026-03-26 06:44:04,259 | INFO | ✅ record_5m done [08:40 → 08:45]
2026-03-26 06:44:04,259 | INFO | ✅ record_5m aggregated [2026-03-24 08:40:00 → 2026-03-24 08:45:00]
2026-03-26 06:44:04,260 | INFO |   ✅ (105/288) [08:40 → 08:45]
2026-03-26 06:44:04,331 | INFO | 📊 Aggregating vehicle_pass → record [2026-03-24 08:45:00 → 2026-03-24 08:50:00]
2026-03-26 06:44:04,351 | INFO | ✅ record_5m done [08:45 → 08:50]
2026-03-26 06:44:04,352 | INFO | ✅ record_5m aggregated [2026-03-24 08:45:00 → 2026-03-24 08:50:00]
2026-03-26 06:44:04,352 | INFO |   ✅ (106/288) [08:45 → 08:50]
2026-03-26 06:44:04,442 | INFO | 📊 Aggregating vehicle_pass → record [2026-03-24 08:50:00 → 2026-03-24 08:55:00]
2026-03-26 06:44:04,471 | INFO | ✅ record_5m done [08:50 → 08:55]
2026-03-26 06:44:04,474 | INFO | ✅ record_5m aggregated [2026-03-24 08:50:00 → 2026-03-24 08:55:00]
2026-03-26 06:44:04,475 | INFO |   ✅ (107/288) [08:50 → 08:55]
2026-03-26 06:44:04,552 | INFO | 📊 Aggregating vehicle_pass → record [2026-03-24 08:55:00 → 2026-03-24 09:00:00]
2026-03-26 06:44:04,596 | INFO | ✅ record_5m done [08:55 → 09:00]
2026-03-26 06:44:04,597 | INFO | ✅ record_5m aggregated [2026-03-24 08:55:00 → 2026-03-24 09:00:00]
2026-03-26 06:44:04,597 | INFO |   ✅ (108/288) [08:55 → 09:00]
2026-03-26 06:44:04,771 | INFO | 📊 Aggregating vehicle_pass → record [2026-03-24 09:00:00 → 2026-03-24 09:05:00]
2026-03-26 06:44:04,822 | INFO | ✅ record_5m done [09:00 → 09:05]
2026-03-26 06:44:04,822 | INFO | ✅ record_5m aggregated [2026-03-24 09:00:00 → 2026-03-24 09:05:00]
2026-03-26 06:44:04,823 | INFO |   ✅ (109/288) [09:00 → 09:05]
2026-03-26 06:44:04,941 | INFO | 📊 Aggregating vehicle_pass → record [2026-03-24 09:05:00 → 2026-03-24 09:10:00]
2026-03-26 06:44:05,200 | INFO | ✅ record_5m done [09:05 → 09:10]
2026-03-26 06:44:05,201 | INFO | ✅ record_5m aggregated [2026-03-24 09:05:00 → 2026-03-24 09:10:00]
2026-03-26 06:44:05,201 | INFO |   ✅ (110/288) [09:05 → 09:10]
2026-03-26 06:44:05,261 | INFO | 📊 Aggregating vehicle_pass → record [2026-03-24 09:10:00 → 2026-03-24 09:15:00]
2026-03-26 06:44:05,287 | INFO | ✅ record_5m done [09:10 → 09:15]
2026-03-26 06:44:05,288 | INFO | ✅ record_5m aggregated [2026-03-24 09:10:00 → 2026-03-24 09:15:00]
2026-03-26 06:44:05,288 | INFO |   ✅ (111/288) [09:10 → 09:15]
2026-03-26 06:44:05,347 | INFO | 📊 Aggregating vehicle_pass → record [2026-03-24 09:15:00 → 2026-03-24 09:20:00]
2026-03-26 06:44:05,371 | INFO | ✅ record_5m done [09:15 → 09:20]
2026-03-26 06:44:05,372 | INFO | ✅ record_5m aggregated [2026-03-24 09:15:00 → 2026-03-24 09:20:00]
2026-03-26 06:44:05,372 | INFO |   ✅ (112/288) [09:15 → 09:20]
2026-03-26 06:44:05,523 | INFO | 📊 Aggregating vehicle_pass → record [2026-03-24 09:20:00 → 2026-03-24 09:25:00]
2026-03-26 06:44:05,546 | INFO | ✅ record_5m done [09:20 → 09:25]
2026-03-26 06:44:05,546 | INFO | ✅ record_5m aggregated [2026-03-24 09:20:00 → 2026-03-24 09:25:00]
2026-03-26 06:44:05,547 | INFO |   ✅ (113/288) [09:20 → 09:25]
2026-03-26 06:44:05,693 | INFO | 📊 Aggregating vehicle_pass → record [2026-03-24 09:25:00 → 2026-03-24 09:30:00]
2026-03-26 06:44:05,727 | INFO | ✅ record_5m done [09:25 → 09:30]
2026-03-26 06:44:05,728 | INFO | ✅ record_5m aggregated [2026-03-24 09:25:00 → 2026-03-24 09:30:00]
2026-03-26 06:44:05,728 | INFO |   ✅ (114/288) [09:25 → 09:30]
2026-03-26 06:44:05,793 | INFO | 📊 Aggregating vehicle_pass → record [2026-03-24 09:30:00 → 2026-03-24 09:35:00]
2026-03-26 06:44:05,819 | INFO | ✅ record_5m done [09:30 → 09:35]
2026-03-26 06:44:05,820 | INFO | ✅ record_5m aggregated [2026-03-24 09:30:00 → 2026-03-24 09:35:00]
2026-03-26 06:44:05,820 | INFO |   ✅ (115/288) [09:30 → 09:35]
2026-03-26 06:44:05,885 | INFO | 📊 Aggregating vehicle_pass → record [2026-03-24 09:35:00 → 2026-03-24 09:40:00]
2026-03-26 06:44:05,918 | INFO | ✅ record_5m done [09:35 → 09:40]
2026-03-26 06:44:05,919 | INFO | ✅ record_5m aggregated [2026-03-24 09:35:00 → 2026-03-24 09:40:00]
2026-03-26 06:44:05,919 | INFO |   ✅ (116/288) [09:35 → 09:40]
2026-03-26 06:44:05,974 | INFO | 📊 Aggregating vehicle_pass → record [2026-03-24 09:40:00 → 2026-03-24 09:45:00]
2026-03-26 06:44:06,010 | INFO | ✅ record_5m done [09:40 → 09:45]
2026-03-26 06:44:06,010 | INFO | ✅ record_5m aggregated [2026-03-24 09:40:00 → 2026-03-24 09:45:00]
2026-03-26 06:44:06,011 | INFO |   ✅ (117/288) [09:40 → 09:45]
2026-03-26 06:44:06,067 | INFO | 📊 Aggregating vehicle_pass → record [2026-03-24 09:45:00 → 2026-03-24 09:50:00]
2026-03-26 06:44:06,108 | INFO | ✅ record_5m done [09:45 → 09:50]
2026-03-26 06:44:06,109 | INFO | ✅ record_5m aggregated [2026-03-24 09:45:00 → 2026-03-24 09:50:00]
2026-03-26 06:44:06,109 | INFO |   ✅ (118/288) [09:45 → 09:50]
2026-03-26 06:44:06,175 | INFO | 📊 Aggregating vehicle_pass → record [2026-03-24 09:50:00 → 2026-03-24 09:55:00]
2026-03-26 06:44:06,209 | INFO | ✅ record_5m done [09:50 → 09:55]
2026-03-26 06:44:06,210 | INFO | ✅ record_5m aggregated [2026-03-24 09:50:00 → 2026-03-24 09:55:00]
2026-03-26 06:44:06,211 | INFO |   ✅ (119/288) [09:50 → 09:55]
2026-03-26 06:44:06,265 | INFO | 📊 Aggregating vehicle_pass → record [2026-03-24 09:55:00 → 2026-03-24 10:00:00]
2026-03-26 06:44:06,284 | INFO | ✅ record_5m done [09:55 → 10:00]
2026-03-26 06:44:06,285 | INFO | ✅ record_5m aggregated [2026-03-24 09:55:00 → 2026-03-24 10:00:00]
2026-03-26 06:44:06,285 | INFO |   ✅ (120/288) [09:55 → 10:00]
2026-03-26 06:44:06,347 | INFO | 📊 Aggregating vehicle_pass → record [2026-03-24 10:00:00 → 2026-03-24 10:05:00]
2026-03-26 06:44:06,376 | INFO | ✅ record_5m done [10:00 → 10:05]
2026-03-26 06:44:06,377 | INFO | ✅ record_5m aggregated [2026-03-24 10:00:00 → 2026-03-24 10:05:00]
2026-03-26 06:44:06,377 | INFO |   ✅ (121/288) [10:00 → 10:05]
2026-03-26 06:44:06,432 | INFO | 📊 Aggregating vehicle_pass → record [2026-03-24 10:05:00 → 2026-03-24 10:10:00]
2026-03-26 06:44:06,453 | INFO | ✅ record_5m done [10:05 → 10:10]
2026-03-26 06:44:06,453 | INFO | ✅ record_5m aggregated [2026-03-24 10:05:00 → 2026-03-24 10:10:00]
2026-03-26 06:44:06,454 | INFO |   ✅ (122/288) [10:05 → 10:10]
2026-03-26 06:44:06,607 | INFO | 📊 Aggregating vehicle_pass → record [2026-03-24 10:10:00 → 2026-03-24 10:15:00]
2026-03-26 06:44:06,631 | INFO | ✅ record_5m done [10:10 → 10:15]
2026-03-26 06:44:06,631 | INFO | ✅ record_5m aggregated [2026-03-24 10:10:00 → 2026-03-24 10:15:00]
2026-03-26 06:44:06,632 | INFO |   ✅ (123/288) [10:10 → 10:15]
2026-03-26 06:44:06,796 | INFO | 📊 Aggregating vehicle_pass → record [2026-03-24 10:15:00 → 2026-03-24 10:20:00]
2026-03-26 06:44:06,819 | INFO | ✅ record_5m done [10:15 → 10:20]
2026-03-26 06:44:06,820 | INFO | ✅ record_5m aggregated [2026-03-24 10:15:00 → 2026-03-24 10:20:00]
2026-03-26 06:44:06,820 | INFO |   ✅ (124/288) [10:15 → 10:20]
2026-03-26 06:44:06,864 | INFO | 📊 Aggregating vehicle_pass → record [2026-03-24 10:20:00 → 2026-03-24 10:25:00]
2026-03-26 06:44:06,881 | INFO | ✅ record_5m done [10:20 → 10:25]
2026-03-26 06:44:06,882 | INFO | ✅ record_5m aggregated [2026-03-24 10:20:00 → 2026-03-24 10:25:00]
2026-03-26 06:44:06,882 | INFO |   ✅ (125/288) [10:20 → 10:25]
2026-03-26 06:44:06,927 | INFO | 📊 Aggregating vehicle_pass → record [2026-03-24 10:25:00 → 2026-03-24 10:30:00]
2026-03-26 06:44:06,948 | INFO | ✅ record_5m done [10:25 → 10:30]
2026-03-26 06:44:06,948 | INFO | ✅ record_5m aggregated [2026-03-24 10:25:00 → 2026-03-24 10:30:00]
2026-03-26 06:44:06,948 | INFO |   ✅ (126/288) [10:25 → 10:30]
2026-03-26 06:44:06,991 | INFO | 📊 Aggregating vehicle_pass → record [2026-03-24 10:30:00 → 2026-03-24 10:35:00]
2026-03-26 06:44:07,007 | INFO | ✅ record_5m done [10:30 → 10:35]
2026-03-26 06:44:07,008 | INFO | ✅ record_5m aggregated [2026-03-24 10:30:00 → 2026-03-24 10:35:00]
2026-03-26 06:44:07,008 | INFO |   ✅ (127/288) [10:30 → 10:35]
2026-03-26 06:44:07,054 | INFO | 📊 Aggregating vehicle_pass → record [2026-03-24 10:35:00 → 2026-03-24 10:40:00]
2026-03-26 06:44:07,070 | INFO | ✅ record_5m done [10:35 → 10:40]
2026-03-26 06:44:07,071 | INFO | ✅ record_5m aggregated [2026-03-24 10:35:00 → 2026-03-24 10:40:00]
2026-03-26 06:44:07,071 | INFO |   ✅ (128/288) [10:35 → 10:40]
2026-03-26 06:44:07,225 | INFO | 📊 Aggregating vehicle_pass → record [2026-03-24 10:40:00 → 2026-03-24 10:45:00]
2026-03-26 06:44:07,246 | INFO | ✅ record_5m done [10:40 → 10:45]
2026-03-26 06:44:07,246 | INFO | ✅ record_5m aggregated [2026-03-24 10:40:00 → 2026-03-24 10:45:00]
2026-03-26 06:44:07,247 | INFO |   ✅ (129/288) [10:40 → 10:45]
2026-03-26 06:44:07,396 | INFO | 📊 Aggregating vehicle_pass → record [2026-03-24 10:45:00 → 2026-03-24 10:50:00]
2026-03-26 06:44:07,409 | INFO | ✅ record_5m done [10:45 → 10:50]
2026-03-26 06:44:07,410 | INFO | ✅ record_5m aggregated [2026-03-24 10:45:00 → 2026-03-24 10:50:00]
2026-03-26 06:44:07,410 | INFO |   ✅ (130/288) [10:45 → 10:50]
2026-03-26 06:44:07,563 | INFO | 📊 Aggregating vehicle_pass → record [2026-03-24 10:50:00 → 2026-03-24 10:55:00]
2026-03-26 06:44:07,576 | INFO | ✅ record_5m done [10:50 → 10:55]
2026-03-26 06:44:07,577 | INFO | ✅ record_5m aggregated [2026-03-24 10:50:00 → 2026-03-24 10:55:00]
2026-03-26 06:44:07,578 | INFO |   ✅ (131/288) [10:50 → 10:55]
2026-03-26 06:44:07,625 | INFO | 📊 Aggregating vehicle_pass → record [2026-03-24 10:55:00 → 2026-03-24 11:00:00]
2026-03-26 06:44:07,641 | INFO | ✅ record_5m done [10:55 → 11:00]
2026-03-26 06:44:07,643 | INFO | ✅ record_5m aggregated [2026-03-24 10:55:00 → 2026-03-24 11:00:00]
2026-03-26 06:44:07,644 | INFO |   ✅ (132/288) [10:55 → 11:00]
2026-03-26 06:44:07,792 | INFO | 📊 Aggregating vehicle_pass → record [2026-03-24 11:00:00 → 2026-03-24 11:05:00]
2026-03-26 06:44:07,825 | INFO | ✅ record_5m done [11:00 → 11:05]
2026-03-26 06:44:07,825 | INFO | ✅ record_5m aggregated [2026-03-24 11:00:00 → 2026-03-24 11:05:00]
2026-03-26 06:44:07,826 | INFO |   ✅ (133/288) [11:00 → 11:05]
2026-03-26 06:44:07,881 | INFO | 📊 Aggregating vehicle_pass → record [2026-03-24 11:05:00 → 2026-03-24 11:10:00]
2026-03-26 06:44:07,899 | INFO | ✅ record_5m done [11:05 → 11:10]
2026-03-26 06:44:07,900 | INFO | ✅ record_5m aggregated [2026-03-24 11:05:00 → 2026-03-24 11:10:00]
2026-03-26 06:44:07,900 | INFO |   ✅ (134/288) [11:05 → 11:10]
2026-03-26 06:44:07,955 | INFO | 📊 Aggregating vehicle_pass → record [2026-03-24 11:10:00 → 2026-03-24 11:15:00]
2026-03-26 06:44:07,973 | INFO | ✅ record_5m done [11:10 → 11:15]
2026-03-26 06:44:07,974 | INFO | ✅ record_5m aggregated [2026-03-24 11:10:00 → 2026-03-24 11:15:00]
2026-03-26 06:44:07,974 | INFO |   ✅ (135/288) [11:10 → 11:15]
2026-03-26 06:44:08,033 | INFO | 📊 Aggregating vehicle_pass → record [2026-03-24 11:15:00 → 2026-03-24 11:20:00]
2026-03-26 06:44:08,053 | INFO | ✅ record_5m done [11:15 → 11:20]
2026-03-26 06:44:08,056 | INFO | ✅ record_5m aggregated [2026-03-24 11:15:00 → 2026-03-24 11:20:00]
2026-03-26 06:44:08,056 | INFO |   ✅ (136/288) [11:15 → 11:20]
2026-03-26 06:44:08,122 | INFO | 📊 Aggregating vehicle_pass → record [2026-03-24 11:20:00 → 2026-03-24 11:25:00]
2026-03-26 06:44:08,147 | INFO | ✅ record_5m done [11:20 → 11:25]
2026-03-26 06:44:08,148 | INFO | ✅ record_5m aggregated [2026-03-24 11:20:00 → 2026-03-24 11:25:00]
2026-03-26 06:44:08,148 | INFO |   ✅ (137/288) [11:20 → 11:25]
2026-03-26 06:44:08,201 | INFO | 📊 Aggregating vehicle_pass → record [2026-03-24 11:25:00 → 2026-03-24 11:30:00]
2026-03-26 06:44:08,228 | INFO | ✅ record_5m done [11:25 → 11:30]
2026-03-26 06:44:08,228 | INFO | ✅ record_5m aggregated [2026-03-24 11:25:00 → 2026-03-24 11:30:00]
2026-03-26 06:44:08,229 | INFO |   ✅ (138/288) [11:25 → 11:30]
2026-03-26 06:44:08,386 | INFO | 📊 Aggregating vehicle_pass → record [2026-03-24 11:30:00 → 2026-03-24 11:35:00]
2026-03-26 06:44:08,412 | INFO | ✅ record_5m done [11:30 → 11:35]
2026-03-26 06:44:08,412 | INFO | ✅ record_5m aggregated [2026-03-24 11:30:00 → 2026-03-24 11:35:00]
2026-03-26 06:44:08,413 | INFO |   ✅ (139/288) [11:30 → 11:35]
2026-03-26 06:44:08,480 | INFO | 📊 Aggregating vehicle_pass → record [2026-03-24 11:35:00 → 2026-03-24 11:40:00]
2026-03-26 06:44:08,505 | INFO | ✅ record_5m done [11:35 → 11:40]
2026-03-26 06:44:08,506 | INFO | ✅ record_5m aggregated [2026-03-24 11:35:00 → 2026-03-24 11:40:00]
2026-03-26 06:44:08,506 | INFO |   ✅ (140/288) [11:35 → 11:40]
2026-03-26 06:44:08,570 | INFO | 📊 Aggregating vehicle_pass → record [2026-03-24 11:40:00 → 2026-03-24 11:45:00]
2026-03-26 06:44:08,591 | INFO | ✅ record_5m done [11:40 → 11:45]
2026-03-26 06:44:08,592 | INFO | ✅ record_5m aggregated [2026-03-24 11:40:00 → 2026-03-24 11:45:00]
2026-03-26 06:44:08,593 | INFO |   ✅ (141/288) [11:40 → 11:45]
2026-03-26 06:44:08,657 | INFO | 📊 Aggregating vehicle_pass → record [2026-03-24 11:45:00 → 2026-03-24 11:50:00]
2026-03-26 06:44:08,684 | INFO | ✅ record_5m done [11:45 → 11:50]
2026-03-26 06:44:08,684 | INFO | ✅ record_5m aggregated [2026-03-24 11:45:00 → 2026-03-24 11:50:00]
2026-03-26 06:44:08,685 | INFO |   ✅ (142/288) [11:45 → 11:50]
2026-03-26 06:44:08,741 | INFO | 📊 Aggregating vehicle_pass → record [2026-03-24 11:50:00 → 2026-03-24 11:55:00]
2026-03-26 06:44:08,765 | INFO | ✅ record_5m done [11:50 → 11:55]
2026-03-26 06:44:08,765 | INFO | ✅ record_5m aggregated [2026-03-24 11:50:00 → 2026-03-24 11:55:00]
2026-03-26 06:44:08,766 | INFO |   ✅ (143/288) [11:50 → 11:55]
2026-03-26 06:44:08,815 | INFO | 📊 Aggregating vehicle_pass → record [2026-03-24 11:55:00 → 2026-03-24 12:00:00]
2026-03-26 06:44:08,838 | INFO | ✅ record_5m done [11:55 → 12:00]
2026-03-26 06:44:08,838 | INFO | ✅ record_5m aggregated [2026-03-24 11:55:00 → 2026-03-24 12:00:00]
2026-03-26 06:44:08,839 | INFO |   ✅ (144/288) [11:55 → 12:00]
2026-03-26 06:44:08,894 | INFO | 📊 Aggregating vehicle_pass → record [2026-03-24 12:00:00 → 2026-03-24 12:05:00]
2026-03-26 06:44:08,916 | INFO | ✅ record_5m done [12:00 → 12:05]
2026-03-26 06:44:08,916 | INFO | ✅ record_5m aggregated [2026-03-24 12:00:00 → 2026-03-24 12:05:00]
2026-03-26 06:44:08,917 | INFO |   ✅ (145/288) [12:00 → 12:05]
2026-03-26 06:44:09,081 | INFO | 📊 Aggregating vehicle_pass → record [2026-03-24 12:05:00 → 2026-03-24 12:10:00]
2026-03-26 06:44:09,101 | INFO | ✅ record_5m done [12:05 → 12:10]
2026-03-26 06:44:09,102 | INFO | ✅ record_5m aggregated [2026-03-24 12:05:00 → 2026-03-24 12:10:00]
2026-03-26 06:44:09,102 | INFO |   ✅ (146/288) [12:05 → 12:10]
2026-03-26 06:44:09,261 | INFO | 📊 Aggregating vehicle_pass → record [2026-03-24 12:10:00 → 2026-03-24 12:15:00]
2026-03-26 06:44:09,284 | INFO | ✅ record_5m done [12:10 → 12:15]
2026-03-26 06:44:09,285 | INFO | ✅ record_5m aggregated [2026-03-24 12:10:00 → 2026-03-24 12:15:00]
2026-03-26 06:44:09,285 | INFO |   ✅ (147/288) [12:10 → 12:15]
2026-03-26 06:44:09,340 | INFO | 📊 Aggregating vehicle_pass → record [2026-03-24 12:15:00 → 2026-03-24 12:20:00]
2026-03-26 06:44:09,359 | INFO | ✅ record_5m done [12:15 → 12:20]
2026-03-26 06:44:09,360 | INFO | ✅ record_5m aggregated [2026-03-24 12:15:00 → 2026-03-24 12:20:00]
2026-03-26 06:44:09,360 | INFO |   ✅ (148/288) [12:15 → 12:20]
2026-03-26 06:44:09,432 | INFO | 📊 Aggregating vehicle_pass → record [2026-03-24 12:20:00 → 2026-03-24 12:25:00]
2026-03-26 06:44:09,461 | INFO | ✅ record_5m done [12:20 → 12:25]
2026-03-26 06:44:09,461 | INFO | ✅ record_5m aggregated [2026-03-24 12:20:00 → 2026-03-24 12:25:00]
2026-03-26 06:44:09,462 | INFO |   ✅ (149/288) [12:20 → 12:25]
2026-03-26 06:44:09,520 | INFO | 📊 Aggregating vehicle_pass → record [2026-03-24 12:25:00 → 2026-03-24 12:30:00]
2026-03-26 06:44:09,541 | INFO | ✅ record_5m done [12:25 → 12:30]
2026-03-26 06:44:09,542 | INFO | ✅ record_5m aggregated [2026-03-24 12:25:00 → 2026-03-24 12:30:00]
2026-03-26 06:44:09,542 | INFO |   ✅ (150/288) [12:25 → 12:30]
2026-03-26 06:44:09,587 | INFO | 📊 Aggregating vehicle_pass → record [2026-03-24 12:30:00 → 2026-03-24 12:35:00]
2026-03-26 06:44:09,613 | INFO | ✅ record_5m done [12:30 → 12:35]
2026-03-26 06:44:09,614 | INFO | ✅ record_5m aggregated [2026-03-24 12:30:00 → 2026-03-24 12:35:00]
2026-03-26 06:44:09,614 | INFO |   ✅ (151/288) [12:30 → 12:35]
2026-03-26 06:44:09,679 | INFO | 📊 Aggregating vehicle_pass → record [2026-03-24 12:35:00 → 2026-03-24 12:40:00]
2026-03-26 06:44:09,727 | INFO | ✅ record_5m done [12:35 → 12:40]
2026-03-26 06:44:09,728 | INFO | ✅ record_5m aggregated [2026-03-24 12:35:00 → 2026-03-24 12:40:00]
2026-03-26 06:44:09,728 | INFO |   ✅ (152/288) [12:35 → 12:40]
2026-03-26 06:44:09,900 | INFO | 📊 Aggregating vehicle_pass → record [2026-03-24 12:40:00 → 2026-03-24 12:45:00]
2026-03-26 06:44:09,931 | INFO | ✅ record_5m done [12:40 → 12:45]
2026-03-26 06:44:09,932 | INFO | ✅ record_5m aggregated [2026-03-24 12:40:00 → 2026-03-24 12:45:00]
2026-03-26 06:44:09,933 | INFO |   ✅ (153/288) [12:40 → 12:45]
2026-03-26 06:44:10,103 | INFO | 📊 Aggregating vehicle_pass → record [2026-03-24 12:45:00 → 2026-03-24 12:50:00]
2026-03-26 06:44:10,138 | INFO | ✅ record_5m done [12:45 → 12:50]
2026-03-26 06:44:10,138 | INFO | ✅ record_5m aggregated [2026-03-24 12:45:00 → 2026-03-24 12:50:00]
2026-03-26 06:44:10,138 | INFO |   ✅ (154/288) [12:45 → 12:50]
2026-03-26 06:44:10,198 | INFO | 📊 Aggregating vehicle_pass → record [2026-03-24 12:50:00 → 2026-03-24 12:55:00]
2026-03-26 06:44:10,223 | INFO | ✅ record_5m done [12:50 → 12:55]
2026-03-26 06:44:10,224 | INFO | ✅ record_5m aggregated [2026-03-24 12:50:00 → 2026-03-24 12:55:00]
2026-03-26 06:44:10,224 | INFO |   ✅ (155/288) [12:50 → 12:55]
2026-03-26 06:44:10,287 | INFO | 📊 Aggregating vehicle_pass → record [2026-03-24 12:55:00 → 2026-03-24 13:00:00]
2026-03-26 06:44:10,320 | INFO | ✅ record_5m done [12:55 → 13:00]
2026-03-26 06:44:10,321 | INFO | ✅ record_5m aggregated [2026-03-24 12:55:00 → 2026-03-24 13:00:00]
2026-03-26 06:44:10,322 | INFO |   ✅ (156/288) [12:55 → 13:00]
2026-03-26 06:44:10,372 | INFO | 📊 Aggregating vehicle_pass → record [2026-03-24 13:00:00 → 2026-03-24 13:05:00]
2026-03-26 06:44:10,393 | INFO | ✅ record_5m done [13:00 → 13:05]
2026-03-26 06:44:10,393 | INFO | ✅ record_5m aggregated [2026-03-24 13:00:00 → 2026-03-24 13:05:00]
2026-03-26 06:44:10,394 | INFO |   ✅ (157/288) [13:00 → 13:05]
2026-03-26 06:44:10,549 | INFO | 📊 Aggregating vehicle_pass → record [2026-03-24 13:05:00 → 2026-03-24 13:10:00]
2026-03-26 06:44:10,574 | INFO | ✅ record_5m done [13:05 → 13:10]
2026-03-26 06:44:10,575 | INFO | ✅ record_5m aggregated [2026-03-24 13:05:00 → 2026-03-24 13:10:00]
2026-03-26 06:44:10,575 | INFO |   ✅ (158/288) [13:05 → 13:10]
2026-03-26 06:44:10,640 | INFO | 📊 Aggregating vehicle_pass → record [2026-03-24 13:10:00 → 2026-03-24 13:15:00]
2026-03-26 06:44:10,670 | INFO | ✅ record_5m done [13:10 → 13:15]
2026-03-26 06:44:10,670 | INFO | ✅ record_5m aggregated [2026-03-24 13:10:00 → 2026-03-24 13:15:00]
2026-03-26 06:44:10,670 | INFO |   ✅ (159/288) [13:10 → 13:15]
2026-03-26 06:44:10,733 | INFO | 📊 Aggregating vehicle_pass → record [2026-03-24 13:15:00 → 2026-03-24 13:20:00]
2026-03-26 06:44:10,755 | INFO | ✅ record_5m done [13:15 → 13:20]
2026-03-26 06:44:10,756 | INFO | ✅ record_5m aggregated [2026-03-24 13:15:00 → 2026-03-24 13:20:00]
2026-03-26 06:44:10,756 | INFO |   ✅ (160/288) [13:15 → 13:20]
2026-03-26 06:44:10,810 | INFO | 📊 Aggregating vehicle_pass → record [2026-03-24 13:20:00 → 2026-03-24 13:25:00]
2026-03-26 06:44:10,834 | INFO | ✅ record_5m done [13:20 → 13:25]
2026-03-26 06:44:10,835 | INFO | ✅ record_5m aggregated [2026-03-24 13:20:00 → 2026-03-24 13:25:00]
2026-03-26 06:44:10,835 | INFO |   ✅ (161/288) [13:20 → 13:25]
2026-03-26 06:44:10,884 | INFO | 📊 Aggregating vehicle_pass → record [2026-03-24 13:25:00 → 2026-03-24 13:30:00]
2026-03-26 06:44:10,905 | INFO | ✅ record_5m done [13:25 → 13:30]
2026-03-26 06:44:10,906 | INFO | ✅ record_5m aggregated [2026-03-24 13:25:00 → 2026-03-24 13:30:00]
2026-03-26 06:44:10,906 | INFO |   ✅ (162/288) [13:25 → 13:30]
2026-03-26 06:44:11,064 | INFO | 📊 Aggregating vehicle_pass → record [2026-03-24 13:30:00 → 2026-03-24 13:35:00]
2026-03-26 06:44:11,100 | INFO | ✅ record_5m done [13:30 → 13:35]
2026-03-26 06:44:11,100 | INFO | ✅ record_5m aggregated [2026-03-24 13:30:00 → 2026-03-24 13:35:00]
2026-03-26 06:44:11,100 | INFO |   ✅ (163/288) [13:30 → 13:35]
2026-03-26 06:44:11,156 | INFO | 📊 Aggregating vehicle_pass → record [2026-03-24 13:35:00 → 2026-03-24 13:40:00]
2026-03-26 06:44:11,187 | INFO | ✅ record_5m done [13:35 → 13:40]
2026-03-26 06:44:11,187 | INFO | ✅ record_5m aggregated [2026-03-24 13:35:00 → 2026-03-24 13:40:00]
2026-03-26 06:44:11,188 | INFO |   ✅ (164/288) [13:35 → 13:40]
2026-03-26 06:44:11,340 | INFO | 📊 Aggregating vehicle_pass → record [2026-03-24 13:40:00 → 2026-03-24 13:45:00]
2026-03-26 06:44:11,359 | INFO | ✅ record_5m done [13:40 → 13:45]
2026-03-26 06:44:11,359 | INFO | ✅ record_5m aggregated [2026-03-24 13:40:00 → 2026-03-24 13:45:00]
2026-03-26 06:44:11,360 | INFO |   ✅ (165/288) [13:40 → 13:45]
2026-03-26 06:44:11,419 | INFO | 📊 Aggregating vehicle_pass → record [2026-03-24 13:45:00 → 2026-03-24 13:50:00]
2026-03-26 06:44:11,438 | INFO | ✅ record_5m done [13:45 → 13:50]
2026-03-26 06:44:11,439 | INFO | ✅ record_5m aggregated [2026-03-24 13:45:00 → 2026-03-24 13:50:00]
2026-03-26 06:44:11,439 | INFO |   ✅ (166/288) [13:45 → 13:50]
2026-03-26 06:44:11,500 | INFO | 📊 Aggregating vehicle_pass → record [2026-03-24 13:50:00 → 2026-03-24 13:55:00]
2026-03-26 06:44:11,521 | INFO | ✅ record_5m done [13:50 → 13:55]
2026-03-26 06:44:11,521 | INFO | ✅ record_5m aggregated [2026-03-24 13:50:00 → 2026-03-24 13:55:00]
2026-03-26 06:44:11,522 | INFO |   ✅ (167/288) [13:50 → 13:55]
2026-03-26 06:44:11,581 | INFO | 📊 Aggregating vehicle_pass → record [2026-03-24 13:55:00 → 2026-03-24 14:00:00]
2026-03-26 06:44:11,599 | INFO | ✅ record_5m done [13:55 → 14:00]
2026-03-26 06:44:11,599 | INFO | ✅ record_5m aggregated [2026-03-24 13:55:00 → 2026-03-24 14:00:00]
2026-03-26 06:44:11,599 | INFO |   ✅ (168/288) [13:55 → 14:00]
2026-03-26 06:44:11,756 | INFO | 📊 Aggregating vehicle_pass → record [2026-03-24 14:00:00 → 2026-03-24 14:05:00]
2026-03-26 06:44:11,777 | INFO | ✅ record_5m done [14:00 → 14:05]
2026-03-26 06:44:11,777 | INFO | ✅ record_5m aggregated [2026-03-24 14:00:00 → 2026-03-24 14:05:00]
2026-03-26 06:44:11,778 | INFO |   ✅ (169/288) [14:00 → 14:05]
2026-03-26 06:44:11,834 | INFO | 📊 Aggregating vehicle_pass → record [2026-03-24 14:05:00 → 2026-03-24 14:10:00]
2026-03-26 06:44:11,858 | INFO | ✅ record_5m done [14:05 → 14:10]
2026-03-26 06:44:11,859 | INFO | ✅ record_5m aggregated [2026-03-24 14:05:00 → 2026-03-24 14:10:00]
2026-03-26 06:44:11,860 | INFO |   ✅ (170/288) [14:05 → 14:10]
2026-03-26 06:44:11,912 | INFO | 📊 Aggregating vehicle_pass → record [2026-03-24 14:10:00 → 2026-03-24 14:15:00]
2026-03-26 06:44:11,948 | INFO | ✅ record_5m done [14:10 → 14:15]
2026-03-26 06:44:11,948 | INFO | ✅ record_5m aggregated [2026-03-24 14:10:00 → 2026-03-24 14:15:00]
2026-03-26 06:44:11,949 | INFO |   ✅ (171/288) [14:10 → 14:15]
2026-03-26 06:44:12,010 | INFO | 📊 Aggregating vehicle_pass → record [2026-03-24 14:15:00 → 2026-03-24 14:20:00]
2026-03-26 06:44:12,028 | INFO | ✅ record_5m done [14:15 → 14:20]
2026-03-26 06:44:12,029 | INFO | ✅ record_5m aggregated [2026-03-24 14:15:00 → 2026-03-24 14:20:00]
2026-03-26 06:44:12,029 | INFO |   ✅ (172/288) [14:15 → 14:20]
2026-03-26 06:44:12,090 | INFO | 📊 Aggregating vehicle_pass → record [2026-03-24 14:20:00 → 2026-03-24 14:25:00]
2026-03-26 06:44:12,111 | INFO | ✅ record_5m done [14:20 → 14:25]
2026-03-26 06:44:12,112 | INFO | ✅ record_5m aggregated [2026-03-24 14:20:00 → 2026-03-24 14:25:00]
2026-03-26 06:44:12,112 | INFO |   ✅ (173/288) [14:20 → 14:25]
2026-03-26 06:44:12,170 | INFO | 📊 Aggregating vehicle_pass → record [2026-03-24 14:25:00 → 2026-03-24 14:30:00]
2026-03-26 06:44:12,192 | INFO | ✅ record_5m done [14:25 → 14:30]
2026-03-26 06:44:12,192 | INFO | ✅ record_5m aggregated [2026-03-24 14:25:00 → 2026-03-24 14:30:00]
2026-03-26 06:44:12,192 | INFO |   ✅ (174/288) [14:25 → 14:30]
2026-03-26 06:44:12,245 | INFO | 📊 Aggregating vehicle_pass → record [2026-03-24 14:30:00 → 2026-03-24 14:35:00]
2026-03-26 06:44:12,264 | INFO | ✅ record_5m done [14:30 → 14:35]
2026-03-26 06:44:12,264 | INFO | ✅ record_5m aggregated [2026-03-24 14:30:00 → 2026-03-24 14:35:00]
2026-03-26 06:44:12,265 | INFO |   ✅ (175/288) [14:30 → 14:35]
2026-03-26 06:44:12,319 | INFO | 📊 Aggregating vehicle_pass → record [2026-03-24 14:35:00 → 2026-03-24 14:40:00]
2026-03-26 06:44:12,340 | INFO | ✅ record_5m done [14:35 → 14:40]
2026-03-26 06:44:12,340 | INFO | ✅ record_5m aggregated [2026-03-24 14:35:00 → 2026-03-24 14:40:00]
2026-03-26 06:44:12,341 | INFO |   ✅ (176/288) [14:35 → 14:40]
2026-03-26 06:44:12,392 | INFO | 📊 Aggregating vehicle_pass → record [2026-03-24 14:40:00 → 2026-03-24 14:45:00]
2026-03-26 06:44:12,425 | INFO | ✅ record_5m done [14:40 → 14:45]
2026-03-26 06:44:12,426 | INFO | ✅ record_5m aggregated [2026-03-24 14:40:00 → 2026-03-24 14:45:00]
2026-03-26 06:44:12,426 | INFO |   ✅ (177/288) [14:40 → 14:45]
2026-03-26 06:44:12,484 | INFO | 📊 Aggregating vehicle_pass → record [2026-03-24 14:45:00 → 2026-03-24 14:50:00]
2026-03-26 06:44:12,505 | INFO | ✅ record_5m done [14:45 → 14:50]
2026-03-26 06:44:12,506 | INFO | ✅ record_5m aggregated [2026-03-24 14:45:00 → 2026-03-24 14:50:00]
2026-03-26 06:44:12,506 | INFO |   ✅ (178/288) [14:45 → 14:50]
2026-03-26 06:44:12,675 | INFO | 📊 Aggregating vehicle_pass → record [2026-03-24 14:50:00 → 2026-03-24 14:55:00]
2026-03-26 06:44:12,701 | INFO | ✅ record_5m done [14:50 → 14:55]
2026-03-26 06:44:12,702 | INFO | ✅ record_5m aggregated [2026-03-24 14:50:00 → 2026-03-24 14:55:00]
2026-03-26 06:44:12,702 | INFO |   ✅ (179/288) [14:50 → 14:55]
2026-03-26 06:44:12,759 | INFO | 📊 Aggregating vehicle_pass → record [2026-03-24 14:55:00 → 2026-03-24 15:00:00]
2026-03-26 06:44:12,778 | INFO | ✅ record_5m done [14:55 → 15:00]
2026-03-26 06:44:12,778 | INFO | ✅ record_5m aggregated [2026-03-24 14:55:00 → 2026-03-24 15:00:00]
2026-03-26 06:44:12,779 | INFO |   ✅ (180/288) [14:55 → 15:00]
2026-03-26 06:44:12,825 | INFO | 📊 Aggregating vehicle_pass → record [2026-03-24 15:00:00 → 2026-03-24 15:05:00]
2026-03-26 06:44:12,840 | INFO | ✅ record_5m done [15:00 → 15:05]
2026-03-26 06:44:12,840 | INFO | ✅ record_5m aggregated [2026-03-24 15:00:00 → 2026-03-24 15:05:00]
2026-03-26 06:44:12,841 | INFO |   ✅ (181/288) [15:00 → 15:05]
2026-03-26 06:44:12,895 | INFO | 📊 Aggregating vehicle_pass → record [2026-03-24 15:05:00 → 2026-03-24 15:10:00]
2026-03-26 06:44:12,915 | INFO | ✅ record_5m done [15:05 → 15:10]
2026-03-26 06:44:12,915 | INFO | ✅ record_5m aggregated [2026-03-24 15:05:00 → 2026-03-24 15:10:00]
2026-03-26 06:44:12,916 | INFO |   ✅ (182/288) [15:05 → 15:10]
2026-03-26 06:44:12,977 | INFO | 📊 Aggregating vehicle_pass → record [2026-03-24 15:10:00 → 2026-03-24 15:15:00]
2026-03-26 06:44:12,993 | INFO | ✅ record_5m done [15:10 → 15:15]
2026-03-26 06:44:12,994 | INFO | ✅ record_5m aggregated [2026-03-24 15:10:00 → 2026-03-24 15:15:00]
2026-03-26 06:44:12,994 | INFO |   ✅ (183/288) [15:10 → 15:15]
2026-03-26 06:44:13,059 | INFO | 📊 Aggregating vehicle_pass → record [2026-03-24 15:15:00 → 2026-03-24 15:20:00]
2026-03-26 06:44:13,080 | INFO | ✅ record_5m done [15:15 → 15:20]
2026-03-26 06:44:13,081 | INFO | ✅ record_5m aggregated [2026-03-24 15:15:00 → 2026-03-24 15:20:00]
2026-03-26 06:44:13,081 | INFO |   ✅ (184/288) [15:15 → 15:20]
2026-03-26 06:44:13,144 | INFO | 📊 Aggregating vehicle_pass → record [2026-03-24 15:20:00 → 2026-03-24 15:25:00]
2026-03-26 06:44:13,177 | INFO | ✅ record_5m done [15:20 → 15:25]
2026-03-26 06:44:13,179 | INFO | ✅ record_5m aggregated [2026-03-24 15:20:00 → 2026-03-24 15:25:00]
2026-03-26 06:44:13,179 | INFO |   ✅ (185/288) [15:20 → 15:25]
2026-03-26 06:44:13,254 | INFO | 📊 Aggregating vehicle_pass → record [2026-03-24 15:25:00 → 2026-03-24 15:30:00]
2026-03-26 06:44:13,274 | INFO | ✅ record_5m done [15:25 → 15:30]
2026-03-26 06:44:13,275 | INFO | ✅ record_5m aggregated [2026-03-24 15:25:00 → 2026-03-24 15:30:00]
2026-03-26 06:44:13,275 | INFO |   ✅ (186/288) [15:25 → 15:30]
2026-03-26 06:44:13,324 | INFO | 📊 Aggregating vehicle_pass → record [2026-03-24 15:30:00 → 2026-03-24 15:35:00]
2026-03-26 06:44:13,360 | INFO | ✅ record_5m done [15:30 → 15:35]
2026-03-26 06:44:13,361 | INFO | ✅ record_5m aggregated [2026-03-24 15:30:00 → 2026-03-24 15:35:00]
2026-03-26 06:44:13,361 | INFO |   ✅ (187/288) [15:30 → 15:35]
2026-03-26 06:44:13,431 | INFO | 📊 Aggregating vehicle_pass → record [2026-03-24 15:35:00 → 2026-03-24 15:40:00]
2026-03-26 06:44:13,452 | INFO | ✅ record_5m done [15:35 → 15:40]
2026-03-26 06:44:13,452 | INFO | ✅ record_5m aggregated [2026-03-24 15:35:00 → 2026-03-24 15:40:00]
2026-03-26 06:44:13,453 | INFO |   ✅ (188/288) [15:35 → 15:40]
2026-03-26 06:44:13,510 | INFO | 📊 Aggregating vehicle_pass → record [2026-03-24 15:40:00 → 2026-03-24 15:45:00]
2026-03-26 06:44:13,532 | INFO | ✅ record_5m done [15:40 → 15:45]
2026-03-26 06:44:13,532 | INFO | ✅ record_5m aggregated [2026-03-24 15:40:00 → 2026-03-24 15:45:00]
2026-03-26 06:44:13,533 | INFO |   ✅ (189/288) [15:40 → 15:45]
2026-03-26 06:44:13,588 | INFO | 📊 Aggregating vehicle_pass → record [2026-03-24 15:45:00 → 2026-03-24 15:50:00]
2026-03-26 06:44:13,609 | INFO | ✅ record_5m done [15:45 → 15:50]
2026-03-26 06:44:13,610 | INFO | ✅ record_5m aggregated [2026-03-24 15:45:00 → 2026-03-24 15:50:00]
2026-03-26 06:44:13,610 | INFO |   ✅ (190/288) [15:45 → 15:50]
2026-03-26 06:44:13,662 | INFO | 📊 Aggregating vehicle_pass → record [2026-03-24 15:50:00 → 2026-03-24 15:55:00]
2026-03-26 06:44:13,685 | INFO | ✅ record_5m done [15:50 → 15:55]
2026-03-26 06:44:13,687 | INFO | ✅ record_5m aggregated [2026-03-24 15:50:00 → 2026-03-24 15:55:00]
2026-03-26 06:44:13,687 | INFO |   ✅ (191/288) [15:50 → 15:55]
2026-03-26 06:44:13,746 | INFO | 📊 Aggregating vehicle_pass → record [2026-03-24 15:55:00 → 2026-03-24 16:00:00]
2026-03-26 06:44:13,806 | INFO | ✅ record_5m done [15:55 → 16:00]
2026-03-26 06:44:13,807 | INFO | ✅ record_5m aggregated [2026-03-24 15:55:00 → 2026-03-24 16:00:00]
2026-03-26 06:44:13,807 | INFO |   ✅ (192/288) [15:55 → 16:00]
2026-03-26 06:44:13,934 | INFO | 📊 Aggregating vehicle_pass → record [2026-03-24 16:00:00 → 2026-03-24 16:05:00]
2026-03-26 06:44:13,980 | INFO | ✅ record_5m done [16:00 → 16:05]
2026-03-26 06:44:13,981 | INFO | ✅ record_5m aggregated [2026-03-24 16:00:00 → 2026-03-24 16:05:00]
2026-03-26 06:44:13,981 | INFO |   ✅ (193/288) [16:00 → 16:05]
2026-03-26 06:44:14,057 | INFO | 📊 Aggregating vehicle_pass → record [2026-03-24 16:05:00 → 2026-03-24 16:10:00]
2026-03-26 06:44:14,103 | INFO | ✅ record_5m done [16:05 → 16:10]
2026-03-26 06:44:14,104 | INFO | ✅ record_5m aggregated [2026-03-24 16:05:00 → 2026-03-24 16:10:00]
2026-03-26 06:44:14,104 | INFO |   ✅ (194/288) [16:05 → 16:10]
2026-03-26 06:44:14,178 | INFO | 📊 Aggregating vehicle_pass → record [2026-03-24 16:10:00 → 2026-03-24 16:15:00]
2026-03-26 06:44:14,203 | INFO | ✅ record_5m done [16:10 → 16:15]
2026-03-26 06:44:14,204 | INFO | ✅ record_5m aggregated [2026-03-24 16:10:00 → 2026-03-24 16:15:00]
2026-03-26 06:44:14,204 | INFO |   ✅ (195/288) [16:10 → 16:15]
2026-03-26 06:44:14,260 | INFO | 📊 Aggregating vehicle_pass → record [2026-03-24 16:15:00 → 2026-03-24 16:20:00]
2026-03-26 06:44:14,283 | INFO | ✅ record_5m done [16:15 → 16:20]
2026-03-26 06:44:14,283 | INFO | ✅ record_5m aggregated [2026-03-24 16:15:00 → 2026-03-24 16:20:00]
2026-03-26 06:44:14,284 | INFO |   ✅ (196/288) [16:15 → 16:20]
2026-03-26 06:44:14,334 | INFO | 📊 Aggregating vehicle_pass → record [2026-03-24 16:20:00 → 2026-03-24 16:25:00]
2026-03-26 06:44:14,354 | INFO | ✅ record_5m done [16:20 → 16:25]
2026-03-26 06:44:14,355 | INFO | ✅ record_5m aggregated [2026-03-24 16:20:00 → 2026-03-24 16:25:00]
2026-03-26 06:44:14,355 | INFO |   ✅ (197/288) [16:20 → 16:25]
2026-03-26 06:44:14,510 | INFO | 📊 Aggregating vehicle_pass → record [2026-03-24 16:25:00 → 2026-03-24 16:30:00]
2026-03-26 06:44:14,532 | INFO | ✅ record_5m done [16:25 → 16:30]
2026-03-26 06:44:14,533 | INFO | ✅ record_5m aggregated [2026-03-24 16:25:00 → 2026-03-24 16:30:00]
2026-03-26 06:44:14,533 | INFO |   ✅ (198/288) [16:25 → 16:30]
2026-03-26 06:44:14,595 | INFO | 📊 Aggregating vehicle_pass → record [2026-03-24 16:30:00 → 2026-03-24 16:35:00]
2026-03-26 06:44:14,615 | INFO | ✅ record_5m done [16:30 → 16:35]
2026-03-26 06:44:14,615 | INFO | ✅ record_5m aggregated [2026-03-24 16:30:00 → 2026-03-24 16:35:00]
2026-03-26 06:44:14,615 | INFO |   ✅ (199/288) [16:30 → 16:35]
2026-03-26 06:44:14,674 | INFO | 📊 Aggregating vehicle_pass → record [2026-03-24 16:35:00 → 2026-03-24 16:40:00]
2026-03-26 06:44:14,692 | INFO | ✅ record_5m done [16:35 → 16:40]
2026-03-26 06:44:14,693 | INFO | ✅ record_5m aggregated [2026-03-24 16:35:00 → 2026-03-24 16:40:00]
2026-03-26 06:44:14,693 | INFO |   ✅ (200/288) [16:35 → 16:40]
2026-03-26 06:44:14,856 | INFO | 📊 Aggregating vehicle_pass → record [2026-03-24 16:40:00 → 2026-03-24 16:45:00]
2026-03-26 06:44:14,874 | INFO | ✅ record_5m done [16:40 → 16:45]
2026-03-26 06:44:14,875 | INFO | ✅ record_5m aggregated [2026-03-24 16:40:00 → 2026-03-24 16:45:00]
2026-03-26 06:44:14,875 | INFO |   ✅ (201/288) [16:40 → 16:45]
2026-03-26 06:44:14,962 | INFO | 📊 Aggregating vehicle_pass → record [2026-03-24 16:45:00 → 2026-03-24 16:50:00]
2026-03-26 06:44:15,012 | INFO | ✅ record_5m done [16:45 → 16:50]
2026-03-26 06:44:15,013 | INFO | ✅ record_5m aggregated [2026-03-24 16:45:00 → 2026-03-24 16:50:00]
2026-03-26 06:44:15,014 | INFO |   ✅ (202/288) [16:45 → 16:50]
2026-03-26 06:44:15,137 | INFO | 📊 Aggregating vehicle_pass → record [2026-03-24 16:50:00 → 2026-03-24 16:55:00]
2026-03-26 06:44:15,179 | INFO | ✅ record_5m done [16:50 → 16:55]
2026-03-26 06:44:15,180 | INFO | ✅ record_5m aggregated [2026-03-24 16:50:00 → 2026-03-24 16:55:00]
2026-03-26 06:44:15,180 | INFO |   ✅ (203/288) [16:50 → 16:55]
2026-03-26 06:44:15,393 | INFO | 📊 Aggregating vehicle_pass → record [2026-03-24 16:55:00 → 2026-03-24 17:00:00]
2026-03-26 06:44:15,663 | INFO | ✅ record_5m done [16:55 → 17:00]
2026-03-26 06:44:15,663 | INFO | ✅ record_5m aggregated [2026-03-24 16:55:00 → 2026-03-24 17:00:00]
2026-03-26 06:44:15,664 | INFO |   ✅ (204/288) [16:55 → 17:00]
2026-03-26 06:44:15,759 | INFO | 📊 Aggregating vehicle_pass → record [2026-03-24 17:00:00 → 2026-03-24 17:05:00]
2026-03-26 06:44:15,822 | INFO | ✅ record_5m done [17:00 → 17:05]
2026-03-26 06:44:15,823 | INFO | ✅ record_5m aggregated [2026-03-24 17:00:00 → 2026-03-24 17:05:00]
2026-03-26 06:44:15,824 | INFO |   ✅ (205/288) [17:00 → 17:05]
2026-03-26 06:44:15,939 | INFO | 📊 Aggregating vehicle_pass → record [2026-03-24 17:05:00 → 2026-03-24 17:10:00]
2026-03-26 06:44:15,979 | INFO | ✅ record_5m done [17:05 → 17:10]
2026-03-26 06:44:15,979 | INFO | ✅ record_5m aggregated [2026-03-24 17:05:00 → 2026-03-24 17:10:00]
2026-03-26 06:44:15,980 | INFO |   ✅ (206/288) [17:05 → 17:10]
2026-03-26 06:44:16,139 | INFO | 📊 Aggregating vehicle_pass → record [2026-03-24 17:10:00 → 2026-03-24 17:15:00]
2026-03-26 06:44:16,160 | INFO | ✅ record_5m done [17:10 → 17:15]
2026-03-26 06:44:16,161 | INFO | ✅ record_5m aggregated [2026-03-24 17:10:00 → 2026-03-24 17:15:00]
2026-03-26 06:44:16,161 | INFO |   ✅ (207/288) [17:10 → 17:15]
2026-03-26 06:44:16,214 | INFO | 📊 Aggregating vehicle_pass → record [2026-03-24 17:15:00 → 2026-03-24 17:20:00]
2026-03-26 06:44:16,237 | INFO | ✅ record_5m done [17:15 → 17:20]
2026-03-26 06:44:16,238 | INFO | ✅ record_5m aggregated [2026-03-24 17:15:00 → 2026-03-24 17:20:00]
2026-03-26 06:44:16,238 | INFO |   ✅ (208/288) [17:15 → 17:20]
2026-03-26 06:44:16,287 | INFO | 📊 Aggregating vehicle_pass → record [2026-03-24 17:20:00 → 2026-03-24 17:25:00]
2026-03-26 06:44:16,309 | INFO | ✅ record_5m done [17:20 → 17:25]
2026-03-26 06:44:16,310 | INFO | ✅ record_5m aggregated [2026-03-24 17:20:00 → 2026-03-24 17:25:00]
2026-03-26 06:44:16,310 | INFO |   ✅ (209/288) [17:20 → 17:25]
2026-03-26 06:44:16,374 | INFO | 📊 Aggregating vehicle_pass → record [2026-03-24 17:25:00 → 2026-03-24 17:30:00]
2026-03-26 06:44:16,409 | INFO | ✅ record_5m done [17:25 → 17:30]
2026-03-26 06:44:16,409 | INFO | ✅ record_5m aggregated [2026-03-24 17:25:00 → 2026-03-24 17:30:00]
2026-03-26 06:44:16,410 | INFO |   ✅ (210/288) [17:25 → 17:30]
2026-03-26 06:44:16,571 | INFO | 📊 Aggregating vehicle_pass → record [2026-03-24 17:30:00 → 2026-03-24 17:35:00]
2026-03-26 06:44:16,590 | INFO | ✅ record_5m done [17:30 → 17:35]
2026-03-26 06:44:16,590 | INFO | ✅ record_5m aggregated [2026-03-24 17:30:00 → 2026-03-24 17:35:00]
2026-03-26 06:44:16,590 | INFO |   ✅ (211/288) [17:30 → 17:35]
2026-03-26 06:44:16,644 | INFO | 📊 Aggregating vehicle_pass → record [2026-03-24 17:35:00 → 2026-03-24 17:40:00]
2026-03-26 06:44:16,666 | INFO | ✅ record_5m done [17:35 → 17:40]
2026-03-26 06:44:16,667 | INFO | ✅ record_5m aggregated [2026-03-24 17:35:00 → 2026-03-24 17:40:00]
2026-03-26 06:44:16,667 | INFO |   ✅ (212/288) [17:35 → 17:40]
2026-03-26 06:44:16,717 | INFO | 📊 Aggregating vehicle_pass → record [2026-03-24 17:40:00 → 2026-03-24 17:45:00]
2026-03-26 06:44:16,741 | INFO | ✅ record_5m done [17:40 → 17:45]
2026-03-26 06:44:16,742 | INFO | ✅ record_5m aggregated [2026-03-24 17:40:00 → 2026-03-24 17:45:00]
2026-03-26 06:44:16,743 | INFO |   ✅ (213/288) [17:40 → 17:45]
2026-03-26 06:44:16,895 | INFO | 📊 Aggregating vehicle_pass → record [2026-03-24 17:45:00 → 2026-03-24 17:50:00]
2026-03-26 06:44:16,913 | INFO | ✅ record_5m done [17:45 → 17:50]
2026-03-26 06:44:16,913 | INFO | ✅ record_5m aggregated [2026-03-24 17:45:00 → 2026-03-24 17:50:00]
2026-03-26 06:44:16,914 | INFO |   ✅ (214/288) [17:45 → 17:50]
2026-03-26 06:44:17,066 | INFO | 📊 Aggregating vehicle_pass → record [2026-03-24 17:50:00 → 2026-03-24 17:55:00]
2026-03-26 06:44:17,086 | INFO | ✅ record_5m done [17:50 → 17:55]
2026-03-26 06:44:17,087 | INFO | ✅ record_5m aggregated [2026-03-24 17:50:00 → 2026-03-24 17:55:00]
2026-03-26 06:44:17,087 | INFO |   ✅ (215/288) [17:50 → 17:55]
2026-03-26 06:44:17,240 | INFO | 📊 Aggregating vehicle_pass → record [2026-03-24 17:55:00 → 2026-03-24 18:00:00]
2026-03-26 06:44:17,287 | INFO | ✅ record_5m done [17:55 → 18:00]
2026-03-26 06:44:17,288 | INFO | ✅ record_5m aggregated [2026-03-24 17:55:00 → 2026-03-24 18:00:00]
2026-03-26 06:44:17,289 | INFO |   ✅ (216/288) [17:55 → 18:00]
2026-03-26 06:44:17,374 | INFO | 📊 Aggregating vehicle_pass → record [2026-03-24 18:00:00 → 2026-03-24 18:05:00]
2026-03-26 06:44:17,395 | INFO | ✅ record_5m done [18:00 → 18:05]
2026-03-26 06:44:17,395 | INFO | ✅ record_5m aggregated [2026-03-24 18:00:00 → 2026-03-24 18:05:00]
2026-03-26 06:44:17,396 | INFO |   ✅ (217/288) [18:00 → 18:05]
2026-03-26 06:44:17,583 | INFO | 📊 Aggregating vehicle_pass → record [2026-03-24 18:05:00 → 2026-03-24 18:10:00]
2026-03-26 06:44:17,611 | INFO | ✅ record_5m done [18:05 → 18:10]
2026-03-26 06:44:17,612 | INFO | ✅ record_5m aggregated [2026-03-24 18:05:00 → 2026-03-24 18:10:00]
2026-03-26 06:44:17,613 | INFO |   ✅ (218/288) [18:05 → 18:10]
2026-03-26 06:44:17,772 | INFO | 📊 Aggregating vehicle_pass → record [2026-03-24 18:10:00 → 2026-03-24 18:15:00]
2026-03-26 06:44:17,799 | INFO | ✅ record_5m done [18:10 → 18:15]
2026-03-26 06:44:17,800 | INFO | ✅ record_5m aggregated [2026-03-24 18:10:00 → 2026-03-24 18:15:00]
2026-03-26 06:44:17,800 | INFO |   ✅ (219/288) [18:10 → 18:15]
2026-03-26 06:44:17,876 | INFO | 📊 Aggregating vehicle_pass → record [2026-03-24 18:15:00 → 2026-03-24 18:20:00]
2026-03-26 06:44:17,897 | INFO | ✅ record_5m done [18:15 → 18:20]
2026-03-26 06:44:17,898 | INFO | ✅ record_5m aggregated [2026-03-24 18:15:00 → 2026-03-24 18:20:00]
2026-03-26 06:44:17,898 | INFO |   ✅ (220/288) [18:15 → 18:20]
2026-03-26 06:44:17,950 | INFO | 📊 Aggregating vehicle_pass → record [2026-03-24 18:20:00 → 2026-03-24 18:25:00]
2026-03-26 06:44:17,970 | INFO | ✅ record_5m done [18:20 → 18:25]
2026-03-26 06:44:17,971 | INFO | ✅ record_5m aggregated [2026-03-24 18:20:00 → 2026-03-24 18:25:00]
2026-03-26 06:44:17,971 | INFO |   ✅ (221/288) [18:20 → 18:25]
2026-03-26 06:44:18,030 | INFO | 📊 Aggregating vehicle_pass → record [2026-03-24 18:25:00 → 2026-03-24 18:30:00]
2026-03-26 06:44:18,059 | INFO | ✅ record_5m done [18:25 → 18:30]
2026-03-26 06:44:18,060 | INFO | ✅ record_5m aggregated [2026-03-24 18:25:00 → 2026-03-24 18:30:00]
2026-03-26 06:44:18,060 | INFO |   ✅ (222/288) [18:25 → 18:30]
2026-03-26 06:44:18,214 | INFO | 📊 Aggregating vehicle_pass → record [2026-03-24 18:30:00 → 2026-03-24 18:35:00]
2026-03-26 06:44:18,235 | INFO | ✅ record_5m done [18:30 → 18:35]
2026-03-26 06:44:18,235 | INFO | ✅ record_5m aggregated [2026-03-24 18:30:00 → 2026-03-24 18:35:00]
2026-03-26 06:44:18,236 | INFO |   ✅ (223/288) [18:30 → 18:35]
2026-03-26 06:44:18,397 | INFO | 📊 Aggregating vehicle_pass → record [2026-03-24 18:35:00 → 2026-03-24 18:40:00]
2026-03-26 06:44:18,417 | INFO | ✅ record_5m done [18:35 → 18:40]
2026-03-26 06:44:18,419 | INFO | ✅ record_5m aggregated [2026-03-24 18:35:00 → 2026-03-24 18:40:00]
2026-03-26 06:44:18,419 | INFO |   ✅ (224/288) [18:35 → 18:40]
2026-03-26 06:44:18,567 | INFO | 📊 Aggregating vehicle_pass → record [2026-03-24 18:40:00 → 2026-03-24 18:45:00]
2026-03-26 06:44:18,589 | INFO | ✅ record_5m done [18:40 → 18:45]
2026-03-26 06:44:18,589 | INFO | ✅ record_5m aggregated [2026-03-24 18:40:00 → 2026-03-24 18:45:00]
2026-03-26 06:44:18,590 | INFO |   ✅ (225/288) [18:40 → 18:45]
2026-03-26 06:44:18,647 | INFO | 📊 Aggregating vehicle_pass → record [2026-03-24 18:45:00 → 2026-03-24 18:50:00]
2026-03-26 06:44:18,681 | INFO | ✅ record_5m done [18:45 → 18:50]
2026-03-26 06:44:18,682 | INFO | ✅ record_5m aggregated [2026-03-24 18:45:00 → 2026-03-24 18:50:00]
2026-03-26 06:44:18,682 | INFO |   ✅ (226/288) [18:45 → 18:50]
2026-03-26 06:44:18,739 | INFO | 📊 Aggregating vehicle_pass → record [2026-03-24 18:50:00 → 2026-03-24 18:55:00]
2026-03-26 06:44:18,753 | INFO | ✅ record_5m done [18:50 → 18:55]
2026-03-26 06:44:18,754 | INFO | ✅ record_5m aggregated [2026-03-24 18:50:00 → 2026-03-24 18:55:00]
2026-03-26 06:44:18,754 | INFO |   ✅ (227/288) [18:50 → 18:55]
2026-03-26 06:44:18,799 | INFO | 📊 Aggregating vehicle_pass → record [2026-03-24 18:55:00 → 2026-03-24 19:00:00]
2026-03-26 06:44:18,817 | INFO | ✅ record_5m done [18:55 → 19:00]
2026-03-26 06:44:18,817 | INFO | ✅ record_5m aggregated [2026-03-24 18:55:00 → 2026-03-24 19:00:00]
2026-03-26 06:44:18,818 | INFO |   ✅ (228/288) [18:55 → 19:00]
2026-03-26 06:44:18,865 | INFO | 📊 Aggregating vehicle_pass → record [2026-03-24 19:00:00 → 2026-03-24 19:05:00]
2026-03-26 06:44:18,882 | INFO | ✅ record_5m done [19:00 → 19:05]
2026-03-26 06:44:18,883 | INFO | ✅ record_5m aggregated [2026-03-24 19:00:00 → 2026-03-24 19:05:00]
2026-03-26 06:44:18,883 | INFO |   ✅ (229/288) [19:00 → 19:05]
2026-03-26 06:44:18,937 | INFO | 📊 Aggregating vehicle_pass → record [2026-03-24 19:05:00 → 2026-03-24 19:10:00]
2026-03-26 06:44:18,962 | INFO | ✅ record_5m done [19:05 → 19:10]
2026-03-26 06:44:18,963 | INFO | ✅ record_5m aggregated [2026-03-24 19:05:00 → 2026-03-24 19:10:00]
2026-03-26 06:44:18,963 | INFO |   ✅ (230/288) [19:05 → 19:10]
2026-03-26 06:44:19,009 | INFO | 📊 Aggregating vehicle_pass → record [2026-03-24 19:10:00 → 2026-03-24 19:15:00]
2026-03-26 06:44:19,026 | INFO | ✅ record_5m done [19:10 → 19:15]
2026-03-26 06:44:19,027 | INFO | ✅ record_5m aggregated [2026-03-24 19:10:00 → 2026-03-24 19:15:00]
2026-03-26 06:44:19,027 | INFO |   ✅ (231/288) [19:10 → 19:15]
2026-03-26 06:44:19,077 | INFO | 📊 Aggregating vehicle_pass → record [2026-03-24 19:15:00 → 2026-03-24 19:20:00]
2026-03-26 06:44:19,094 | INFO | ✅ record_5m done [19:15 → 19:20]
2026-03-26 06:44:19,094 | INFO | ✅ record_5m aggregated [2026-03-24 19:15:00 → 2026-03-24 19:20:00]
2026-03-26 06:44:19,094 | INFO |   ✅ (232/288) [19:15 → 19:20]
2026-03-26 06:44:19,157 | INFO | 📊 Aggregating vehicle_pass → record [2026-03-24 19:20:00 → 2026-03-24 19:25:00]
2026-03-26 06:44:19,190 | INFO | ✅ record_5m done [19:20 → 19:25]
2026-03-26 06:44:19,191 | INFO | ✅ record_5m aggregated [2026-03-24 19:20:00 → 2026-03-24 19:25:00]
2026-03-26 06:44:19,191 | INFO |   ✅ (233/288) [19:20 → 19:25]
2026-03-26 06:44:19,292 | INFO | 📊 Aggregating vehicle_pass → record [2026-03-24 19:25:00 → 2026-03-24 19:30:00]
2026-03-26 06:44:19,345 | INFO | ✅ record_5m done [19:25 → 19:30]
2026-03-26 06:44:19,345 | INFO | ✅ record_5m aggregated [2026-03-24 19:25:00 → 2026-03-24 19:30:00]
2026-03-26 06:44:19,346 | INFO |   ✅ (234/288) [19:25 → 19:30]
2026-03-26 06:44:19,462 | INFO | 📊 Aggregating vehicle_pass → record [2026-03-24 19:30:00 → 2026-03-24 19:35:00]
2026-03-26 06:44:19,502 | INFO | ✅ record_5m done [19:30 → 19:35]
2026-03-26 06:44:19,502 | INFO | ✅ record_5m aggregated [2026-03-24 19:30:00 → 2026-03-24 19:35:00]
2026-03-26 06:44:19,502 | INFO |   ✅ (235/288) [19:30 → 19:35]
2026-03-26 06:44:19,615 | INFO | 📊 Aggregating vehicle_pass → record [2026-03-24 19:35:00 → 2026-03-24 19:40:00]
2026-03-26 06:44:19,635 | INFO | ✅ record_5m done [19:35 → 19:40]
2026-03-26 06:44:19,636 | INFO | ✅ record_5m aggregated [2026-03-24 19:35:00 → 2026-03-24 19:40:00]
2026-03-26 06:44:19,636 | INFO |   ✅ (236/288) [19:35 → 19:40]
2026-03-26 06:44:19,795 | INFO | 📊 Aggregating vehicle_pass → record [2026-03-24 19:40:00 → 2026-03-24 19:45:00]
2026-03-26 06:44:19,823 | INFO | ✅ record_5m done [19:40 → 19:45]
2026-03-26 06:44:19,825 | INFO | ✅ record_5m aggregated [2026-03-24 19:40:00 → 2026-03-24 19:45:00]
2026-03-26 06:44:19,825 | INFO |   ✅ (237/288) [19:40 → 19:45]
2026-03-26 06:44:19,882 | INFO | 📊 Aggregating vehicle_pass → record [2026-03-24 19:45:00 → 2026-03-24 19:50:00]
2026-03-26 06:44:19,908 | INFO | ✅ record_5m done [19:45 → 19:50]
2026-03-26 06:44:19,909 | INFO | ✅ record_5m aggregated [2026-03-24 19:45:00 → 2026-03-24 19:50:00]
2026-03-26 06:44:19,909 | INFO |   ✅ (238/288) [19:45 → 19:50]
2026-03-26 06:44:20,057 | INFO | 📊 Aggregating vehicle_pass → record [2026-03-24 19:50:00 → 2026-03-24 19:55:00]
2026-03-26 06:44:20,074 | INFO | ✅ record_5m done [19:50 → 19:55]
2026-03-26 06:44:20,075 | INFO | ✅ record_5m aggregated [2026-03-24 19:50:00 → 2026-03-24 19:55:00]
2026-03-26 06:44:20,075 | INFO |   ✅ (239/288) [19:50 → 19:55]
2026-03-26 06:44:20,138 | INFO | 📊 Aggregating vehicle_pass → record [2026-03-24 19:55:00 → 2026-03-24 20:00:00]
2026-03-26 06:44:20,160 | INFO | ✅ record_5m done [19:55 → 20:00]
2026-03-26 06:44:20,161 | INFO | ✅ record_5m aggregated [2026-03-24 19:55:00 → 2026-03-24 20:00:00]
2026-03-26 06:44:20,161 | INFO |   ✅ (240/288) [19:55 → 20:00]
2026-03-26 06:44:20,213 | INFO | 📊 Aggregating vehicle_pass → record [2026-03-24 20:00:00 → 2026-03-24 20:05:00]
2026-03-26 06:44:20,237 | INFO | ✅ record_5m done [20:00 → 20:05]
2026-03-26 06:44:20,238 | INFO | ✅ record_5m aggregated [2026-03-24 20:00:00 → 2026-03-24 20:05:00]
2026-03-26 06:44:20,238 | INFO |   ✅ (241/288) [20:00 → 20:05]
2026-03-26 06:44:20,295 | INFO | 📊 Aggregating vehicle_pass → record [2026-03-24 20:05:00 → 2026-03-24 20:10:00]
2026-03-26 06:44:20,312 | INFO | ✅ record_5m done [20:05 → 20:10]
2026-03-26 06:44:20,313 | INFO | ✅ record_5m aggregated [2026-03-24 20:05:00 → 2026-03-24 20:10:00]
2026-03-26 06:44:20,313 | INFO |   ✅ (242/288) [20:05 → 20:10]
2026-03-26 06:44:20,367 | INFO | 📊 Aggregating vehicle_pass → record [2026-03-24 20:10:00 → 2026-03-24 20:15:00]
2026-03-26 06:44:20,395 | INFO | ✅ record_5m done [20:10 → 20:15]
2026-03-26 06:44:20,396 | INFO | ✅ record_5m aggregated [2026-03-24 20:10:00 → 2026-03-24 20:15:00]
2026-03-26 06:44:20,396 | INFO |   ✅ (243/288) [20:10 → 20:15]
2026-03-26 06:44:20,461 | INFO | 📊 Aggregating vehicle_pass → record [2026-03-24 20:15:00 → 2026-03-24 20:20:00]
2026-03-26 06:44:20,480 | INFO | ✅ record_5m done [20:15 → 20:20]
2026-03-26 06:44:20,483 | INFO | ✅ record_5m aggregated [2026-03-24 20:15:00 → 2026-03-24 20:20:00]
2026-03-26 06:44:20,485 | INFO |   ✅ (244/288) [20:15 → 20:20]
2026-03-26 06:44:20,540 | INFO | 📊 Aggregating vehicle_pass → record [2026-03-24 20:20:00 → 2026-03-24 20:25:00]
2026-03-26 06:44:20,561 | INFO | ✅ record_5m done [20:20 → 20:25]
2026-03-26 06:44:20,563 | INFO | ✅ record_5m aggregated [2026-03-24 20:20:00 → 2026-03-24 20:25:00]
2026-03-26 06:44:20,564 | INFO |   ✅ (245/288) [20:20 → 20:25]
2026-03-26 06:44:20,629 | INFO | 📊 Aggregating vehicle_pass → record [2026-03-24 20:25:00 → 2026-03-24 20:30:00]
2026-03-26 06:44:20,650 | INFO | ✅ record_5m done [20:25 → 20:30]
2026-03-26 06:44:20,651 | INFO | ✅ record_5m aggregated [2026-03-24 20:25:00 → 2026-03-24 20:30:00]
2026-03-26 06:44:20,652 | INFO |   ✅ (246/288) [20:25 → 20:30]
2026-03-26 06:44:20,704 | INFO | 📊 Aggregating vehicle_pass → record [2026-03-24 20:30:00 → 2026-03-24 20:35:00]
2026-03-26 06:44:20,730 | INFO | ✅ record_5m done [20:30 → 20:35]
2026-03-26 06:44:20,731 | INFO | ✅ record_5m aggregated [2026-03-24 20:30:00 → 2026-03-24 20:35:00]
2026-03-26 06:44:20,731 | INFO |   ✅ (247/288) [20:30 → 20:35]
2026-03-26 06:44:20,784 | INFO | 📊 Aggregating vehicle_pass → record [2026-03-24 20:35:00 → 2026-03-24 20:40:00]
2026-03-26 06:44:20,802 | INFO | ✅ record_5m done [20:35 → 20:40]
2026-03-26 06:44:20,804 | INFO | ✅ record_5m aggregated [2026-03-24 20:35:00 → 2026-03-24 20:40:00]
2026-03-26 06:44:20,805 | INFO |   ✅ (248/288) [20:35 → 20:40]
2026-03-26 06:44:20,863 | INFO | 📊 Aggregating vehicle_pass → record [2026-03-24 20:40:00 → 2026-03-24 20:45:00]
2026-03-26 06:44:20,890 | INFO | ✅ record_5m done [20:40 → 20:45]
2026-03-26 06:44:20,890 | INFO | ✅ record_5m aggregated [2026-03-24 20:40:00 → 2026-03-24 20:45:00]
2026-03-26 06:44:20,890 | INFO |   ✅ (249/288) [20:40 → 20:45]
2026-03-26 06:44:20,946 | INFO | 📊 Aggregating vehicle_pass → record [2026-03-24 20:45:00 → 2026-03-24 20:50:00]
2026-03-26 06:44:20,966 | INFO | ✅ record_5m done [20:45 → 20:50]
2026-03-26 06:44:20,967 | INFO | ✅ record_5m aggregated [2026-03-24 20:45:00 → 2026-03-24 20:50:00]
2026-03-26 06:44:20,967 | INFO |   ✅ (250/288) [20:45 → 20:50]
2026-03-26 06:44:21,124 | INFO | 📊 Aggregating vehicle_pass → record [2026-03-24 20:50:00 → 2026-03-24 20:55:00]
2026-03-26 06:44:21,142 | INFO | ✅ record_5m done [20:50 → 20:55]
2026-03-26 06:44:21,142 | INFO | ✅ record_5m aggregated [2026-03-24 20:50:00 → 2026-03-24 20:55:00]
2026-03-26 06:44:21,143 | INFO |   ✅ (251/288) [20:50 → 20:55]
2026-03-26 06:44:21,297 | INFO | 📊 Aggregating vehicle_pass → record [2026-03-24 20:55:00 → 2026-03-24 21:00:00]
2026-03-26 06:44:21,322 | INFO | ✅ record_5m done [20:55 → 21:00]
2026-03-26 06:44:21,323 | INFO | ✅ record_5m aggregated [2026-03-24 20:55:00 → 2026-03-24 21:00:00]
2026-03-26 06:44:21,324 | INFO |   ✅ (252/288) [20:55 → 21:00]
2026-03-26 06:44:21,378 | INFO | 📊 Aggregating vehicle_pass → record [2026-03-24 21:00:00 → 2026-03-24 21:05:00]
2026-03-26 06:44:21,419 | INFO | ✅ record_5m done [21:00 → 21:05]
2026-03-26 06:44:21,420 | INFO | ✅ record_5m aggregated [2026-03-24 21:00:00 → 2026-03-24 21:05:00]
2026-03-26 06:44:21,420 | INFO |   ✅ (253/288) [21:00 → 21:05]
2026-03-26 06:44:21,572 | INFO | 📊 Aggregating vehicle_pass → record [2026-03-24 21:05:00 → 2026-03-24 21:10:00]
2026-03-26 06:44:21,594 | INFO | ✅ record_5m done [21:05 → 21:10]
2026-03-26 06:44:21,594 | INFO | ✅ record_5m aggregated [2026-03-24 21:05:00 → 2026-03-24 21:10:00]
2026-03-26 06:44:21,595 | INFO |   ✅ (254/288) [21:05 → 21:10]
2026-03-26 06:44:21,643 | INFO | 📊 Aggregating vehicle_pass → record [2026-03-24 21:10:00 → 2026-03-24 21:15:00]
2026-03-26 06:44:21,662 | INFO | ✅ record_5m done [21:10 → 21:15]
2026-03-26 06:44:21,662 | INFO | ✅ record_5m aggregated [2026-03-24 21:10:00 → 2026-03-24 21:15:00]
2026-03-26 06:44:21,662 | INFO |   ✅ (255/288) [21:10 → 21:15]
2026-03-26 06:44:21,811 | INFO | 📊 Aggregating vehicle_pass → record [2026-03-24 21:15:00 → 2026-03-24 21:20:00]
2026-03-26 06:44:21,834 | INFO | ✅ record_5m done [21:15 → 21:20]
2026-03-26 06:44:21,834 | INFO | ✅ record_5m aggregated [2026-03-24 21:15:00 → 2026-03-24 21:20:00]
2026-03-26 06:44:21,835 | INFO |   ✅ (256/288) [21:15 → 21:20]
2026-03-26 06:44:21,885 | INFO | 📊 Aggregating vehicle_pass → record [2026-03-24 21:20:00 → 2026-03-24 21:25:00]
2026-03-26 06:44:21,905 | INFO | ✅ record_5m done [21:20 → 21:25]
2026-03-26 06:44:21,906 | INFO | ✅ record_5m aggregated [2026-03-24 21:20:00 → 2026-03-24 21:25:00]
2026-03-26 06:44:21,906 | INFO |   ✅ (257/288) [21:20 → 21:25]
2026-03-26 06:44:21,956 | INFO | 📊 Aggregating vehicle_pass → record [2026-03-24 21:25:00 → 2026-03-24 21:30:00]
2026-03-26 06:44:21,982 | INFO | ✅ record_5m done [21:25 → 21:30]
2026-03-26 06:44:21,983 | INFO | ✅ record_5m aggregated [2026-03-24 21:25:00 → 2026-03-24 21:30:00]
2026-03-26 06:44:21,983 | INFO |   ✅ (258/288) [21:25 → 21:30]
2026-03-26 06:44:22,031 | INFO | 📊 Aggregating vehicle_pass → record [2026-03-24 21:30:00 → 2026-03-24 21:35:00]
2026-03-26 06:44:22,055 | INFO | ✅ record_5m done [21:30 → 21:35]
2026-03-26 06:44:22,056 | INFO | ✅ record_5m aggregated [2026-03-24 21:30:00 → 2026-03-24 21:35:00]
2026-03-26 06:44:22,057 | INFO |   ✅ (259/288) [21:30 → 21:35]
2026-03-26 06:44:22,115 | INFO | 📊 Aggregating vehicle_pass → record [2026-03-24 21:35:00 → 2026-03-24 21:40:00]
2026-03-26 06:44:22,136 | INFO | ✅ record_5m done [21:35 → 21:40]
2026-03-26 06:44:22,137 | INFO | ✅ record_5m aggregated [2026-03-24 21:35:00 → 2026-03-24 21:40:00]
2026-03-26 06:44:22,137 | INFO |   ✅ (260/288) [21:35 → 21:40]
2026-03-26 06:44:22,187 | INFO | 📊 Aggregating vehicle_pass → record [2026-03-24 21:40:00 → 2026-03-24 21:45:00]
2026-03-26 06:44:22,210 | INFO | ✅ record_5m done [21:40 → 21:45]
2026-03-26 06:44:22,210 | INFO | ✅ record_5m aggregated [2026-03-24 21:40:00 → 2026-03-24 21:45:00]
2026-03-26 06:44:22,210 | INFO |   ✅ (261/288) [21:40 → 21:45]
2026-03-26 06:44:22,359 | INFO | 📊 Aggregating vehicle_pass → record [2026-03-24 21:45:00 → 2026-03-24 21:50:00]
2026-03-26 06:44:22,382 | INFO | ✅ record_5m done [21:45 → 21:50]
2026-03-26 06:44:22,382 | INFO | ✅ record_5m aggregated [2026-03-24 21:45:00 → 2026-03-24 21:50:00]
2026-03-26 06:44:22,382 | INFO |   ✅ (262/288) [21:45 → 21:50]
2026-03-26 06:44:22,435 | INFO | 📊 Aggregating vehicle_pass → record [2026-03-24 21:50:00 → 2026-03-24 21:55:00]
2026-03-26 06:44:22,458 | INFO | ✅ record_5m done [21:50 → 21:55]
2026-03-26 06:44:22,461 | INFO | ✅ record_5m aggregated [2026-03-24 21:50:00 → 2026-03-24 21:55:00]
2026-03-26 06:44:22,464 | INFO |   ✅ (263/288) [21:50 → 21:55]
2026-03-26 06:44:22,522 | INFO | 📊 Aggregating vehicle_pass → record [2026-03-24 21:55:00 → 2026-03-24 22:00:00]
2026-03-26 06:44:22,557 | INFO | ✅ record_5m done [21:55 → 22:00]
2026-03-26 06:44:22,558 | INFO | ✅ record_5m aggregated [2026-03-24 21:55:00 → 2026-03-24 22:00:00]
2026-03-26 06:44:22,558 | INFO |   ✅ (264/288) [21:55 → 22:00]
2026-03-26 06:44:22,610 | INFO | 📊 Aggregating vehicle_pass → record [2026-03-24 22:00:00 → 2026-03-24 22:05:00]
2026-03-26 06:44:22,635 | INFO | ✅ record_5m done [22:00 → 22:05]
2026-03-26 06:44:22,635 | INFO | ✅ record_5m aggregated [2026-03-24 22:00:00 → 2026-03-24 22:05:00]
2026-03-26 06:44:22,636 | INFO |   ✅ (265/288) [22:00 → 22:05]
2026-03-26 06:44:22,796 | INFO | 📊 Aggregating vehicle_pass → record [2026-03-24 22:05:00 → 2026-03-24 22:10:00]
2026-03-26 06:44:22,822 | INFO | ✅ record_5m done [22:05 → 22:10]
2026-03-26 06:44:22,824 | INFO | ✅ record_5m aggregated [2026-03-24 22:05:00 → 2026-03-24 22:10:00]
2026-03-26 06:44:22,825 | INFO |   ✅ (266/288) [22:05 → 22:10]
2026-03-26 06:44:22,898 | INFO | 📊 Aggregating vehicle_pass → record [2026-03-24 22:10:00 → 2026-03-24 22:15:00]
2026-03-26 06:44:22,922 | INFO | ✅ record_5m done [22:10 → 22:15]
2026-03-26 06:44:22,923 | INFO | ✅ record_5m aggregated [2026-03-24 22:10:00 → 2026-03-24 22:15:00]
2026-03-26 06:44:22,924 | INFO |   ✅ (267/288) [22:10 → 22:15]
2026-03-26 06:44:23,079 | INFO | 📊 Aggregating vehicle_pass → record [2026-03-24 22:15:00 → 2026-03-24 22:20:00]
2026-03-26 06:44:23,105 | INFO | ✅ record_5m done [22:15 → 22:20]
2026-03-26 06:44:23,105 | INFO | ✅ record_5m aggregated [2026-03-24 22:15:00 → 2026-03-24 22:20:00]
2026-03-26 06:44:23,106 | INFO |   ✅ (268/288) [22:15 → 22:20]
2026-03-26 06:44:23,157 | INFO | 📊 Aggregating vehicle_pass → record [2026-03-24 22:20:00 → 2026-03-24 22:25:00]
2026-03-26 06:44:23,177 | INFO | ✅ record_5m done [22:20 → 22:25]
2026-03-26 06:44:23,178 | INFO | ✅ record_5m aggregated [2026-03-24 22:20:00 → 2026-03-24 22:25:00]
2026-03-26 06:44:23,178 | INFO |   ✅ (269/288) [22:20 → 22:25]
2026-03-26 06:44:23,237 | INFO | 📊 Aggregating vehicle_pass → record [2026-03-24 22:25:00 → 2026-03-24 22:30:00]
2026-03-26 06:44:23,261 | INFO | ✅ record_5m done [22:25 → 22:30]
2026-03-26 06:44:23,261 | INFO | ✅ record_5m aggregated [2026-03-24 22:25:00 → 2026-03-24 22:30:00]
2026-03-26 06:44:23,261 | INFO |   ✅ (270/288) [22:25 → 22:30]
2026-03-26 06:44:23,411 | INFO | 📊 Aggregating vehicle_pass → record [2026-03-24 22:30:00 → 2026-03-24 22:35:00]
2026-03-26 06:44:23,440 | INFO | ✅ record_5m done [22:30 → 22:35]
2026-03-26 06:44:23,441 | INFO | ✅ record_5m aggregated [2026-03-24 22:30:00 → 2026-03-24 22:35:00]
2026-03-26 06:44:23,441 | INFO |   ✅ (271/288) [22:30 → 22:35]
2026-03-26 06:44:23,594 | INFO | 📊 Aggregating vehicle_pass → record [2026-03-24 22:35:00 → 2026-03-24 22:40:00]
2026-03-26 06:44:23,615 | INFO | ✅ record_5m done [22:35 → 22:40]
2026-03-26 06:44:23,615 | INFO | ✅ record_5m aggregated [2026-03-24 22:35:00 → 2026-03-24 22:40:00]
2026-03-26 06:44:23,616 | INFO |   ✅ (272/288) [22:35 → 22:40]
2026-03-26 06:44:23,676 | INFO | 📊 Aggregating vehicle_pass → record [2026-03-24 22:40:00 → 2026-03-24 22:45:00]
2026-03-26 06:44:23,697 | INFO | ✅ record_5m done [22:40 → 22:45]
2026-03-26 06:44:23,698 | INFO | ✅ record_5m aggregated [2026-03-24 22:40:00 → 2026-03-24 22:45:00]
2026-03-26 06:44:23,698 | INFO |   ✅ (273/288) [22:40 → 22:45]
2026-03-26 06:44:23,753 | INFO | 📊 Aggregating vehicle_pass → record [2026-03-24 22:45:00 → 2026-03-24 22:50:00]
2026-03-26 06:44:23,772 | INFO | ✅ record_5m done [22:45 → 22:50]
2026-03-26 06:44:23,772 | INFO | ✅ record_5m aggregated [2026-03-24 22:45:00 → 2026-03-24 22:50:00]
2026-03-26 06:44:23,773 | INFO |   ✅ (274/288) [22:45 → 22:50]
2026-03-26 06:44:23,829 | INFO | 📊 Aggregating vehicle_pass → record [2026-03-24 22:50:00 → 2026-03-24 22:55:00]
2026-03-26 06:44:23,855 | INFO | ✅ record_5m done [22:50 → 22:55]
2026-03-26 06:44:23,855 | INFO | ✅ record_5m aggregated [2026-03-24 22:50:00 → 2026-03-24 22:55:00]
2026-03-26 06:44:23,856 | INFO |   ✅ (275/288) [22:50 → 22:55]
2026-03-26 06:44:23,907 | INFO | 📊 Aggregating vehicle_pass → record [2026-03-24 22:55:00 → 2026-03-24 23:00:00]
2026-03-26 06:44:23,926 | INFO | ✅ record_5m done [22:55 → 23:00]
2026-03-26 06:44:23,927 | INFO | ✅ record_5m aggregated [2026-03-24 22:55:00 → 2026-03-24 23:00:00]
2026-03-26 06:44:23,927 | INFO |   ✅ (276/288) [22:55 → 23:00]
2026-03-26 06:44:23,980 | INFO | 📊 Aggregating vehicle_pass → record [2026-03-24 23:00:00 → 2026-03-24 23:05:00]
2026-03-26 06:44:24,010 | INFO | ✅ record_5m done [23:00 → 23:05]
2026-03-26 06:44:24,011 | INFO | ✅ record_5m aggregated [2026-03-24 23:00:00 → 2026-03-24 23:05:00]
2026-03-26 06:44:24,011 | INFO |   ✅ (277/288) [23:00 → 23:05]
2026-03-26 06:44:24,073 | INFO | 📊 Aggregating vehicle_pass → record [2026-03-24 23:05:00 → 2026-03-24 23:10:00]
2026-03-26 06:44:24,094 | INFO | ✅ record_5m done [23:05 → 23:10]
2026-03-26 06:44:24,095 | INFO | ✅ record_5m aggregated [2026-03-24 23:05:00 → 2026-03-24 23:10:00]
2026-03-26 06:44:24,095 | INFO |   ✅ (278/288) [23:05 → 23:10]
2026-03-26 06:44:24,166 | INFO | 📊 Aggregating vehicle_pass → record [2026-03-24 23:10:00 → 2026-03-24 23:15:00]
2026-03-26 06:44:24,185 | INFO | ✅ record_5m done [23:10 → 23:15]
2026-03-26 06:44:24,185 | INFO | ✅ record_5m aggregated [2026-03-24 23:10:00 → 2026-03-24 23:15:00]
2026-03-26 06:44:24,186 | INFO |   ✅ (279/288) [23:10 → 23:15]
2026-03-26 06:44:24,264 | INFO | 📊 Aggregating vehicle_pass → record [2026-03-24 23:15:00 → 2026-03-24 23:20:00]
2026-03-26 06:44:24,304 | INFO | ✅ record_5m done [23:15 → 23:20]
2026-03-26 06:44:24,304 | INFO | ✅ record_5m aggregated [2026-03-24 23:15:00 → 2026-03-24 23:20:00]
2026-03-26 06:44:24,305 | INFO |   ✅ (280/288) [23:15 → 23:20]
2026-03-26 06:44:24,470 | INFO | 📊 Aggregating vehicle_pass → record [2026-03-24 23:20:00 → 2026-03-24 23:25:00]
2026-03-26 06:44:24,495 | INFO | ✅ record_5m done [23:20 → 23:25]
2026-03-26 06:44:24,496 | INFO | ✅ record_5m aggregated [2026-03-24 23:20:00 → 2026-03-24 23:25:00]
2026-03-26 06:44:24,496 | INFO |   ✅ (281/288) [23:20 → 23:25]
2026-03-26 06:44:24,548 | INFO | 📊 Aggregating vehicle_pass → record [2026-03-24 23:25:00 → 2026-03-24 23:30:00]
2026-03-26 06:44:24,566 | INFO | ✅ record_5m done [23:25 → 23:30]
2026-03-26 06:44:24,567 | INFO | ✅ record_5m aggregated [2026-03-24 23:25:00 → 2026-03-24 23:30:00]
2026-03-26 06:44:24,568 | INFO |   ✅ (282/288) [23:25 → 23:30]
2026-03-26 06:44:24,632 | INFO | 📊 Aggregating vehicle_pass → record [2026-03-24 23:30:00 → 2026-03-24 23:35:00]
2026-03-26 06:44:24,653 | INFO | ✅ record_5m done [23:30 → 23:35]
2026-03-26 06:44:24,654 | INFO | ✅ record_5m aggregated [2026-03-24 23:30:00 → 2026-03-24 23:35:00]
2026-03-26 06:44:24,654 | INFO |   ✅ (283/288) [23:30 → 23:35]
2026-03-26 06:44:24,703 | INFO | 📊 Aggregating vehicle_pass → record [2026-03-24 23:35:00 → 2026-03-24 23:40:00]
2026-03-26 06:44:24,722 | INFO | ✅ record_5m done [23:35 → 23:40]
2026-03-26 06:44:24,723 | INFO | ✅ record_5m aggregated [2026-03-24 23:35:00 → 2026-03-24 23:40:00]
2026-03-26 06:44:24,723 | INFO |   ✅ (284/288) [23:35 → 23:40]
2026-03-26 06:44:24,777 | INFO | 📊 Aggregating vehicle_pass → record [2026-03-24 23:40:00 → 2026-03-24 23:45:00]
2026-03-26 06:44:24,804 | INFO | ✅ record_5m done [23:40 → 23:45]
2026-03-26 06:44:24,805 | INFO | ✅ record_5m aggregated [2026-03-24 23:40:00 → 2026-03-24 23:45:00]
2026-03-26 06:44:24,806 | INFO |   ✅ (285/288) [23:40 → 23:45]
2026-03-26 06:44:24,950 | INFO | 📊 Aggregating vehicle_pass → record [2026-03-24 23:45:00 → 2026-03-24 23:50:00]
2026-03-26 06:44:24,966 | INFO | ✅ record_5m done [23:45 → 23:50]
2026-03-26 06:44:24,966 | INFO | ✅ record_5m aggregated [2026-03-24 23:45:00 → 2026-03-24 23:50:00]
2026-03-26 06:44:24,967 | INFO |   ✅ (286/288) [23:45 → 23:50]
2026-03-26 06:44:25,018 | INFO | 📊 Aggregating vehicle_pass → record [2026-03-24 23:50:00 → 2026-03-24 23:55:00]
2026-03-26 06:44:25,036 | INFO | ✅ record_5m done [23:50 → 23:55]
2026-03-26 06:44:25,037 | INFO | ✅ record_5m aggregated [2026-03-24 23:50:00 → 2026-03-24 23:55:00]
2026-03-26 06:44:25,037 | INFO |   ✅ (287/288) [23:50 → 23:55]
2026-03-26 06:44:25,086 | INFO | 📊 Aggregating vehicle_pass → record [2026-03-24 23:55:00 → 2026-03-25 00:00:00]
2026-03-26 06:44:25,104 | INFO | ✅ record_5m done [23:55 → 00:00]
2026-03-26 06:44:25,105 | INFO | ✅ record_5m aggregated [2026-03-24 23:55:00 → 2026-03-25 00:00:00]
2026-03-26 06:44:25,105 | INFO |   ✅ (288/288) [23:55 → 00:00]
2026-03-26 06:44:25,106 | INFO | ============================================================
2026-03-26 06:44:25,106 | INFO | 🏁 Done — success: 288, failed: 0, total: 288
2026-03-26 06:47:49,148 | INFO | 🚀 Initializing DataVehicleRepository...
2026-03-26 06:47:49,317 | INFO | ⏭️ extract_data not ready yet, using default last_time
2026-03-26 06:47:49,318 | INFO | 🕓 Initial last_time = 2026-03-26 06:42:49.318073
2026-03-26 06:47:49,323 | INFO | 📅 Target date : 2026-03-24
2026-03-26 06:47:49,323 | INFO | 📦 Total slots : 288 slots (00:00 → 24:00)
2026-03-26 06:47:49,323 | INFO | ============================================================
2026-03-26 06:47:49,486 | INFO | 🗑️  Deleted 0 rows for date 2026-03-24
2026-03-26 06:47:49,532 | INFO | 📊 Aggregating vehicle_pass → record [2026-03-24 00:00:00 → 2026-03-24 00:05:00]
2026-03-26 06:47:49,554 | INFO | ✅ record_5m done [00:00 → 00:05]
2026-03-26 06:47:49,554 | INFO | ✅ record_5m aggregated [2026-03-24 00:00:00 → 2026-03-24 00:05:00]
2026-03-26 06:47:49,554 | INFO |   ✅ (  1/288) [00:00 → 00:05]
2026-03-26 06:47:49,699 | INFO | 📊 Aggregating vehicle_pass → record [2026-03-24 00:05:00 → 2026-03-24 00:10:00]
2026-03-26 06:47:49,721 | INFO | ✅ record_5m done [00:05 → 00:10]
2026-03-26 06:47:49,721 | INFO | ✅ record_5m aggregated [2026-03-24 00:05:00 → 2026-03-24 00:10:00]
2026-03-26 06:47:49,722 | INFO |   ✅ (  2/288) [00:05 → 00:10]
2026-03-26 06:47:49,869 | INFO | 📊 Aggregating vehicle_pass → record [2026-03-24 00:10:00 → 2026-03-24 00:15:00]
2026-03-26 06:47:49,897 | INFO | ✅ record_5m done [00:10 → 00:15]
2026-03-26 06:47:49,898 | INFO | ✅ record_5m aggregated [2026-03-24 00:10:00 → 2026-03-24 00:15:00]
2026-03-26 06:47:49,898 | INFO |   ✅ (  3/288) [00:10 → 00:15]
2026-03-26 06:47:49,944 | INFO | 📊 Aggregating vehicle_pass → record [2026-03-24 00:15:00 → 2026-03-24 00:20:00]
2026-03-26 06:47:49,964 | INFO | ✅ record_5m done [00:15 → 00:20]
2026-03-26 06:47:49,965 | INFO | ✅ record_5m aggregated [2026-03-24 00:15:00 → 2026-03-24 00:20:00]
2026-03-26 06:47:49,965 | INFO |   ✅ (  4/288) [00:15 → 00:20]
2026-03-26 06:47:50,127 | INFO | 📊 Aggregating vehicle_pass → record [2026-03-24 00:20:00 → 2026-03-24 00:25:00]
2026-03-26 06:47:50,154 | INFO | ✅ record_5m done [00:20 → 00:25]
2026-03-26 06:47:50,155 | INFO | ✅ record_5m aggregated [2026-03-24 00:20:00 → 2026-03-24 00:25:00]
2026-03-26 06:47:50,155 | INFO |   ✅ (  5/288) [00:20 → 00:25]
2026-03-26 06:47:50,199 | INFO | 📊 Aggregating vehicle_pass → record [2026-03-24 00:25:00 → 2026-03-24 00:30:00]
2026-03-26 06:47:50,217 | INFO | ✅ record_5m done [00:25 → 00:30]
2026-03-26 06:47:50,217 | INFO | ✅ record_5m aggregated [2026-03-24 00:25:00 → 2026-03-24 00:30:00]
2026-03-26 06:47:50,218 | INFO |   ✅ (  6/288) [00:25 → 00:30]
2026-03-26 06:47:50,268 | INFO | 📊 Aggregating vehicle_pass → record [2026-03-24 00:30:00 → 2026-03-24 00:35:00]
2026-03-26 06:47:50,291 | INFO | ✅ record_5m done [00:30 → 00:35]
2026-03-26 06:47:50,291 | INFO | ✅ record_5m aggregated [2026-03-24 00:30:00 → 2026-03-24 00:35:00]
2026-03-26 06:47:50,291 | INFO |   ✅ (  7/288) [00:30 → 00:35]
2026-03-26 06:47:50,440 | INFO | 📊 Aggregating vehicle_pass → record [2026-03-24 00:35:00 → 2026-03-24 00:40:00]
2026-03-26 06:47:50,459 | INFO | ✅ record_5m done [00:35 → 00:40]
2026-03-26 06:47:50,460 | INFO | ✅ record_5m aggregated [2026-03-24 00:35:00 → 2026-03-24 00:40:00]
2026-03-26 06:47:50,460 | INFO |   ✅ (  8/288) [00:35 → 00:40]
2026-03-26 06:47:50,509 | INFO | 📊 Aggregating vehicle_pass → record [2026-03-24 00:40:00 → 2026-03-24 00:45:00]
2026-03-26 06:47:50,535 | INFO | ✅ record_5m done [00:40 → 00:45]
2026-03-26 06:47:50,536 | INFO | ✅ record_5m aggregated [2026-03-24 00:40:00 → 2026-03-24 00:45:00]
2026-03-26 06:47:50,536 | INFO |   ✅ (  9/288) [00:40 → 00:45]
2026-03-26 06:47:50,579 | INFO | 📊 Aggregating vehicle_pass → record [2026-03-24 00:45:00 → 2026-03-24 00:50:00]
2026-03-26 06:47:50,597 | INFO | ✅ record_5m done [00:45 → 00:50]
2026-03-26 06:47:50,598 | INFO | ✅ record_5m aggregated [2026-03-24 00:45:00 → 2026-03-24 00:50:00]
2026-03-26 06:47:50,598 | INFO |   ✅ ( 10/288) [00:45 → 00:50]
2026-03-26 06:47:50,657 | INFO | 📊 Aggregating vehicle_pass → record [2026-03-24 00:50:00 → 2026-03-24 00:55:00]
2026-03-26 06:47:50,672 | INFO | ✅ record_5m done [00:50 → 00:55]
2026-03-26 06:47:50,672 | INFO | ✅ record_5m aggregated [2026-03-24 00:50:00 → 2026-03-24 00:55:00]
2026-03-26 06:47:50,673 | INFO |   ✅ ( 11/288) [00:50 → 00:55]
2026-03-26 06:47:50,724 | INFO | 📊 Aggregating vehicle_pass → record [2026-03-24 00:55:00 → 2026-03-24 01:00:00]
2026-03-26 06:47:50,745 | INFO | ✅ record_5m done [00:55 → 01:00]
2026-03-26 06:47:50,746 | INFO | ✅ record_5m aggregated [2026-03-24 00:55:00 → 2026-03-24 01:00:00]
2026-03-26 06:47:50,746 | INFO |   ✅ ( 12/288) [00:55 → 01:00]
2026-03-26 06:47:50,801 | INFO | 📊 Aggregating vehicle_pass → record [2026-03-24 01:00:00 → 2026-03-24 01:05:00]
2026-03-26 06:47:50,819 | INFO | ✅ record_5m done [01:00 → 01:05]
2026-03-26 06:47:50,819 | INFO | ✅ record_5m aggregated [2026-03-24 01:00:00 → 2026-03-24 01:05:00]
2026-03-26 06:47:50,820 | INFO |   ✅ ( 13/288) [01:00 → 01:05]
2026-03-26 06:47:50,983 | INFO | 📊 Aggregating vehicle_pass → record [2026-03-24 01:05:00 → 2026-03-24 01:10:00]
2026-03-26 06:47:51,004 | INFO | ✅ record_5m done [01:05 → 01:10]
2026-03-26 06:47:51,004 | INFO | ✅ record_5m aggregated [2026-03-24 01:05:00 → 2026-03-24 01:10:00]
2026-03-26 06:47:51,005 | INFO |   ✅ ( 14/288) [01:05 → 01:10]
2026-03-26 06:47:51,155 | INFO | 📊 Aggregating vehicle_pass → record [2026-03-24 01:10:00 → 2026-03-24 01:15:00]
2026-03-26 06:47:51,172 | INFO | ✅ record_5m done [01:10 → 01:15]
2026-03-26 06:47:51,172 | INFO | ✅ record_5m aggregated [2026-03-24 01:10:00 → 2026-03-24 01:15:00]
2026-03-26 06:47:51,172 | INFO |   ✅ ( 15/288) [01:10 → 01:15]
2026-03-26 06:47:51,221 | INFO | 📊 Aggregating vehicle_pass → record [2026-03-24 01:15:00 → 2026-03-24 01:20:00]
2026-03-26 06:47:51,243 | INFO | ✅ record_5m done [01:15 → 01:20]
2026-03-26 06:47:51,243 | INFO | ✅ record_5m aggregated [2026-03-24 01:15:00 → 2026-03-24 01:20:00]
2026-03-26 06:47:51,244 | INFO |   ✅ ( 16/288) [01:15 → 01:20]
2026-03-26 06:47:51,386 | INFO | 📊 Aggregating vehicle_pass → record [2026-03-24 01:20:00 → 2026-03-24 01:25:00]
2026-03-26 06:47:51,403 | INFO | ✅ record_5m done [01:20 → 01:25]
2026-03-26 06:47:51,404 | INFO | ✅ record_5m aggregated [2026-03-24 01:20:00 → 2026-03-24 01:25:00]
2026-03-26 06:47:51,404 | INFO |   ✅ ( 17/288) [01:20 → 01:25]
2026-03-26 06:47:51,460 | INFO | 📊 Aggregating vehicle_pass → record [2026-03-24 01:25:00 → 2026-03-24 01:30:00]
2026-03-26 06:47:51,480 | INFO | ✅ record_5m done [01:25 → 01:30]
2026-03-26 06:47:51,480 | INFO | ✅ record_5m aggregated [2026-03-24 01:25:00 → 2026-03-24 01:30:00]
2026-03-26 06:47:51,481 | INFO |   ✅ ( 18/288) [01:25 → 01:30]
2026-03-26 06:47:51,529 | INFO | 📊 Aggregating vehicle_pass → record [2026-03-24 01:30:00 → 2026-03-24 01:35:00]
2026-03-26 06:47:51,549 | INFO | ✅ record_5m done [01:30 → 01:35]
2026-03-26 06:47:51,550 | INFO | ✅ record_5m aggregated [2026-03-24 01:30:00 → 2026-03-24 01:35:00]
2026-03-26 06:47:51,550 | INFO |   ✅ ( 19/288) [01:30 → 01:35]
2026-03-26 06:47:51,598 | INFO | 📊 Aggregating vehicle_pass → record [2026-03-24 01:35:00 → 2026-03-24 01:40:00]
2026-03-26 06:47:51,615 | INFO | ✅ record_5m done [01:35 → 01:40]
2026-03-26 06:47:51,616 | INFO | ✅ record_5m aggregated [2026-03-24 01:35:00 → 2026-03-24 01:40:00]
2026-03-26 06:47:51,616 | INFO |   ✅ ( 20/288) [01:35 → 01:40]
2026-03-26 06:47:51,762 | INFO | 📊 Aggregating vehicle_pass → record [2026-03-24 01:40:00 → 2026-03-24 01:45:00]
2026-03-26 06:47:51,781 | INFO | ✅ record_5m done [01:40 → 01:45]
2026-03-26 06:47:51,781 | INFO | ✅ record_5m aggregated [2026-03-24 01:40:00 → 2026-03-24 01:45:00]
2026-03-26 06:47:51,782 | INFO |   ✅ ( 21/288) [01:40 → 01:45]
2026-03-26 06:47:51,832 | INFO | 📊 Aggregating vehicle_pass → record [2026-03-24 01:45:00 → 2026-03-24 01:50:00]
2026-03-26 06:47:51,849 | INFO | ✅ record_5m done [01:45 → 01:50]
2026-03-26 06:47:51,850 | INFO | ✅ record_5m aggregated [2026-03-24 01:45:00 → 2026-03-24 01:50:00]
2026-03-26 06:47:51,850 | INFO |   ✅ ( 22/288) [01:45 → 01:50]
2026-03-26 06:47:51,898 | INFO | 📊 Aggregating vehicle_pass → record [2026-03-24 01:50:00 → 2026-03-24 01:55:00]
2026-03-26 06:47:51,918 | INFO | ✅ record_5m done [01:50 → 01:55]
2026-03-26 06:47:51,919 | INFO | ✅ record_5m aggregated [2026-03-24 01:50:00 → 2026-03-24 01:55:00]
2026-03-26 06:47:51,919 | INFO |   ✅ ( 23/288) [01:50 → 01:55]
2026-03-26 06:47:51,963 | INFO | 📊 Aggregating vehicle_pass → record [2026-03-24 01:55:00 → 2026-03-24 02:00:00]
2026-03-26 06:47:51,982 | INFO | ✅ record_5m done [01:55 → 02:00]
2026-03-26 06:47:51,982 | INFO | ✅ record_5m aggregated [2026-03-24 01:55:00 → 2026-03-24 02:00:00]
2026-03-26 06:47:51,982 | INFO |   ✅ ( 24/288) [01:55 → 02:00]
2026-03-26 06:47:52,131 | INFO | 📊 Aggregating vehicle_pass → record [2026-03-24 02:00:00 → 2026-03-24 02:05:00]
2026-03-26 06:47:52,147 | INFO | ✅ record_5m done [02:00 → 02:05]
2026-03-26 06:47:52,148 | INFO | ✅ record_5m aggregated [2026-03-24 02:00:00 → 2026-03-24 02:05:00]
2026-03-26 06:47:52,148 | INFO |   ✅ ( 25/288) [02:00 → 02:05]
2026-03-26 06:47:52,189 | INFO | 📊 Aggregating vehicle_pass → record [2026-03-24 02:05:00 → 2026-03-24 02:10:00]
2026-03-26 06:47:52,206 | INFO | ✅ record_5m done [02:05 → 02:10]
2026-03-26 06:47:52,206 | INFO | ✅ record_5m aggregated [2026-03-24 02:05:00 → 2026-03-24 02:10:00]
2026-03-26 06:47:52,206 | INFO |   ✅ ( 26/288) [02:05 → 02:10]
2026-03-26 06:47:52,251 | INFO | 📊 Aggregating vehicle_pass → record [2026-03-24 02:10:00 → 2026-03-24 02:15:00]
2026-03-26 06:47:52,268 | INFO | ✅ record_5m done [02:10 → 02:15]
2026-03-26 06:47:52,268 | INFO | ✅ record_5m aggregated [2026-03-24 02:10:00 → 2026-03-24 02:15:00]
2026-03-26 06:47:52,269 | INFO |   ✅ ( 27/288) [02:10 → 02:15]
2026-03-26 06:47:52,413 | INFO | 📊 Aggregating vehicle_pass → record [2026-03-24 02:15:00 → 2026-03-24 02:20:00]
2026-03-26 06:47:52,430 | INFO | ✅ record_5m done [02:15 → 02:20]
2026-03-26 06:47:52,431 | INFO | ✅ record_5m aggregated [2026-03-24 02:15:00 → 2026-03-24 02:20:00]
2026-03-26 06:47:52,431 | INFO |   ✅ ( 28/288) [02:15 → 02:20]
2026-03-26 06:47:52,472 | INFO | 📊 Aggregating vehicle_pass → record [2026-03-24 02:20:00 → 2026-03-24 02:25:00]
2026-03-26 06:47:52,489 | INFO | ✅ record_5m done [02:20 → 02:25]
2026-03-26 06:47:52,489 | INFO | ✅ record_5m aggregated [2026-03-24 02:20:00 → 2026-03-24 02:25:00]
2026-03-26 06:47:52,490 | INFO |   ✅ ( 29/288) [02:20 → 02:25]
2026-03-26 06:47:52,534 | INFO | 📊 Aggregating vehicle_pass → record [2026-03-24 02:25:00 → 2026-03-24 02:30:00]
2026-03-26 06:47:52,556 | INFO | ✅ record_5m done [02:25 → 02:30]
2026-03-26 06:47:52,556 | INFO | ✅ record_5m aggregated [2026-03-24 02:25:00 → 2026-03-24 02:30:00]
2026-03-26 06:47:52,556 | INFO |   ✅ ( 30/288) [02:25 → 02:30]
2026-03-26 06:47:52,606 | INFO | 📊 Aggregating vehicle_pass → record [2026-03-24 02:30:00 → 2026-03-24 02:35:00]
2026-03-26 06:47:52,633 | INFO | ✅ record_5m done [02:30 → 02:35]
2026-03-26 06:47:52,634 | INFO | ✅ record_5m aggregated [2026-03-24 02:30:00 → 2026-03-24 02:35:00]
2026-03-26 06:47:52,634 | INFO |   ✅ ( 31/288) [02:30 → 02:35]
2026-03-26 06:47:52,679 | INFO | 📊 Aggregating vehicle_pass → record [2026-03-24 02:35:00 → 2026-03-24 02:40:00]
2026-03-26 06:47:52,706 | INFO | ✅ record_5m done [02:35 → 02:40]
2026-03-26 06:47:52,706 | INFO | ✅ record_5m aggregated [2026-03-24 02:35:00 → 2026-03-24 02:40:00]
2026-03-26 06:47:52,707 | INFO |   ✅ ( 32/288) [02:35 → 02:40]
2026-03-26 06:47:52,750 | INFO | 📊 Aggregating vehicle_pass → record [2026-03-24 02:40:00 → 2026-03-24 02:45:00]
2026-03-26 06:47:52,774 | INFO | ✅ record_5m done [02:40 → 02:45]
2026-03-26 06:47:52,774 | INFO | ✅ record_5m aggregated [2026-03-24 02:40:00 → 2026-03-24 02:45:00]
2026-03-26 06:47:52,774 | INFO |   ✅ ( 33/288) [02:40 → 02:45]
2026-03-26 06:47:52,923 | INFO | 📊 Aggregating vehicle_pass → record [2026-03-24 02:45:00 → 2026-03-24 02:50:00]
2026-03-26 06:47:52,941 | INFO | ✅ record_5m done [02:45 → 02:50]
2026-03-26 06:47:52,942 | INFO | ✅ record_5m aggregated [2026-03-24 02:45:00 → 2026-03-24 02:50:00]
2026-03-26 06:47:52,942 | INFO |   ✅ ( 34/288) [02:45 → 02:50]
2026-03-26 06:47:52,988 | INFO | 📊 Aggregating vehicle_pass → record [2026-03-24 02:50:00 → 2026-03-24 02:55:00]
2026-03-26 06:47:53,010 | INFO | ✅ record_5m done [02:50 → 02:55]
2026-03-26 06:47:53,010 | INFO | ✅ record_5m aggregated [2026-03-24 02:50:00 → 2026-03-24 02:55:00]
2026-03-26 06:47:53,011 | INFO |   ✅ ( 35/288) [02:50 → 02:55]
2026-03-26 06:47:53,057 | INFO | 📊 Aggregating vehicle_pass → record [2026-03-24 02:55:00 → 2026-03-24 03:00:00]
2026-03-26 06:47:53,079 | INFO | ✅ record_5m done [02:55 → 03:00]
2026-03-26 06:47:53,079 | INFO | ✅ record_5m aggregated [2026-03-24 02:55:00 → 2026-03-24 03:00:00]
2026-03-26 06:47:53,080 | INFO |   ✅ ( 36/288) [02:55 → 03:00]
2026-03-26 06:47:53,138 | INFO | 📊 Aggregating vehicle_pass → record [2026-03-24 03:00:00 → 2026-03-24 03:05:00]
2026-03-26 06:47:53,156 | INFO | ✅ record_5m done [03:00 → 03:05]
2026-03-26 06:47:53,157 | INFO | ✅ record_5m aggregated [2026-03-24 03:00:00 → 2026-03-24 03:05:00]
2026-03-26 06:47:53,157 | INFO |   ✅ ( 37/288) [03:00 → 03:05]
2026-03-26 06:47:53,204 | INFO | 📊 Aggregating vehicle_pass → record [2026-03-24 03:05:00 → 2026-03-24 03:10:00]
2026-03-26 06:47:53,223 | INFO | ✅ record_5m done [03:05 → 03:10]
2026-03-26 06:47:53,224 | INFO | ✅ record_5m aggregated [2026-03-24 03:05:00 → 2026-03-24 03:10:00]
2026-03-26 06:47:53,224 | INFO |   ✅ ( 38/288) [03:05 → 03:10]
2026-03-26 06:47:53,277 | INFO | 📊 Aggregating vehicle_pass → record [2026-03-24 03:10:00 → 2026-03-24 03:15:00]
2026-03-26 06:47:53,296 | INFO | ✅ record_5m done [03:10 → 03:15]
2026-03-26 06:47:53,296 | INFO | ✅ record_5m aggregated [2026-03-24 03:10:00 → 2026-03-24 03:15:00]
2026-03-26 06:47:53,297 | INFO |   ✅ ( 39/288) [03:10 → 03:15]
2026-03-26 06:47:53,343 | INFO | 📊 Aggregating vehicle_pass → record [2026-03-24 03:15:00 → 2026-03-24 03:20:00]
2026-03-26 06:47:53,371 | INFO | ✅ record_5m done [03:15 → 03:20]
2026-03-26 06:47:53,372 | INFO | ✅ record_5m aggregated [2026-03-24 03:15:00 → 2026-03-24 03:20:00]
2026-03-26 06:47:53,372 | INFO |   ✅ ( 40/288) [03:15 → 03:20]
2026-03-26 06:47:53,519 | INFO | 📊 Aggregating vehicle_pass → record [2026-03-24 03:20:00 → 2026-03-24 03:25:00]
2026-03-26 06:47:53,548 | INFO | ✅ record_5m done [03:20 → 03:25]
2026-03-26 06:47:53,548 | INFO | ✅ record_5m aggregated [2026-03-24 03:20:00 → 2026-03-24 03:25:00]
2026-03-26 06:47:53,548 | INFO |   ✅ ( 41/288) [03:20 → 03:25]
2026-03-26 06:47:53,598 | INFO | 📊 Aggregating vehicle_pass → record [2026-03-24 03:25:00 → 2026-03-24 03:30:00]
2026-03-26 06:47:53,621 | INFO | ✅ record_5m done [03:25 → 03:30]
2026-03-26 06:47:53,622 | INFO | ✅ record_5m aggregated [2026-03-24 03:25:00 → 2026-03-24 03:30:00]
2026-03-26 06:47:53,622 | INFO |   ✅ ( 42/288) [03:25 → 03:30]
2026-03-26 06:47:53,670 | INFO | 📊 Aggregating vehicle_pass → record [2026-03-24 03:30:00 → 2026-03-24 03:35:00]
2026-03-26 06:47:53,689 | INFO | ✅ record_5m done [03:30 → 03:35]
2026-03-26 06:47:53,689 | INFO | ✅ record_5m aggregated [2026-03-24 03:30:00 → 2026-03-24 03:35:00]
2026-03-26 06:47:53,689 | INFO |   ✅ ( 43/288) [03:30 → 03:35]
2026-03-26 06:47:53,732 | INFO | 📊 Aggregating vehicle_pass → record [2026-03-24 03:35:00 → 2026-03-24 03:40:00]
2026-03-26 06:47:53,750 | INFO | ✅ record_5m done [03:35 → 03:40]
2026-03-26 06:47:53,750 | INFO | ✅ record_5m aggregated [2026-03-24 03:35:00 → 2026-03-24 03:40:00]
2026-03-26 06:47:53,751 | INFO |   ✅ ( 44/288) [03:35 → 03:40]
2026-03-26 06:47:53,793 | INFO | 📊 Aggregating vehicle_pass → record [2026-03-24 03:40:00 → 2026-03-24 03:45:00]
2026-03-26 06:47:53,810 | INFO | ✅ record_5m done [03:40 → 03:45]
2026-03-26 06:47:53,811 | INFO | ✅ record_5m aggregated [2026-03-24 03:40:00 → 2026-03-24 03:45:00]
2026-03-26 06:47:53,811 | INFO |   ✅ ( 45/288) [03:40 → 03:45]
2026-03-26 06:47:53,856 | INFO | 📊 Aggregating vehicle_pass → record [2026-03-24 03:45:00 → 2026-03-24 03:50:00]
2026-03-26 06:47:53,880 | INFO | ✅ record_5m done [03:45 → 03:50]
2026-03-26 06:47:53,880 | INFO | ✅ record_5m aggregated [2026-03-24 03:45:00 → 2026-03-24 03:50:00]
2026-03-26 06:47:53,880 | INFO |   ✅ ( 46/288) [03:45 → 03:50]
2026-03-26 06:47:53,927 | INFO | 📊 Aggregating vehicle_pass → record [2026-03-24 03:50:00 → 2026-03-24 03:55:00]
2026-03-26 06:47:53,952 | INFO | ✅ record_5m done [03:50 → 03:55]
2026-03-26 06:47:53,953 | INFO | ✅ record_5m aggregated [2026-03-24 03:50:00 → 2026-03-24 03:55:00]
2026-03-26 06:47:53,953 | INFO |   ✅ ( 47/288) [03:50 → 03:55]
2026-03-26 06:47:54,004 | INFO | 📊 Aggregating vehicle_pass → record [2026-03-24 03:55:00 → 2026-03-24 04:00:00]
2026-03-26 06:47:54,025 | INFO | ✅ record_5m done [03:55 → 04:00]
2026-03-26 06:47:54,026 | INFO | ✅ record_5m aggregated [2026-03-24 03:55:00 → 2026-03-24 04:00:00]
2026-03-26 06:47:54,026 | INFO |   ✅ ( 48/288) [03:55 → 04:00]
2026-03-26 06:47:54,071 | INFO | 📊 Aggregating vehicle_pass → record [2026-03-24 04:00:00 → 2026-03-24 04:05:00]
2026-03-26 06:47:54,090 | INFO | ✅ record_5m done [04:00 → 04:05]
2026-03-26 06:47:54,091 | INFO | ✅ record_5m aggregated [2026-03-24 04:00:00 → 2026-03-24 04:05:00]
2026-03-26 06:47:54,091 | INFO |   ✅ ( 49/288) [04:00 → 04:05]
2026-03-26 06:47:54,134 | INFO | 📊 Aggregating vehicle_pass → record [2026-03-24 04:05:00 → 2026-03-24 04:10:00]
2026-03-26 06:47:54,151 | INFO | ✅ record_5m done [04:05 → 04:10]
2026-03-26 06:47:54,152 | INFO | ✅ record_5m aggregated [2026-03-24 04:05:00 → 2026-03-24 04:10:00]
2026-03-26 06:47:54,152 | INFO |   ✅ ( 50/288) [04:05 → 04:10]
2026-03-26 06:47:54,199 | INFO | 📊 Aggregating vehicle_pass → record [2026-03-24 04:10:00 → 2026-03-24 04:15:00]
2026-03-26 06:47:54,228 | INFO | ✅ record_5m done [04:10 → 04:15]
2026-03-26 06:47:54,228 | INFO | ✅ record_5m aggregated [2026-03-24 04:10:00 → 2026-03-24 04:15:00]
2026-03-26 06:47:54,229 | INFO |   ✅ ( 51/288) [04:10 → 04:15]
2026-03-26 06:47:54,269 | INFO | 📊 Aggregating vehicle_pass → record [2026-03-24 04:15:00 → 2026-03-24 04:20:00]
2026-03-26 06:47:54,289 | INFO | ✅ record_5m done [04:15 → 04:20]
2026-03-26 06:47:54,289 | INFO | ✅ record_5m aggregated [2026-03-24 04:15:00 → 2026-03-24 04:20:00]
2026-03-26 06:47:54,290 | INFO |   ✅ ( 52/288) [04:15 → 04:20]
2026-03-26 06:47:54,439 | INFO | 📊 Aggregating vehicle_pass → record [2026-03-24 04:20:00 → 2026-03-24 04:25:00]
2026-03-26 06:47:54,456 | INFO | ✅ record_5m done [04:20 → 04:25]
2026-03-26 06:47:54,457 | INFO | ✅ record_5m aggregated [2026-03-24 04:20:00 → 2026-03-24 04:25:00]
2026-03-26 06:47:54,457 | INFO |   ✅ ( 53/288) [04:20 → 04:25]
2026-03-26 06:47:54,505 | INFO | 📊 Aggregating vehicle_pass → record [2026-03-24 04:25:00 → 2026-03-24 04:30:00]
2026-03-26 06:47:54,525 | INFO | ✅ record_5m done [04:25 → 04:30]
2026-03-26 06:47:54,526 | INFO | ✅ record_5m aggregated [2026-03-24 04:25:00 → 2026-03-24 04:30:00]
2026-03-26 06:47:54,526 | INFO |   ✅ ( 54/288) [04:25 → 04:30]
2026-03-26 06:47:54,576 | INFO | 📊 Aggregating vehicle_pass → record [2026-03-24 04:30:00 → 2026-03-24 04:35:00]
2026-03-26 06:47:54,607 | INFO | ✅ record_5m done [04:30 → 04:35]
2026-03-26 06:47:54,607 | INFO | ✅ record_5m aggregated [2026-03-24 04:30:00 → 2026-03-24 04:35:00]
2026-03-26 06:47:54,608 | INFO |   ✅ ( 55/288) [04:30 → 04:35]
2026-03-26 06:47:54,666 | INFO | 📊 Aggregating vehicle_pass → record [2026-03-24 04:35:00 → 2026-03-24 04:40:00]
2026-03-26 06:47:54,684 | INFO | ✅ record_5m done [04:35 → 04:40]
2026-03-26 06:47:54,685 | INFO | ✅ record_5m aggregated [2026-03-24 04:35:00 → 2026-03-24 04:40:00]
2026-03-26 06:47:54,685 | INFO |   ✅ ( 56/288) [04:35 → 04:40]
2026-03-26 06:47:54,738 | INFO | 📊 Aggregating vehicle_pass → record [2026-03-24 04:40:00 → 2026-03-24 04:45:00]
2026-03-26 06:47:54,758 | INFO | ✅ record_5m done [04:40 → 04:45]
2026-03-26 06:47:54,758 | INFO | ✅ record_5m aggregated [2026-03-24 04:40:00 → 2026-03-24 04:45:00]
2026-03-26 06:47:54,758 | INFO |   ✅ ( 57/288) [04:40 → 04:45]
2026-03-26 06:47:54,819 | INFO | 📊 Aggregating vehicle_pass → record [2026-03-24 04:45:00 → 2026-03-24 04:50:00]
2026-03-26 06:47:54,844 | INFO | ✅ record_5m done [04:45 → 04:50]
2026-03-26 06:47:54,845 | INFO | ✅ record_5m aggregated [2026-03-24 04:45:00 → 2026-03-24 04:50:00]
2026-03-26 06:47:54,845 | INFO |   ✅ ( 58/288) [04:45 → 04:50]
2026-03-26 06:47:54,893 | INFO | 📊 Aggregating vehicle_pass → record [2026-03-24 04:50:00 → 2026-03-24 04:55:00]
2026-03-26 06:47:54,912 | INFO | ✅ record_5m done [04:50 → 04:55]
2026-03-26 06:47:54,912 | INFO | ✅ record_5m aggregated [2026-03-24 04:50:00 → 2026-03-24 04:55:00]
2026-03-26 06:47:54,913 | INFO |   ✅ ( 59/288) [04:50 → 04:55]
2026-03-26 06:47:54,969 | INFO | 📊 Aggregating vehicle_pass → record [2026-03-24 04:55:00 → 2026-03-24 05:00:00]
2026-03-26 06:47:54,984 | INFO | ✅ record_5m done [04:55 → 05:00]
2026-03-26 06:47:54,985 | INFO | ✅ record_5m aggregated [2026-03-24 04:55:00 → 2026-03-24 05:00:00]
2026-03-26 06:47:54,985 | INFO |   ✅ ( 60/288) [04:55 → 05:00]
2026-03-26 06:47:55,042 | INFO | 📊 Aggregating vehicle_pass → record [2026-03-24 05:00:00 → 2026-03-24 05:05:00]
2026-03-26 06:47:55,059 | INFO | ✅ record_5m done [05:00 → 05:05]
2026-03-26 06:47:55,059 | INFO | ✅ record_5m aggregated [2026-03-24 05:00:00 → 2026-03-24 05:05:00]
2026-03-26 06:47:55,060 | INFO |   ✅ ( 61/288) [05:00 → 05:05]
2026-03-26 06:47:55,105 | INFO | 📊 Aggregating vehicle_pass → record [2026-03-24 05:05:00 → 2026-03-24 05:10:00]
2026-03-26 06:47:55,124 | INFO | ✅ record_5m done [05:05 → 05:10]
2026-03-26 06:47:55,125 | INFO | ✅ record_5m aggregated [2026-03-24 05:05:00 → 2026-03-24 05:10:00]
2026-03-26 06:47:55,125 | INFO |   ✅ ( 62/288) [05:05 → 05:10]
2026-03-26 06:47:55,184 | INFO | 📊 Aggregating vehicle_pass → record [2026-03-24 05:10:00 → 2026-03-24 05:15:00]
2026-03-26 06:47:55,203 | INFO | ✅ record_5m done [05:10 → 05:15]
2026-03-26 06:47:55,204 | INFO | ✅ record_5m aggregated [2026-03-24 05:10:00 → 2026-03-24 05:15:00]
2026-03-26 06:47:55,204 | INFO |   ✅ ( 63/288) [05:10 → 05:15]
2026-03-26 06:47:55,357 | INFO | 📊 Aggregating vehicle_pass → record [2026-03-24 05:15:00 → 2026-03-24 05:20:00]
2026-03-26 06:47:55,378 | INFO | ✅ record_5m done [05:15 → 05:20]
2026-03-26 06:47:55,379 | INFO | ✅ record_5m aggregated [2026-03-24 05:15:00 → 2026-03-24 05:20:00]
2026-03-26 06:47:55,379 | INFO |   ✅ ( 64/288) [05:15 → 05:20]
2026-03-26 06:47:55,424 | INFO | 📊 Aggregating vehicle_pass → record [2026-03-24 05:20:00 → 2026-03-24 05:25:00]
2026-03-26 06:47:55,439 | INFO | ✅ record_5m done [05:20 → 05:25]
2026-03-26 06:47:55,439 | INFO | ✅ record_5m aggregated [2026-03-24 05:20:00 → 2026-03-24 05:25:00]
2026-03-26 06:47:55,440 | INFO |   ✅ ( 65/288) [05:20 → 05:25]
2026-03-26 06:47:55,488 | INFO | 📊 Aggregating vehicle_pass → record [2026-03-24 05:25:00 → 2026-03-24 05:30:00]
2026-03-26 06:47:55,503 | INFO | ✅ record_5m done [05:25 → 05:30]
2026-03-26 06:47:55,504 | INFO | ✅ record_5m aggregated [2026-03-24 05:25:00 → 2026-03-24 05:30:00]
2026-03-26 06:47:55,504 | INFO |   ✅ ( 66/288) [05:25 → 05:30]
2026-03-26 06:47:55,647 | INFO | 📊 Aggregating vehicle_pass → record [2026-03-24 05:30:00 → 2026-03-24 05:35:00]
2026-03-26 06:47:55,669 | INFO | ✅ record_5m done [05:30 → 05:35]
2026-03-26 06:47:55,669 | INFO | ✅ record_5m aggregated [2026-03-24 05:30:00 → 2026-03-24 05:35:00]
2026-03-26 06:47:55,670 | INFO |   ✅ ( 67/288) [05:30 → 05:35]
2026-03-26 06:47:55,723 | INFO | 📊 Aggregating vehicle_pass → record [2026-03-24 05:35:00 → 2026-03-24 05:40:00]
2026-03-26 06:47:55,740 | INFO | ✅ record_5m done [05:35 → 05:40]
2026-03-26 06:47:55,740 | INFO | ✅ record_5m aggregated [2026-03-24 05:35:00 → 2026-03-24 05:40:00]
2026-03-26 06:47:55,741 | INFO |   ✅ ( 68/288) [05:35 → 05:40]
2026-03-26 06:47:55,893 | INFO | 📊 Aggregating vehicle_pass → record [2026-03-24 05:40:00 → 2026-03-24 05:45:00]
2026-03-26 06:47:55,908 | INFO | ✅ record_5m done [05:40 → 05:45]
2026-03-26 06:47:55,908 | INFO | ✅ record_5m aggregated [2026-03-24 05:40:00 → 2026-03-24 05:45:00]
2026-03-26 06:47:55,908 | INFO |   ✅ ( 69/288) [05:40 → 05:45]
2026-03-26 06:47:56,057 | INFO | 📊 Aggregating vehicle_pass → record [2026-03-24 05:45:00 → 2026-03-24 05:50:00]
2026-03-26 06:47:56,080 | INFO | ✅ record_5m done [05:45 → 05:50]
2026-03-26 06:47:56,081 | INFO | ✅ record_5m aggregated [2026-03-24 05:45:00 → 2026-03-24 05:50:00]
2026-03-26 06:47:56,081 | INFO |   ✅ ( 70/288) [05:45 → 05:50]
2026-03-26 06:47:56,225 | INFO | 📊 Aggregating vehicle_pass → record [2026-03-24 05:50:00 → 2026-03-24 05:55:00]
2026-03-26 06:47:56,242 | INFO | ✅ record_5m done [05:50 → 05:55]
2026-03-26 06:47:56,243 | INFO | ✅ record_5m aggregated [2026-03-24 05:50:00 → 2026-03-24 05:55:00]
2026-03-26 06:47:56,244 | INFO |   ✅ ( 71/288) [05:50 → 05:55]
2026-03-26 06:47:56,294 | INFO | 📊 Aggregating vehicle_pass → record [2026-03-24 05:55:00 → 2026-03-24 06:00:00]
2026-03-26 06:47:56,335 | INFO | ✅ record_5m done [05:55 → 06:00]
2026-03-26 06:47:56,335 | INFO | ✅ record_5m aggregated [2026-03-24 05:55:00 → 2026-03-24 06:00:00]
2026-03-26 06:47:56,336 | INFO |   ✅ ( 72/288) [05:55 → 06:00]
2026-03-26 06:47:56,409 | INFO | 📊 Aggregating vehicle_pass → record [2026-03-24 06:00:00 → 2026-03-24 06:05:00]
2026-03-26 06:47:56,433 | INFO | ✅ record_5m done [06:00 → 06:05]
2026-03-26 06:47:56,433 | INFO | ✅ record_5m aggregated [2026-03-24 06:00:00 → 2026-03-24 06:05:00]
2026-03-26 06:47:56,434 | INFO |   ✅ ( 73/288) [06:00 → 06:05]
2026-03-26 06:47:56,499 | INFO | 📊 Aggregating vehicle_pass → record [2026-03-24 06:05:00 → 2026-03-24 06:10:00]
2026-03-26 06:47:56,523 | INFO | ✅ record_5m done [06:05 → 06:10]
2026-03-26 06:47:56,524 | INFO | ✅ record_5m aggregated [2026-03-24 06:05:00 → 2026-03-24 06:10:00]
2026-03-26 06:47:56,524 | INFO |   ✅ ( 74/288) [06:05 → 06:10]
2026-03-26 06:47:56,574 | INFO | 📊 Aggregating vehicle_pass → record [2026-03-24 06:10:00 → 2026-03-24 06:15:00]
2026-03-26 06:47:56,592 | INFO | ✅ record_5m done [06:10 → 06:15]
2026-03-26 06:47:56,594 | INFO | ✅ record_5m aggregated [2026-03-24 06:10:00 → 2026-03-24 06:15:00]
2026-03-26 06:47:56,595 | INFO |   ✅ ( 75/288) [06:10 → 06:15]
2026-03-26 06:47:56,756 | INFO | 📊 Aggregating vehicle_pass → record [2026-03-24 06:15:00 → 2026-03-24 06:20:00]
2026-03-26 06:47:56,777 | INFO | ✅ record_5m done [06:15 → 06:20]
2026-03-26 06:47:56,778 | INFO | ✅ record_5m aggregated [2026-03-24 06:15:00 → 2026-03-24 06:20:00]
2026-03-26 06:47:56,779 | INFO |   ✅ ( 76/288) [06:15 → 06:20]
2026-03-26 06:47:56,837 | INFO | 📊 Aggregating vehicle_pass → record [2026-03-24 06:20:00 → 2026-03-24 06:25:00]
2026-03-26 06:47:56,861 | INFO | ✅ record_5m done [06:20 → 06:25]
2026-03-26 06:47:56,862 | INFO | ✅ record_5m aggregated [2026-03-24 06:20:00 → 2026-03-24 06:25:00]
2026-03-26 06:47:56,863 | INFO |   ✅ ( 77/288) [06:20 → 06:25]
2026-03-26 06:47:57,032 | INFO | 📊 Aggregating vehicle_pass → record [2026-03-24 06:25:00 → 2026-03-24 06:30:00]
2026-03-26 06:47:57,068 | INFO | ✅ record_5m done [06:25 → 06:30]
2026-03-26 06:47:57,068 | INFO | ✅ record_5m aggregated [2026-03-24 06:25:00 → 2026-03-24 06:30:00]
2026-03-26 06:47:57,069 | INFO |   ✅ ( 78/288) [06:25 → 06:30]
2026-03-26 06:47:57,229 | INFO | 📊 Aggregating vehicle_pass → record [2026-03-24 06:30:00 → 2026-03-24 06:35:00]
2026-03-26 06:47:57,249 | INFO | ✅ record_5m done [06:30 → 06:35]
2026-03-26 06:47:57,250 | INFO | ✅ record_5m aggregated [2026-03-24 06:30:00 → 2026-03-24 06:35:00]
2026-03-26 06:47:57,250 | INFO |   ✅ ( 79/288) [06:30 → 06:35]
2026-03-26 06:47:57,309 | INFO | 📊 Aggregating vehicle_pass → record [2026-03-24 06:35:00 → 2026-03-24 06:40:00]
2026-03-26 06:47:57,341 | INFO | ✅ record_5m done [06:35 → 06:40]
2026-03-26 06:47:57,342 | INFO | ✅ record_5m aggregated [2026-03-24 06:35:00 → 2026-03-24 06:40:00]
2026-03-26 06:47:57,342 | INFO |   ✅ ( 80/288) [06:35 → 06:40]
2026-03-26 06:47:57,413 | INFO | 📊 Aggregating vehicle_pass → record [2026-03-24 06:40:00 → 2026-03-24 06:45:00]
2026-03-26 06:47:57,433 | INFO | ✅ record_5m done [06:40 → 06:45]
2026-03-26 06:47:57,434 | INFO | ✅ record_5m aggregated [2026-03-24 06:40:00 → 2026-03-24 06:45:00]
2026-03-26 06:47:57,434 | INFO |   ✅ ( 81/288) [06:40 → 06:45]
2026-03-26 06:47:57,589 | INFO | 📊 Aggregating vehicle_pass → record [2026-03-24 06:45:00 → 2026-03-24 06:50:00]
2026-03-26 06:47:57,605 | INFO | ✅ record_5m done [06:45 → 06:50]
2026-03-26 06:47:57,606 | INFO | ✅ record_5m aggregated [2026-03-24 06:45:00 → 2026-03-24 06:50:00]
2026-03-26 06:47:57,606 | INFO |   ✅ ( 82/288) [06:45 → 06:50]
2026-03-26 06:47:57,680 | INFO | 📊 Aggregating vehicle_pass → record [2026-03-24 06:50:00 → 2026-03-24 06:55:00]
2026-03-26 06:47:57,711 | INFO | ✅ record_5m done [06:50 → 06:55]
2026-03-26 06:47:57,713 | INFO | ✅ record_5m aggregated [2026-03-24 06:50:00 → 2026-03-24 06:55:00]
2026-03-26 06:47:57,714 | INFO |   ✅ ( 83/288) [06:50 → 06:55]
2026-03-26 06:47:57,781 | INFO | 📊 Aggregating vehicle_pass → record [2026-03-24 06:55:00 → 2026-03-24 07:00:00]
2026-03-26 06:47:57,821 | INFO | ✅ record_5m done [06:55 → 07:00]
2026-03-26 06:47:57,822 | INFO | ✅ record_5m aggregated [2026-03-24 06:55:00 → 2026-03-24 07:00:00]
2026-03-26 06:47:57,822 | INFO |   ✅ ( 84/288) [06:55 → 07:00]
2026-03-26 06:47:57,878 | INFO | 📊 Aggregating vehicle_pass → record [2026-03-24 07:00:00 → 2026-03-24 07:05:00]
2026-03-26 06:47:57,905 | INFO | ✅ record_5m done [07:00 → 07:05]
2026-03-26 06:47:57,906 | INFO | ✅ record_5m aggregated [2026-03-24 07:00:00 → 2026-03-24 07:05:00]
2026-03-26 06:47:57,906 | INFO |   ✅ ( 85/288) [07:00 → 07:05]
2026-03-26 06:47:58,064 | INFO | 📊 Aggregating vehicle_pass → record [2026-03-24 07:05:00 → 2026-03-24 07:10:00]
2026-03-26 06:47:58,084 | INFO | ✅ record_5m done [07:05 → 07:10]
2026-03-26 06:47:58,085 | INFO | ✅ record_5m aggregated [2026-03-24 07:05:00 → 2026-03-24 07:10:00]
2026-03-26 06:47:58,085 | INFO |   ✅ ( 86/288) [07:05 → 07:10]
2026-03-26 06:47:58,138 | INFO | 📊 Aggregating vehicle_pass → record [2026-03-24 07:10:00 → 2026-03-24 07:15:00]
2026-03-26 06:47:58,170 | INFO | ✅ record_5m done [07:10 → 07:15]
2026-03-26 06:47:58,171 | INFO | ✅ record_5m aggregated [2026-03-24 07:10:00 → 2026-03-24 07:15:00]
2026-03-26 06:47:58,171 | INFO |   ✅ ( 87/288) [07:10 → 07:15]
2026-03-26 06:47:58,224 | INFO | 📊 Aggregating vehicle_pass → record [2026-03-24 07:15:00 → 2026-03-24 07:20:00]
2026-03-26 06:47:58,246 | INFO | ✅ record_5m done [07:15 → 07:20]
2026-03-26 06:47:58,247 | INFO | ✅ record_5m aggregated [2026-03-24 07:15:00 → 2026-03-24 07:20:00]
2026-03-26 06:47:58,247 | INFO |   ✅ ( 88/288) [07:15 → 07:20]
2026-03-26 06:47:58,401 | INFO | 📊 Aggregating vehicle_pass → record [2026-03-24 07:20:00 → 2026-03-24 07:25:00]
2026-03-26 06:47:58,420 | INFO | ✅ record_5m done [07:20 → 07:25]
2026-03-26 06:47:58,421 | INFO | ✅ record_5m aggregated [2026-03-24 07:20:00 → 2026-03-24 07:25:00]
2026-03-26 06:47:58,422 | INFO |   ✅ ( 89/288) [07:20 → 07:25]
2026-03-26 06:47:58,480 | INFO | 📊 Aggregating vehicle_pass → record [2026-03-24 07:25:00 → 2026-03-24 07:30:00]
2026-03-26 06:47:58,500 | INFO | ✅ record_5m done [07:25 → 07:30]
2026-03-26 06:47:58,501 | INFO | ✅ record_5m aggregated [2026-03-24 07:25:00 → 2026-03-24 07:30:00]
2026-03-26 06:47:58,501 | INFO |   ✅ ( 90/288) [07:25 → 07:30]
2026-03-26 06:47:58,552 | INFO | 📊 Aggregating vehicle_pass → record [2026-03-24 07:30:00 → 2026-03-24 07:35:00]
2026-03-26 06:47:58,570 | INFO | ✅ record_5m done [07:30 → 07:35]
2026-03-26 06:47:58,571 | INFO | ✅ record_5m aggregated [2026-03-24 07:30:00 → 2026-03-24 07:35:00]
2026-03-26 06:47:58,571 | INFO |   ✅ ( 91/288) [07:30 → 07:35]
2026-03-26 06:47:58,722 | INFO | 📊 Aggregating vehicle_pass → record [2026-03-24 07:35:00 → 2026-03-24 07:40:00]
2026-03-26 06:47:58,750 | INFO | ✅ record_5m done [07:35 → 07:40]
2026-03-26 06:47:58,750 | INFO | ✅ record_5m aggregated [2026-03-24 07:35:00 → 2026-03-24 07:40:00]
2026-03-26 06:47:58,751 | INFO |   ✅ ( 92/288) [07:35 → 07:40]
2026-03-26 06:47:58,806 | INFO | 📊 Aggregating vehicle_pass → record [2026-03-24 07:40:00 → 2026-03-24 07:45:00]
2026-03-26 06:47:58,832 | INFO | ✅ record_5m done [07:40 → 07:45]
2026-03-26 06:47:58,833 | INFO | ✅ record_5m aggregated [2026-03-24 07:40:00 → 2026-03-24 07:45:00]
2026-03-26 06:47:58,833 | INFO |   ✅ ( 93/288) [07:40 → 07:45]
2026-03-26 06:47:58,887 | INFO | 📊 Aggregating vehicle_pass → record [2026-03-24 07:45:00 → 2026-03-24 07:50:00]
2026-03-26 06:47:58,905 | INFO | ✅ record_5m done [07:45 → 07:50]
2026-03-26 06:47:58,906 | INFO | ✅ record_5m aggregated [2026-03-24 07:45:00 → 2026-03-24 07:50:00]
2026-03-26 06:47:58,906 | INFO |   ✅ ( 94/288) [07:45 → 07:50]
2026-03-26 06:47:59,056 | INFO | 📊 Aggregating vehicle_pass → record [2026-03-24 07:50:00 → 2026-03-24 07:55:00]
2026-03-26 06:47:59,075 | INFO | ✅ record_5m done [07:50 → 07:55]
2026-03-26 06:47:59,076 | INFO | ✅ record_5m aggregated [2026-03-24 07:50:00 → 2026-03-24 07:55:00]
2026-03-26 06:47:59,077 | INFO |   ✅ ( 95/288) [07:50 → 07:55]
2026-03-26 06:47:59,133 | INFO | 📊 Aggregating vehicle_pass → record [2026-03-24 07:55:00 → 2026-03-24 08:00:00]
2026-03-26 06:47:59,156 | INFO | ✅ record_5m done [07:55 → 08:00]
2026-03-26 06:47:59,157 | INFO | ✅ record_5m aggregated [2026-03-24 07:55:00 → 2026-03-24 08:00:00]
2026-03-26 06:47:59,158 | INFO |   ✅ ( 96/288) [07:55 → 08:00]
2026-03-26 06:47:59,227 | INFO | 📊 Aggregating vehicle_pass → record [2026-03-24 08:00:00 → 2026-03-24 08:05:00]
2026-03-26 06:47:59,246 | INFO | ✅ record_5m done [08:00 → 08:05]
2026-03-26 06:47:59,247 | INFO | ✅ record_5m aggregated [2026-03-24 08:00:00 → 2026-03-24 08:05:00]
2026-03-26 06:47:59,248 | INFO |   ✅ ( 97/288) [08:00 → 08:05]
2026-03-26 06:47:59,297 | INFO | 📊 Aggregating vehicle_pass → record [2026-03-24 08:05:00 → 2026-03-24 08:10:00]
2026-03-26 06:47:59,316 | INFO | ✅ record_5m done [08:05 → 08:10]
2026-03-26 06:47:59,317 | INFO | ✅ record_5m aggregated [2026-03-24 08:05:00 → 2026-03-24 08:10:00]
2026-03-26 06:47:59,317 | INFO |   ✅ ( 98/288) [08:05 → 08:10]
2026-03-26 06:47:59,373 | INFO | 📊 Aggregating vehicle_pass → record [2026-03-24 08:10:00 → 2026-03-24 08:15:00]
2026-03-26 06:47:59,393 | INFO | ✅ record_5m done [08:10 → 08:15]
2026-03-26 06:47:59,393 | INFO | ✅ record_5m aggregated [2026-03-24 08:10:00 → 2026-03-24 08:15:00]
2026-03-26 06:47:59,394 | INFO |   ✅ ( 99/288) [08:10 → 08:15]
2026-03-26 06:47:59,457 | INFO | 📊 Aggregating vehicle_pass → record [2026-03-24 08:15:00 → 2026-03-24 08:20:00]
2026-03-26 06:47:59,477 | INFO | ✅ record_5m done [08:15 → 08:20]
2026-03-26 06:47:59,477 | INFO | ✅ record_5m aggregated [2026-03-24 08:15:00 → 2026-03-24 08:20:00]
2026-03-26 06:47:59,478 | INFO |   ✅ (100/288) [08:15 → 08:20]
2026-03-26 06:47:59,531 | INFO | 📊 Aggregating vehicle_pass → record [2026-03-24 08:20:00 → 2026-03-24 08:25:00]
2026-03-26 06:47:59,548 | INFO | ✅ record_5m done [08:20 → 08:25]
2026-03-26 06:47:59,549 | INFO | ✅ record_5m aggregated [2026-03-24 08:20:00 → 2026-03-24 08:25:00]
2026-03-26 06:47:59,549 | INFO |   ✅ (101/288) [08:20 → 08:25]
2026-03-26 06:47:59,602 | INFO | 📊 Aggregating vehicle_pass → record [2026-03-24 08:25:00 → 2026-03-24 08:30:00]
2026-03-26 06:47:59,625 | INFO | ✅ record_5m done [08:25 → 08:30]
2026-03-26 06:47:59,626 | INFO | ✅ record_5m aggregated [2026-03-24 08:25:00 → 2026-03-24 08:30:00]
2026-03-26 06:47:59,626 | INFO |   ✅ (102/288) [08:25 → 08:30]
2026-03-26 06:47:59,783 | INFO | 📊 Aggregating vehicle_pass → record [2026-03-24 08:30:00 → 2026-03-24 08:35:00]
2026-03-26 06:47:59,804 | INFO | ✅ record_5m done [08:30 → 08:35]
2026-03-26 06:47:59,804 | INFO | ✅ record_5m aggregated [2026-03-24 08:30:00 → 2026-03-24 08:35:00]
2026-03-26 06:47:59,805 | INFO |   ✅ (103/288) [08:30 → 08:35]
2026-03-26 06:47:59,960 | INFO | 📊 Aggregating vehicle_pass → record [2026-03-24 08:35:00 → 2026-03-24 08:40:00]
2026-03-26 06:47:59,982 | INFO | ✅ record_5m done [08:35 → 08:40]
2026-03-26 06:47:59,983 | INFO | ✅ record_5m aggregated [2026-03-24 08:35:00 → 2026-03-24 08:40:00]
2026-03-26 06:47:59,984 | INFO |   ✅ (104/288) [08:35 → 08:40]
2026-03-26 06:48:00,130 | INFO | 📊 Aggregating vehicle_pass → record [2026-03-24 08:40:00 → 2026-03-24 08:45:00]
2026-03-26 06:48:00,149 | INFO | ✅ record_5m done [08:40 → 08:45]
2026-03-26 06:48:00,150 | INFO | ✅ record_5m aggregated [2026-03-24 08:40:00 → 2026-03-24 08:45:00]
2026-03-26 06:48:00,150 | INFO |   ✅ (105/288) [08:40 → 08:45]
2026-03-26 06:48:00,203 | INFO | 📊 Aggregating vehicle_pass → record [2026-03-24 08:45:00 → 2026-03-24 08:50:00]
2026-03-26 06:48:00,230 | INFO | ✅ record_5m done [08:45 → 08:50]
2026-03-26 06:48:00,231 | INFO | ✅ record_5m aggregated [2026-03-24 08:45:00 → 2026-03-24 08:50:00]
2026-03-26 06:48:00,231 | INFO |   ✅ (106/288) [08:45 → 08:50]
2026-03-26 06:48:00,289 | INFO | 📊 Aggregating vehicle_pass → record [2026-03-24 08:50:00 → 2026-03-24 08:55:00]
2026-03-26 06:48:00,317 | INFO | ✅ record_5m done [08:50 → 08:55]
2026-03-26 06:48:00,317 | INFO | ✅ record_5m aggregated [2026-03-24 08:50:00 → 2026-03-24 08:55:00]
2026-03-26 06:48:00,318 | INFO |   ✅ (107/288) [08:50 → 08:55]
2026-03-26 06:48:00,378 | INFO | 📊 Aggregating vehicle_pass → record [2026-03-24 08:55:00 → 2026-03-24 09:00:00]
2026-03-26 06:48:00,411 | INFO | ✅ record_5m done [08:55 → 09:00]
2026-03-26 06:48:00,413 | INFO | ✅ record_5m aggregated [2026-03-24 08:55:00 → 2026-03-24 09:00:00]
2026-03-26 06:48:00,413 | INFO |   ✅ (108/288) [08:55 → 09:00]
2026-03-26 06:48:00,568 | INFO | 📊 Aggregating vehicle_pass → record [2026-03-24 09:00:00 → 2026-03-24 09:05:00]
2026-03-26 06:48:00,589 | INFO | ✅ record_5m done [09:00 → 09:05]
2026-03-26 06:48:00,589 | INFO | ✅ record_5m aggregated [2026-03-24 09:00:00 → 2026-03-24 09:05:00]
2026-03-26 06:48:00,590 | INFO |   ✅ (109/288) [09:00 → 09:05]
2026-03-26 06:48:00,641 | INFO | 📊 Aggregating vehicle_pass → record [2026-03-24 09:05:00 → 2026-03-24 09:10:00]
2026-03-26 06:48:00,659 | INFO | ✅ record_5m done [09:05 → 09:10]
2026-03-26 06:48:00,660 | INFO | ✅ record_5m aggregated [2026-03-24 09:05:00 → 2026-03-24 09:10:00]
2026-03-26 06:48:00,661 | INFO |   ✅ (110/288) [09:05 → 09:10]
2026-03-26 06:48:00,711 | INFO | 📊 Aggregating vehicle_pass → record [2026-03-24 09:10:00 → 2026-03-24 09:15:00]
2026-03-26 06:48:00,727 | INFO | ✅ record_5m done [09:10 → 09:15]
2026-03-26 06:48:00,728 | INFO | ✅ record_5m aggregated [2026-03-24 09:10:00 → 2026-03-24 09:15:00]
2026-03-26 06:48:00,728 | INFO |   ✅ (111/288) [09:10 → 09:15]
2026-03-26 06:48:00,776 | INFO | 📊 Aggregating vehicle_pass → record [2026-03-24 09:15:00 → 2026-03-24 09:20:00]
2026-03-26 06:48:00,797 | INFO | ✅ record_5m done [09:15 → 09:20]
2026-03-26 06:48:00,797 | INFO | ✅ record_5m aggregated [2026-03-24 09:15:00 → 2026-03-24 09:20:00]
2026-03-26 06:48:00,798 | INFO |   ✅ (112/288) [09:15 → 09:20]
2026-03-26 06:48:00,848 | INFO | 📊 Aggregating vehicle_pass → record [2026-03-24 09:20:00 → 2026-03-24 09:25:00]
2026-03-26 06:48:00,869 | INFO | ✅ record_5m done [09:20 → 09:25]
2026-03-26 06:48:00,870 | INFO | ✅ record_5m aggregated [2026-03-24 09:20:00 → 2026-03-24 09:25:00]
2026-03-26 06:48:00,870 | INFO |   ✅ (113/288) [09:20 → 09:25]
2026-03-26 06:48:00,922 | INFO | 📊 Aggregating vehicle_pass → record [2026-03-24 09:25:00 → 2026-03-24 09:30:00]
2026-03-26 06:48:00,947 | INFO | ✅ record_5m done [09:25 → 09:30]
2026-03-26 06:48:00,948 | INFO | ✅ record_5m aggregated [2026-03-24 09:25:00 → 2026-03-24 09:30:00]
2026-03-26 06:48:00,948 | INFO |   ✅ (114/288) [09:25 → 09:30]
2026-03-26 06:48:01,003 | INFO | 📊 Aggregating vehicle_pass → record [2026-03-24 09:30:00 → 2026-03-24 09:35:00]
2026-03-26 06:48:01,023 | INFO | ✅ record_5m done [09:30 → 09:35]
2026-03-26 06:48:01,023 | INFO | ✅ record_5m aggregated [2026-03-24 09:30:00 → 2026-03-24 09:35:00]
2026-03-26 06:48:01,024 | INFO |   ✅ (115/288) [09:30 → 09:35]
2026-03-26 06:48:01,077 | INFO | 📊 Aggregating vehicle_pass → record [2026-03-24 09:35:00 → 2026-03-24 09:40:00]
2026-03-26 06:48:01,094 | INFO | ✅ record_5m done [09:35 → 09:40]
2026-03-26 06:48:01,094 | INFO | ✅ record_5m aggregated [2026-03-24 09:35:00 → 2026-03-24 09:40:00]
2026-03-26 06:48:01,095 | INFO |   ✅ (116/288) [09:35 → 09:40]
2026-03-26 06:48:01,141 | INFO | 📊 Aggregating vehicle_pass → record [2026-03-24 09:40:00 → 2026-03-24 09:45:00]
2026-03-26 06:48:01,159 | INFO | ✅ record_5m done [09:40 → 09:45]
2026-03-26 06:48:01,160 | INFO | ✅ record_5m aggregated [2026-03-24 09:40:00 → 2026-03-24 09:45:00]
2026-03-26 06:48:01,160 | INFO |   ✅ (117/288) [09:40 → 09:45]
2026-03-26 06:48:01,208 | INFO | 📊 Aggregating vehicle_pass → record [2026-03-24 09:45:00 → 2026-03-24 09:50:00]
2026-03-26 06:48:01,233 | INFO | ✅ record_5m done [09:45 → 09:50]
2026-03-26 06:48:01,234 | INFO | ✅ record_5m aggregated [2026-03-24 09:45:00 → 2026-03-24 09:50:00]
2026-03-26 06:48:01,234 | INFO |   ✅ (118/288) [09:45 → 09:50]
2026-03-26 06:48:01,286 | INFO | 📊 Aggregating vehicle_pass → record [2026-03-24 09:50:00 → 2026-03-24 09:55:00]
2026-03-26 06:48:01,307 | INFO | ✅ record_5m done [09:50 → 09:55]
2026-03-26 06:48:01,308 | INFO | ✅ record_5m aggregated [2026-03-24 09:50:00 → 2026-03-24 09:55:00]
2026-03-26 06:48:01,308 | INFO |   ✅ (119/288) [09:50 → 09:55]
2026-03-26 06:48:01,365 | INFO | 📊 Aggregating vehicle_pass → record [2026-03-24 09:55:00 → 2026-03-24 10:00:00]
2026-03-26 06:48:01,382 | INFO | ✅ record_5m done [09:55 → 10:00]
2026-03-26 06:48:01,383 | INFO | ✅ record_5m aggregated [2026-03-24 09:55:00 → 2026-03-24 10:00:00]
2026-03-26 06:48:01,383 | INFO |   ✅ (120/288) [09:55 → 10:00]
2026-03-26 06:48:01,533 | INFO | 📊 Aggregating vehicle_pass → record [2026-03-24 10:00:00 → 2026-03-24 10:05:00]
2026-03-26 06:48:01,551 | INFO | ✅ record_5m done [10:00 → 10:05]
2026-03-26 06:48:01,552 | INFO | ✅ record_5m aggregated [2026-03-24 10:00:00 → 2026-03-24 10:05:00]
2026-03-26 06:48:01,552 | INFO |   ✅ (121/288) [10:00 → 10:05]
2026-03-26 06:48:01,603 | INFO | 📊 Aggregating vehicle_pass → record [2026-03-24 10:05:00 → 2026-03-24 10:10:00]
2026-03-26 06:48:01,623 | INFO | ✅ record_5m done [10:05 → 10:10]
2026-03-26 06:48:01,624 | INFO | ✅ record_5m aggregated [2026-03-24 10:05:00 → 2026-03-24 10:10:00]
2026-03-26 06:48:01,624 | INFO |   ✅ (122/288) [10:05 → 10:10]
2026-03-26 06:48:01,674 | INFO | 📊 Aggregating vehicle_pass → record [2026-03-24 10:10:00 → 2026-03-24 10:15:00]
2026-03-26 06:48:01,692 | INFO | ✅ record_5m done [10:10 → 10:15]
2026-03-26 06:48:01,692 | INFO | ✅ record_5m aggregated [2026-03-24 10:10:00 → 2026-03-24 10:15:00]
2026-03-26 06:48:01,693 | INFO |   ✅ (123/288) [10:10 → 10:15]
2026-03-26 06:48:01,850 | INFO | 📊 Aggregating vehicle_pass → record [2026-03-24 10:15:00 → 2026-03-24 10:20:00]
2026-03-26 06:48:01,871 | INFO | ✅ record_5m done [10:15 → 10:20]
2026-03-26 06:48:01,872 | INFO | ✅ record_5m aggregated [2026-03-24 10:15:00 → 2026-03-24 10:20:00]
2026-03-26 06:48:01,872 | INFO |   ✅ (124/288) [10:15 → 10:20]
2026-03-26 06:48:01,918 | INFO | 📊 Aggregating vehicle_pass → record [2026-03-24 10:20:00 → 2026-03-24 10:25:00]
2026-03-26 06:48:01,943 | INFO | ✅ record_5m done [10:20 → 10:25]
2026-03-26 06:48:01,943 | INFO | ✅ record_5m aggregated [2026-03-24 10:20:00 → 2026-03-24 10:25:00]
2026-03-26 06:48:01,944 | INFO |   ✅ (125/288) [10:20 → 10:25]
2026-03-26 06:48:02,002 | INFO | 📊 Aggregating vehicle_pass → record [2026-03-24 10:25:00 → 2026-03-24 10:30:00]
2026-03-26 06:48:02,032 | INFO | ✅ record_5m done [10:25 → 10:30]
2026-03-26 06:48:02,032 | INFO | ✅ record_5m aggregated [2026-03-24 10:25:00 → 2026-03-24 10:30:00]
2026-03-26 06:48:02,033 | INFO |   ✅ (126/288) [10:25 → 10:30]
2026-03-26 06:48:02,082 | INFO | 📊 Aggregating vehicle_pass → record [2026-03-24 10:30:00 → 2026-03-24 10:35:00]
2026-03-26 06:48:02,100 | INFO | ✅ record_5m done [10:30 → 10:35]
2026-03-26 06:48:02,100 | INFO | ✅ record_5m aggregated [2026-03-24 10:30:00 → 2026-03-24 10:35:00]
2026-03-26 06:48:02,100 | INFO |   ✅ (127/288) [10:30 → 10:35]
2026-03-26 06:48:02,156 | INFO | 📊 Aggregating vehicle_pass → record [2026-03-24 10:35:00 → 2026-03-24 10:40:00]
2026-03-26 06:48:02,178 | INFO | ✅ record_5m done [10:35 → 10:40]
2026-03-26 06:48:02,179 | INFO | ✅ record_5m aggregated [2026-03-24 10:35:00 → 2026-03-24 10:40:00]
2026-03-26 06:48:02,180 | INFO |   ✅ (128/288) [10:35 → 10:40]
2026-03-26 06:48:02,231 | INFO | 📊 Aggregating vehicle_pass → record [2026-03-24 10:40:00 → 2026-03-24 10:45:00]
2026-03-26 06:48:02,252 | INFO | ✅ record_5m done [10:40 → 10:45]
2026-03-26 06:48:02,253 | INFO | ✅ record_5m aggregated [2026-03-24 10:40:00 → 2026-03-24 10:45:00]
2026-03-26 06:48:02,254 | INFO |   ✅ (129/288) [10:40 → 10:45]
2026-03-26 06:48:02,401 | INFO | 📊 Aggregating vehicle_pass → record [2026-03-24 10:45:00 → 2026-03-24 10:50:00]
2026-03-26 06:48:02,421 | INFO | ✅ record_5m done [10:45 → 10:50]
2026-03-26 06:48:02,421 | INFO | ✅ record_5m aggregated [2026-03-24 10:45:00 → 2026-03-24 10:50:00]
2026-03-26 06:48:02,421 | INFO |   ✅ (130/288) [10:45 → 10:50]
2026-03-26 06:48:02,476 | INFO | 📊 Aggregating vehicle_pass → record [2026-03-24 10:50:00 → 2026-03-24 10:55:00]
2026-03-26 06:48:02,500 | INFO | ✅ record_5m done [10:50 → 10:55]
2026-03-26 06:48:02,500 | INFO | ✅ record_5m aggregated [2026-03-24 10:50:00 → 2026-03-24 10:55:00]
2026-03-26 06:48:02,501 | INFO |   ✅ (131/288) [10:50 → 10:55]
2026-03-26 06:48:02,550 | INFO | 📊 Aggregating vehicle_pass → record [2026-03-24 10:55:00 → 2026-03-24 11:00:00]
2026-03-26 06:48:02,568 | INFO | ✅ record_5m done [10:55 → 11:00]
2026-03-26 06:48:02,568 | INFO | ✅ record_5m aggregated [2026-03-24 10:55:00 → 2026-03-24 11:00:00]
2026-03-26 06:48:02,569 | INFO |   ✅ (132/288) [10:55 → 11:00]
2026-03-26 06:48:02,619 | INFO | 📊 Aggregating vehicle_pass → record [2026-03-24 11:00:00 → 2026-03-24 11:05:00]
2026-03-26 06:48:02,635 | INFO | ✅ record_5m done [11:00 → 11:05]
2026-03-26 06:48:02,636 | INFO | ✅ record_5m aggregated [2026-03-24 11:00:00 → 2026-03-24 11:05:00]
2026-03-26 06:48:02,637 | INFO |   ✅ (133/288) [11:00 → 11:05]
2026-03-26 06:48:02,693 | INFO | 📊 Aggregating vehicle_pass → record [2026-03-24 11:05:00 → 2026-03-24 11:10:00]
2026-03-26 06:48:02,717 | INFO | ✅ record_5m done [11:05 → 11:10]
2026-03-26 06:48:02,717 | INFO | ✅ record_5m aggregated [2026-03-24 11:05:00 → 2026-03-24 11:10:00]
2026-03-26 06:48:02,718 | INFO |   ✅ (134/288) [11:05 → 11:10]
2026-03-26 06:48:02,871 | INFO | 📊 Aggregating vehicle_pass → record [2026-03-24 11:10:00 → 2026-03-24 11:15:00]
2026-03-26 06:48:02,892 | INFO | ✅ record_5m done [11:10 → 11:15]
2026-03-26 06:48:02,893 | INFO | ✅ record_5m aggregated [2026-03-24 11:10:00 → 2026-03-24 11:15:00]
2026-03-26 06:48:02,893 | INFO |   ✅ (135/288) [11:10 → 11:15]
2026-03-26 06:48:02,945 | INFO | 📊 Aggregating vehicle_pass → record [2026-03-24 11:15:00 → 2026-03-24 11:20:00]
2026-03-26 06:48:02,963 | INFO | ✅ record_5m done [11:15 → 11:20]
2026-03-26 06:48:02,963 | INFO | ✅ record_5m aggregated [2026-03-24 11:15:00 → 2026-03-24 11:20:00]
2026-03-26 06:48:02,964 | INFO |   ✅ (136/288) [11:15 → 11:20]
2026-03-26 06:48:03,014 | INFO | 📊 Aggregating vehicle_pass → record [2026-03-24 11:20:00 → 2026-03-24 11:25:00]
2026-03-26 06:48:03,036 | INFO | ✅ record_5m done [11:20 → 11:25]
2026-03-26 06:48:03,036 | INFO | ✅ record_5m aggregated [2026-03-24 11:20:00 → 2026-03-24 11:25:00]
2026-03-26 06:48:03,037 | INFO |   ✅ (137/288) [11:20 → 11:25]
2026-03-26 06:48:03,085 | INFO | 📊 Aggregating vehicle_pass → record [2026-03-24 11:25:00 → 2026-03-24 11:30:00]
2026-03-26 06:48:03,102 | INFO | ✅ record_5m done [11:25 → 11:30]
2026-03-26 06:48:03,102 | INFO | ✅ record_5m aggregated [2026-03-24 11:25:00 → 2026-03-24 11:30:00]
2026-03-26 06:48:03,103 | INFO |   ✅ (138/288) [11:25 → 11:30]
2026-03-26 06:48:03,259 | INFO | 📊 Aggregating vehicle_pass → record [2026-03-24 11:30:00 → 2026-03-24 11:35:00]
2026-03-26 06:48:03,278 | INFO | ✅ record_5m done [11:30 → 11:35]
2026-03-26 06:48:03,278 | INFO | ✅ record_5m aggregated [2026-03-24 11:30:00 → 2026-03-24 11:35:00]
2026-03-26 06:48:03,279 | INFO |   ✅ (139/288) [11:30 → 11:35]
2026-03-26 06:48:03,332 | INFO | 📊 Aggregating vehicle_pass → record [2026-03-24 11:35:00 → 2026-03-24 11:40:00]
2026-03-26 06:48:03,352 | INFO | ✅ record_5m done [11:35 → 11:40]
2026-03-26 06:48:03,352 | INFO | ✅ record_5m aggregated [2026-03-24 11:35:00 → 2026-03-24 11:40:00]
2026-03-26 06:48:03,353 | INFO |   ✅ (140/288) [11:35 → 11:40]
2026-03-26 06:48:03,503 | INFO | 📊 Aggregating vehicle_pass → record [2026-03-24 11:40:00 → 2026-03-24 11:45:00]
2026-03-26 06:48:03,529 | INFO | ✅ record_5m done [11:40 → 11:45]
2026-03-26 06:48:03,529 | INFO | ✅ record_5m aggregated [2026-03-24 11:40:00 → 2026-03-24 11:45:00]
2026-03-26 06:48:03,530 | INFO |   ✅ (141/288) [11:40 → 11:45]
2026-03-26 06:48:03,689 | INFO | 📊 Aggregating vehicle_pass → record [2026-03-24 11:45:00 → 2026-03-24 11:50:00]
2026-03-26 06:48:03,705 | INFO | ✅ record_5m done [11:45 → 11:50]
2026-03-26 06:48:03,705 | INFO | ✅ record_5m aggregated [2026-03-24 11:45:00 → 2026-03-24 11:50:00]
2026-03-26 06:48:03,706 | INFO |   ✅ (142/288) [11:45 → 11:50]
2026-03-26 06:48:03,755 | INFO | 📊 Aggregating vehicle_pass → record [2026-03-24 11:50:00 → 2026-03-24 11:55:00]
2026-03-26 06:48:03,780 | INFO | ✅ record_5m done [11:50 → 11:55]
2026-03-26 06:48:03,781 | INFO | ✅ record_5m aggregated [2026-03-24 11:50:00 → 2026-03-24 11:55:00]
2026-03-26 06:48:03,781 | INFO |   ✅ (143/288) [11:50 → 11:55]
2026-03-26 06:48:03,834 | INFO | 📊 Aggregating vehicle_pass → record [2026-03-24 11:55:00 → 2026-03-24 12:00:00]
2026-03-26 06:48:03,862 | INFO | ✅ record_5m done [11:55 → 12:00]
2026-03-26 06:48:03,863 | INFO | ✅ record_5m aggregated [2026-03-24 11:55:00 → 2026-03-24 12:00:00]
2026-03-26 06:48:03,863 | INFO |   ✅ (144/288) [11:55 → 12:00]
2026-03-26 06:48:03,919 | INFO | 📊 Aggregating vehicle_pass → record [2026-03-24 12:00:00 → 2026-03-24 12:05:00]
2026-03-26 06:48:03,939 | INFO | ✅ record_5m done [12:00 → 12:05]
2026-03-26 06:48:03,939 | INFO | ✅ record_5m aggregated [2026-03-24 12:00:00 → 2026-03-24 12:05:00]
2026-03-26 06:48:03,940 | INFO |   ✅ (145/288) [12:00 → 12:05]
2026-03-26 06:48:04,095 | INFO | 📊 Aggregating vehicle_pass → record [2026-03-24 12:05:00 → 2026-03-24 12:10:00]
2026-03-26 06:48:04,118 | INFO | ✅ record_5m done [12:05 → 12:10]
2026-03-26 06:48:04,119 | INFO | ✅ record_5m aggregated [2026-03-24 12:05:00 → 2026-03-24 12:10:00]
2026-03-26 06:48:04,119 | INFO |   ✅ (146/288) [12:05 → 12:10]
2026-03-26 06:48:04,173 | INFO | 📊 Aggregating vehicle_pass → record [2026-03-24 12:10:00 → 2026-03-24 12:15:00]
2026-03-26 06:48:04,190 | INFO | ✅ record_5m done [12:10 → 12:15]
2026-03-26 06:48:04,190 | INFO | ✅ record_5m aggregated [2026-03-24 12:10:00 → 2026-03-24 12:15:00]
2026-03-26 06:48:04,191 | INFO |   ✅ (147/288) [12:10 → 12:15]
2026-03-26 06:48:04,242 | INFO | 📊 Aggregating vehicle_pass → record [2026-03-24 12:15:00 → 2026-03-24 12:20:00]
2026-03-26 06:48:04,258 | INFO | ✅ record_5m done [12:15 → 12:20]
2026-03-26 06:48:04,258 | INFO | ✅ record_5m aggregated [2026-03-24 12:15:00 → 2026-03-24 12:20:00]
2026-03-26 06:48:04,259 | INFO |   ✅ (148/288) [12:15 → 12:20]
2026-03-26 06:48:04,301 | INFO | 📊 Aggregating vehicle_pass → record [2026-03-24 12:20:00 → 2026-03-24 12:25:00]
2026-03-26 06:48:04,314 | INFO | ✅ record_5m done [12:20 → 12:25]
2026-03-26 06:48:04,315 | INFO | ✅ record_5m aggregated [2026-03-24 12:20:00 → 2026-03-24 12:25:00]
2026-03-26 06:48:04,315 | INFO |   ✅ (149/288) [12:20 → 12:25]
2026-03-26 06:48:04,360 | INFO | 📊 Aggregating vehicle_pass → record [2026-03-24 12:25:00 → 2026-03-24 12:30:00]
2026-03-26 06:48:04,376 | INFO | ✅ record_5m done [12:25 → 12:30]
2026-03-26 06:48:04,376 | INFO | ✅ record_5m aggregated [2026-03-24 12:25:00 → 2026-03-24 12:30:00]
2026-03-26 06:48:04,377 | INFO |   ✅ (150/288) [12:25 → 12:30]
2026-03-26 06:48:04,438 | INFO | 📊 Aggregating vehicle_pass → record [2026-03-24 12:30:00 → 2026-03-24 12:35:00]
2026-03-26 06:48:04,459 | INFO | ✅ record_5m done [12:30 → 12:35]
2026-03-26 06:48:04,459 | INFO | ✅ record_5m aggregated [2026-03-24 12:30:00 → 2026-03-24 12:35:00]
2026-03-26 06:48:04,460 | INFO |   ✅ (151/288) [12:30 → 12:35]
2026-03-26 06:48:04,620 | INFO | 📊 Aggregating vehicle_pass → record [2026-03-24 12:35:00 → 2026-03-24 12:40:00]
2026-03-26 06:48:04,638 | INFO | ✅ record_5m done [12:35 → 12:40]
2026-03-26 06:48:04,639 | INFO | ✅ record_5m aggregated [2026-03-24 12:35:00 → 2026-03-24 12:40:00]
2026-03-26 06:48:04,639 | INFO |   ✅ (152/288) [12:35 → 12:40]
2026-03-26 06:48:04,700 | INFO | 📊 Aggregating vehicle_pass → record [2026-03-24 12:40:00 → 2026-03-24 12:45:00]
2026-03-26 06:48:04,722 | INFO | ✅ record_5m done [12:40 → 12:45]
2026-03-26 06:48:04,723 | INFO | ✅ record_5m aggregated [2026-03-24 12:40:00 → 2026-03-24 12:45:00]
2026-03-26 06:48:04,723 | INFO |   ✅ (153/288) [12:40 → 12:45]
2026-03-26 06:48:04,772 | INFO | 📊 Aggregating vehicle_pass → record [2026-03-24 12:45:00 → 2026-03-24 12:50:00]
2026-03-26 06:48:04,796 | INFO | ✅ record_5m done [12:45 → 12:50]
2026-03-26 06:48:04,796 | INFO | ✅ record_5m aggregated [2026-03-24 12:45:00 → 2026-03-24 12:50:00]
2026-03-26 06:48:04,797 | INFO |   ✅ (154/288) [12:45 → 12:50]
2026-03-26 06:48:04,952 | INFO | 📊 Aggregating vehicle_pass → record [2026-03-24 12:50:00 → 2026-03-24 12:55:00]
2026-03-26 06:48:04,976 | INFO | ✅ record_5m done [12:50 → 12:55]
2026-03-26 06:48:04,976 | INFO | ✅ record_5m aggregated [2026-03-24 12:50:00 → 2026-03-24 12:55:00]
2026-03-26 06:48:04,977 | INFO |   ✅ (155/288) [12:50 → 12:55]
2026-03-26 06:48:05,028 | INFO | 📊 Aggregating vehicle_pass → record [2026-03-24 12:55:00 → 2026-03-24 13:00:00]
2026-03-26 06:48:05,047 | INFO | ✅ record_5m done [12:55 → 13:00]
2026-03-26 06:48:05,048 | INFO | ✅ record_5m aggregated [2026-03-24 12:55:00 → 2026-03-24 13:00:00]
2026-03-26 06:48:05,048 | INFO |   ✅ (156/288) [12:55 → 13:00]
2026-03-26 06:48:05,100 | INFO | 📊 Aggregating vehicle_pass → record [2026-03-24 13:00:00 → 2026-03-24 13:05:00]
2026-03-26 06:48:05,121 | INFO | ✅ record_5m done [13:00 → 13:05]
2026-03-26 06:48:05,122 | INFO | ✅ record_5m aggregated [2026-03-24 13:00:00 → 2026-03-24 13:05:00]
2026-03-26 06:48:05,122 | INFO |   ✅ (157/288) [13:00 → 13:05]
2026-03-26 06:48:05,280 | INFO | 📊 Aggregating vehicle_pass → record [2026-03-24 13:05:00 → 2026-03-24 13:10:00]
2026-03-26 06:48:05,309 | INFO | ✅ record_5m done [13:05 → 13:10]
2026-03-26 06:48:05,310 | INFO | ✅ record_5m aggregated [2026-03-24 13:05:00 → 2026-03-24 13:10:00]
2026-03-26 06:48:05,311 | INFO |   ✅ (158/288) [13:05 → 13:10]
2026-03-26 06:48:05,368 | INFO | 📊 Aggregating vehicle_pass → record [2026-03-24 13:10:00 → 2026-03-24 13:15:00]
2026-03-26 06:48:05,388 | INFO | ✅ record_5m done [13:10 → 13:15]
2026-03-26 06:48:05,389 | INFO | ✅ record_5m aggregated [2026-03-24 13:10:00 → 2026-03-24 13:15:00]
2026-03-26 06:48:05,389 | INFO |   ✅ (159/288) [13:10 → 13:15]
2026-03-26 06:48:05,447 | INFO | 📊 Aggregating vehicle_pass → record [2026-03-24 13:15:00 → 2026-03-24 13:20:00]
2026-03-26 06:48:05,480 | INFO | ✅ record_5m done [13:15 → 13:20]
2026-03-26 06:48:05,481 | INFO | ✅ record_5m aggregated [2026-03-24 13:15:00 → 2026-03-24 13:20:00]
2026-03-26 06:48:05,482 | INFO |   ✅ (160/288) [13:15 → 13:20]
2026-03-26 06:48:05,535 | INFO | 📊 Aggregating vehicle_pass → record [2026-03-24 13:20:00 → 2026-03-24 13:25:00]
2026-03-26 06:48:05,553 | INFO | ✅ record_5m done [13:20 → 13:25]
2026-03-26 06:48:05,554 | INFO | ✅ record_5m aggregated [2026-03-24 13:20:00 → 2026-03-24 13:25:00]
2026-03-26 06:48:05,554 | INFO |   ✅ (161/288) [13:20 → 13:25]
2026-03-26 06:48:05,604 | INFO | 📊 Aggregating vehicle_pass → record [2026-03-24 13:25:00 → 2026-03-24 13:30:00]
2026-03-26 06:48:05,630 | INFO | ✅ record_5m done [13:25 → 13:30]
2026-03-26 06:48:05,630 | INFO | ✅ record_5m aggregated [2026-03-24 13:25:00 → 2026-03-24 13:30:00]
2026-03-26 06:48:05,630 | INFO |   ✅ (162/288) [13:25 → 13:30]
2026-03-26 06:48:05,785 | INFO | 📊 Aggregating vehicle_pass → record [2026-03-24 13:30:00 → 2026-03-24 13:35:00]
2026-03-26 06:48:05,805 | INFO | ✅ record_5m done [13:30 → 13:35]
2026-03-26 06:48:05,806 | INFO | ✅ record_5m aggregated [2026-03-24 13:30:00 → 2026-03-24 13:35:00]
2026-03-26 06:48:05,806 | INFO |   ✅ (163/288) [13:30 → 13:35]
2026-03-26 06:48:05,856 | INFO | 📊 Aggregating vehicle_pass → record [2026-03-24 13:35:00 → 2026-03-24 13:40:00]
2026-03-26 06:48:05,877 | INFO | ✅ record_5m done [13:35 → 13:40]
2026-03-26 06:48:05,878 | INFO | ✅ record_5m aggregated [2026-03-24 13:35:00 → 2026-03-24 13:40:00]
2026-03-26 06:48:05,878 | INFO |   ✅ (164/288) [13:35 → 13:40]
2026-03-26 06:48:06,030 | INFO | 📊 Aggregating vehicle_pass → record [2026-03-24 13:40:00 → 2026-03-24 13:45:00]
2026-03-26 06:48:06,061 | INFO | ✅ record_5m done [13:40 → 13:45]
2026-03-26 06:48:06,062 | INFO | ✅ record_5m aggregated [2026-03-24 13:40:00 → 2026-03-24 13:45:00]
2026-03-26 06:48:06,063 | INFO |   ✅ (165/288) [13:40 → 13:45]
2026-03-26 06:48:06,214 | INFO | 📊 Aggregating vehicle_pass → record [2026-03-24 13:45:00 → 2026-03-24 13:50:00]
2026-03-26 06:48:06,235 | INFO | ✅ record_5m done [13:45 → 13:50]
2026-03-26 06:48:06,236 | INFO | ✅ record_5m aggregated [2026-03-24 13:45:00 → 2026-03-24 13:50:00]
2026-03-26 06:48:06,236 | INFO |   ✅ (166/288) [13:45 → 13:50]
2026-03-26 06:48:06,287 | INFO | 📊 Aggregating vehicle_pass → record [2026-03-24 13:50:00 → 2026-03-24 13:55:00]
2026-03-26 06:48:06,313 | INFO | ✅ record_5m done [13:50 → 13:55]
2026-03-26 06:48:06,315 | INFO | ✅ record_5m aggregated [2026-03-24 13:50:00 → 2026-03-24 13:55:00]
2026-03-26 06:48:06,316 | INFO |   ✅ (167/288) [13:50 → 13:55]
2026-03-26 06:48:06,369 | INFO | 📊 Aggregating vehicle_pass → record [2026-03-24 13:55:00 → 2026-03-24 14:00:00]
2026-03-26 06:48:06,390 | INFO | ✅ record_5m done [13:55 → 14:00]
2026-03-26 06:48:06,391 | INFO | ✅ record_5m aggregated [2026-03-24 13:55:00 → 2026-03-24 14:00:00]
2026-03-26 06:48:06,391 | INFO |   ✅ (168/288) [13:55 → 14:00]
2026-03-26 06:48:06,556 | INFO | 📊 Aggregating vehicle_pass → record [2026-03-24 14:00:00 → 2026-03-24 14:05:00]
2026-03-26 06:48:06,578 | INFO | ✅ record_5m done [14:00 → 14:05]
2026-03-26 06:48:06,579 | INFO | ✅ record_5m aggregated [2026-03-24 14:00:00 → 2026-03-24 14:05:00]
2026-03-26 06:48:06,579 | INFO |   ✅ (169/288) [14:00 → 14:05]
2026-03-26 06:48:06,728 | INFO | 📊 Aggregating vehicle_pass → record [2026-03-24 14:05:00 → 2026-03-24 14:10:00]
2026-03-26 06:48:06,750 | INFO | ✅ record_5m done [14:05 → 14:10]
2026-03-26 06:48:06,750 | INFO | ✅ record_5m aggregated [2026-03-24 14:05:00 → 2026-03-24 14:10:00]
2026-03-26 06:48:06,750 | INFO |   ✅ (170/288) [14:05 → 14:10]
2026-03-26 06:48:06,810 | INFO | 📊 Aggregating vehicle_pass → record [2026-03-24 14:10:00 → 2026-03-24 14:15:00]
2026-03-26 06:48:06,828 | INFO | ✅ record_5m done [14:10 → 14:15]
2026-03-26 06:48:06,829 | INFO | ✅ record_5m aggregated [2026-03-24 14:10:00 → 2026-03-24 14:15:00]
2026-03-26 06:48:06,829 | INFO |   ✅ (171/288) [14:10 → 14:15]
2026-03-26 06:48:06,976 | INFO | 📊 Aggregating vehicle_pass → record [2026-03-24 14:15:00 → 2026-03-24 14:20:00]
2026-03-26 06:48:07,002 | INFO | ✅ record_5m done [14:15 → 14:20]
2026-03-26 06:48:07,002 | INFO | ✅ record_5m aggregated [2026-03-24 14:15:00 → 2026-03-24 14:20:00]
2026-03-26 06:48:07,003 | INFO |   ✅ (172/288) [14:15 → 14:20]
2026-03-26 06:48:07,046 | INFO | 📊 Aggregating vehicle_pass → record [2026-03-24 14:20:00 → 2026-03-24 14:25:00]
2026-03-26 06:48:07,062 | INFO | ✅ record_5m done [14:20 → 14:25]
2026-03-26 06:48:07,062 | INFO | ✅ record_5m aggregated [2026-03-24 14:20:00 → 2026-03-24 14:25:00]
2026-03-26 06:48:07,063 | INFO |   ✅ (173/288) [14:20 → 14:25]
2026-03-26 06:48:07,112 | INFO | 📊 Aggregating vehicle_pass → record [2026-03-24 14:25:00 → 2026-03-24 14:30:00]
2026-03-26 06:48:07,128 | INFO | ✅ record_5m done [14:25 → 14:30]
2026-03-26 06:48:07,129 | INFO | ✅ record_5m aggregated [2026-03-24 14:25:00 → 2026-03-24 14:30:00]
2026-03-26 06:48:07,130 | INFO |   ✅ (174/288) [14:25 → 14:30]
2026-03-26 06:48:07,179 | INFO | 📊 Aggregating vehicle_pass → record [2026-03-24 14:30:00 → 2026-03-24 14:35:00]
2026-03-26 06:48:07,196 | INFO | ✅ record_5m done [14:30 → 14:35]
2026-03-26 06:48:07,197 | INFO | ✅ record_5m aggregated [2026-03-24 14:30:00 → 2026-03-24 14:35:00]
2026-03-26 06:48:07,197 | INFO |   ✅ (175/288) [14:30 → 14:35]
2026-03-26 06:48:07,250 | INFO | 📊 Aggregating vehicle_pass → record [2026-03-24 14:35:00 → 2026-03-24 14:40:00]
2026-03-26 06:48:07,268 | INFO | ✅ record_5m done [14:35 → 14:40]
2026-03-26 06:48:07,269 | INFO | ✅ record_5m aggregated [2026-03-24 14:35:00 → 2026-03-24 14:40:00]
2026-03-26 06:48:07,269 | INFO |   ✅ (176/288) [14:35 → 14:40]
2026-03-26 06:48:07,412 | INFO | 📊 Aggregating vehicle_pass → record [2026-03-24 14:40:00 → 2026-03-24 14:45:00]
2026-03-26 06:48:07,427 | INFO | ✅ record_5m done [14:40 → 14:45]
2026-03-26 06:48:07,428 | INFO | ✅ record_5m aggregated [2026-03-24 14:40:00 → 2026-03-24 14:45:00]
2026-03-26 06:48:07,428 | INFO |   ✅ (177/288) [14:40 → 14:45]
2026-03-26 06:48:07,483 | INFO | 📊 Aggregating vehicle_pass → record [2026-03-24 14:45:00 → 2026-03-24 14:50:00]
2026-03-26 06:48:07,501 | INFO | ✅ record_5m done [14:45 → 14:50]
2026-03-26 06:48:07,502 | INFO | ✅ record_5m aggregated [2026-03-24 14:45:00 → 2026-03-24 14:50:00]
2026-03-26 06:48:07,502 | INFO |   ✅ (178/288) [14:45 → 14:50]
2026-03-26 06:48:07,545 | INFO | 📊 Aggregating vehicle_pass → record [2026-03-24 14:50:00 → 2026-03-24 14:55:00]
2026-03-26 06:48:07,566 | INFO | ✅ record_5m done [14:50 → 14:55]
2026-03-26 06:48:07,566 | INFO | ✅ record_5m aggregated [2026-03-24 14:50:00 → 2026-03-24 14:55:00]
2026-03-26 06:48:07,567 | INFO |   ✅ (179/288) [14:50 → 14:55]
2026-03-26 06:48:07,720 | INFO | 📊 Aggregating vehicle_pass → record [2026-03-24 14:55:00 → 2026-03-24 15:00:00]
2026-03-26 06:48:07,734 | INFO | ✅ record_5m done [14:55 → 15:00]
2026-03-26 06:48:07,734 | INFO | ✅ record_5m aggregated [2026-03-24 14:55:00 → 2026-03-24 15:00:00]
2026-03-26 06:48:07,735 | INFO |   ✅ (180/288) [14:55 → 15:00]
2026-03-26 06:48:07,780 | INFO | 📊 Aggregating vehicle_pass → record [2026-03-24 15:00:00 → 2026-03-24 15:05:00]
2026-03-26 06:48:07,794 | INFO | ✅ record_5m done [15:00 → 15:05]
2026-03-26 06:48:07,795 | INFO | ✅ record_5m aggregated [2026-03-24 15:00:00 → 2026-03-24 15:05:00]
2026-03-26 06:48:07,795 | INFO |   ✅ (181/288) [15:00 → 15:05]
2026-03-26 06:48:07,935 | INFO | 📊 Aggregating vehicle_pass → record [2026-03-24 15:05:00 → 2026-03-24 15:10:00]
2026-03-26 06:48:07,951 | INFO | ✅ record_5m done [15:05 → 15:10]
2026-03-26 06:48:07,952 | INFO | ✅ record_5m aggregated [2026-03-24 15:05:00 → 2026-03-24 15:10:00]
2026-03-26 06:48:07,952 | INFO |   ✅ (182/288) [15:05 → 15:10]
2026-03-26 06:48:07,992 | INFO | 📊 Aggregating vehicle_pass → record [2026-03-24 15:10:00 → 2026-03-24 15:15:00]
2026-03-26 06:48:08,005 | INFO | ✅ record_5m done [15:10 → 15:15]
2026-03-26 06:48:08,005 | INFO | ✅ record_5m aggregated [2026-03-24 15:10:00 → 2026-03-24 15:15:00]
2026-03-26 06:48:08,006 | INFO |   ✅ (183/288) [15:10 → 15:15]
2026-03-26 06:48:08,147 | INFO | 📊 Aggregating vehicle_pass → record [2026-03-24 15:15:00 → 2026-03-24 15:20:00]
2026-03-26 06:48:08,162 | INFO | ✅ record_5m done [15:15 → 15:20]
2026-03-26 06:48:08,163 | INFO | ✅ record_5m aggregated [2026-03-24 15:15:00 → 2026-03-24 15:20:00]
2026-03-26 06:48:08,164 | INFO |   ✅ (184/288) [15:15 → 15:20]
2026-03-26 06:48:08,204 | INFO | 📊 Aggregating vehicle_pass → record [2026-03-24 15:20:00 → 2026-03-24 15:25:00]
2026-03-26 06:48:08,217 | INFO | ✅ record_5m done [15:20 → 15:25]
2026-03-26 06:48:08,218 | INFO | ✅ record_5m aggregated [2026-03-24 15:20:00 → 2026-03-24 15:25:00]
2026-03-26 06:48:08,218 | INFO |   ✅ (185/288) [15:20 → 15:25]
2026-03-26 06:48:08,364 | INFO | 📊 Aggregating vehicle_pass → record [2026-03-24 15:25:00 → 2026-03-24 15:30:00]
2026-03-26 06:48:08,380 | INFO | ✅ record_5m done [15:25 → 15:30]
2026-03-26 06:48:08,380 | INFO | ✅ record_5m aggregated [2026-03-24 15:25:00 → 2026-03-24 15:30:00]
2026-03-26 06:48:08,381 | INFO |   ✅ (186/288) [15:25 → 15:30]
2026-03-26 06:48:08,428 | INFO | 📊 Aggregating vehicle_pass → record [2026-03-24 15:30:00 → 2026-03-24 15:35:00]
2026-03-26 06:48:08,443 | INFO | ✅ record_5m done [15:30 → 15:35]
2026-03-26 06:48:08,444 | INFO | ✅ record_5m aggregated [2026-03-24 15:30:00 → 2026-03-24 15:35:00]
2026-03-26 06:48:08,445 | INFO |   ✅ (187/288) [15:30 → 15:35]
2026-03-26 06:48:08,590 | INFO | 📊 Aggregating vehicle_pass → record [2026-03-24 15:35:00 → 2026-03-24 15:40:00]
2026-03-26 06:48:08,604 | INFO | ✅ record_5m done [15:35 → 15:40]
2026-03-26 06:48:08,605 | INFO | ✅ record_5m aggregated [2026-03-24 15:35:00 → 2026-03-24 15:40:00]
2026-03-26 06:48:08,605 | INFO |   ✅ (188/288) [15:35 → 15:40]
2026-03-26 06:48:08,653 | INFO | 📊 Aggregating vehicle_pass → record [2026-03-24 15:40:00 → 2026-03-24 15:45:00]
2026-03-26 06:48:08,666 | INFO | ✅ record_5m done [15:40 → 15:45]
2026-03-26 06:48:08,666 | INFO | ✅ record_5m aggregated [2026-03-24 15:40:00 → 2026-03-24 15:45:00]
2026-03-26 06:48:08,667 | INFO |   ✅ (189/288) [15:40 → 15:45]
2026-03-26 06:48:08,815 | INFO | 📊 Aggregating vehicle_pass → record [2026-03-24 15:45:00 → 2026-03-24 15:50:00]
2026-03-26 06:48:08,835 | INFO | ✅ record_5m done [15:45 → 15:50]
2026-03-26 06:48:08,836 | INFO | ✅ record_5m aggregated [2026-03-24 15:45:00 → 2026-03-24 15:50:00]
2026-03-26 06:48:08,836 | INFO |   ✅ (190/288) [15:45 → 15:50]
2026-03-26 06:48:08,887 | INFO | 📊 Aggregating vehicle_pass → record [2026-03-24 15:50:00 → 2026-03-24 15:55:00]
2026-03-26 06:48:08,906 | INFO | ✅ record_5m done [15:50 → 15:55]
2026-03-26 06:48:08,906 | INFO | ✅ record_5m aggregated [2026-03-24 15:50:00 → 2026-03-24 15:55:00]
2026-03-26 06:48:08,907 | INFO |   ✅ (191/288) [15:50 → 15:55]
2026-03-26 06:48:09,057 | INFO | 📊 Aggregating vehicle_pass → record [2026-03-24 15:55:00 → 2026-03-24 16:00:00]
2026-03-26 06:48:09,075 | INFO | ✅ record_5m done [15:55 → 16:00]
2026-03-26 06:48:09,076 | INFO | ✅ record_5m aggregated [2026-03-24 15:55:00 → 2026-03-24 16:00:00]
2026-03-26 06:48:09,076 | INFO |   ✅ (192/288) [15:55 → 16:00]
2026-03-26 06:48:09,140 | INFO | 📊 Aggregating vehicle_pass → record [2026-03-24 16:00:00 → 2026-03-24 16:05:00]
2026-03-26 06:48:09,164 | INFO | ✅ record_5m done [16:00 → 16:05]
2026-03-26 06:48:09,165 | INFO | ✅ record_5m aggregated [2026-03-24 16:00:00 → 2026-03-24 16:05:00]
2026-03-26 06:48:09,165 | INFO |   ✅ (193/288) [16:00 → 16:05]
2026-03-26 06:48:09,317 | INFO | 📊 Aggregating vehicle_pass → record [2026-03-24 16:05:00 → 2026-03-24 16:10:00]
2026-03-26 06:48:09,339 | INFO | ✅ record_5m done [16:05 → 16:10]
2026-03-26 06:48:09,340 | INFO | ✅ record_5m aggregated [2026-03-24 16:05:00 → 2026-03-24 16:10:00]
2026-03-26 06:48:09,340 | INFO |   ✅ (194/288) [16:05 → 16:10]
2026-03-26 06:48:09,486 | INFO | 📊 Aggregating vehicle_pass → record [2026-03-24 16:10:00 → 2026-03-24 16:15:00]
2026-03-26 06:48:09,505 | INFO | ✅ record_5m done [16:10 → 16:15]
2026-03-26 06:48:09,505 | INFO | ✅ record_5m aggregated [2026-03-24 16:10:00 → 2026-03-24 16:15:00]
2026-03-26 06:48:09,506 | INFO |   ✅ (195/288) [16:10 → 16:15]
2026-03-26 06:48:09,575 | INFO | 📊 Aggregating vehicle_pass → record [2026-03-24 16:15:00 → 2026-03-24 16:20:00]
2026-03-26 06:48:09,594 | INFO | ✅ record_5m done [16:15 → 16:20]
2026-03-26 06:48:09,594 | INFO | ✅ record_5m aggregated [2026-03-24 16:15:00 → 2026-03-24 16:20:00]
2026-03-26 06:48:09,595 | INFO |   ✅ (196/288) [16:15 → 16:20]
2026-03-26 06:48:09,652 | INFO | 📊 Aggregating vehicle_pass → record [2026-03-24 16:20:00 → 2026-03-24 16:25:00]
2026-03-26 06:48:09,673 | INFO | ✅ record_5m done [16:20 → 16:25]
2026-03-26 06:48:09,674 | INFO | ✅ record_5m aggregated [2026-03-24 16:20:00 → 2026-03-24 16:25:00]
2026-03-26 06:48:09,674 | INFO |   ✅ (197/288) [16:20 → 16:25]
2026-03-26 06:48:09,736 | INFO | 📊 Aggregating vehicle_pass → record [2026-03-24 16:25:00 → 2026-03-24 16:30:00]
2026-03-26 06:48:09,758 | INFO | ✅ record_5m done [16:25 → 16:30]
2026-03-26 06:48:09,758 | INFO | ✅ record_5m aggregated [2026-03-24 16:25:00 → 2026-03-24 16:30:00]
2026-03-26 06:48:09,759 | INFO |   ✅ (198/288) [16:25 → 16:30]
2026-03-26 06:48:09,813 | INFO | 📊 Aggregating vehicle_pass → record [2026-03-24 16:30:00 → 2026-03-24 16:35:00]
2026-03-26 06:48:09,829 | INFO | ✅ record_5m done [16:30 → 16:35]
2026-03-26 06:48:09,829 | INFO | ✅ record_5m aggregated [2026-03-24 16:30:00 → 2026-03-24 16:35:00]
2026-03-26 06:48:09,830 | INFO |   ✅ (199/288) [16:30 → 16:35]
2026-03-26 06:48:09,878 | INFO | 📊 Aggregating vehicle_pass → record [2026-03-24 16:35:00 → 2026-03-24 16:40:00]
2026-03-26 06:48:09,900 | INFO | ✅ record_5m done [16:35 → 16:40]
2026-03-26 06:48:09,901 | INFO | ✅ record_5m aggregated [2026-03-24 16:35:00 → 2026-03-24 16:40:00]
2026-03-26 06:48:09,901 | INFO |   ✅ (200/288) [16:35 → 16:40]
2026-03-26 06:48:10,055 | INFO | 📊 Aggregating vehicle_pass → record [2026-03-24 16:40:00 → 2026-03-24 16:45:00]
2026-03-26 06:48:10,069 | INFO | ✅ record_5m done [16:40 → 16:45]
2026-03-26 06:48:10,070 | INFO | ✅ record_5m aggregated [2026-03-24 16:40:00 → 2026-03-24 16:45:00]
2026-03-26 06:48:10,070 | INFO |   ✅ (201/288) [16:40 → 16:45]
2026-03-26 06:48:10,244 | INFO | 📊 Aggregating vehicle_pass → record [2026-03-24 16:45:00 → 2026-03-24 16:50:00]
2026-03-26 06:48:10,262 | INFO | ✅ record_5m done [16:45 → 16:50]
2026-03-26 06:48:10,263 | INFO | ✅ record_5m aggregated [2026-03-24 16:45:00 → 2026-03-24 16:50:00]
2026-03-26 06:48:10,264 | INFO |   ✅ (202/288) [16:45 → 16:50]
2026-03-26 06:48:10,322 | INFO | 📊 Aggregating vehicle_pass → record [2026-03-24 16:50:00 → 2026-03-24 16:55:00]
2026-03-26 06:48:10,338 | INFO | ✅ record_5m done [16:50 → 16:55]
2026-03-26 06:48:10,338 | INFO | ✅ record_5m aggregated [2026-03-24 16:50:00 → 2026-03-24 16:55:00]
2026-03-26 06:48:10,338 | INFO |   ✅ (203/288) [16:50 → 16:55]
2026-03-26 06:48:10,381 | INFO | 📊 Aggregating vehicle_pass → record [2026-03-24 16:55:00 → 2026-03-24 17:00:00]
2026-03-26 06:48:10,405 | INFO | ✅ record_5m done [16:55 → 17:00]
2026-03-26 06:48:10,406 | INFO | ✅ record_5m aggregated [2026-03-24 16:55:00 → 2026-03-24 17:00:00]
2026-03-26 06:48:10,406 | INFO |   ✅ (204/288) [16:55 → 17:00]
2026-03-26 06:48:10,454 | INFO | 📊 Aggregating vehicle_pass → record [2026-03-24 17:00:00 → 2026-03-24 17:05:00]
2026-03-26 06:48:10,477 | INFO | ✅ record_5m done [17:00 → 17:05]
2026-03-26 06:48:10,478 | INFO | ✅ record_5m aggregated [2026-03-24 17:00:00 → 2026-03-24 17:05:00]
2026-03-26 06:48:10,478 | INFO |   ✅ (205/288) [17:00 → 17:05]
2026-03-26 06:48:10,527 | INFO | 📊 Aggregating vehicle_pass → record [2026-03-24 17:05:00 → 2026-03-24 17:10:00]
2026-03-26 06:48:10,547 | INFO | ✅ record_5m done [17:05 → 17:10]
2026-03-26 06:48:10,548 | INFO | ✅ record_5m aggregated [2026-03-24 17:05:00 → 2026-03-24 17:10:00]
2026-03-26 06:48:10,548 | INFO |   ✅ (206/288) [17:05 → 17:10]
2026-03-26 06:48:10,597 | INFO | 📊 Aggregating vehicle_pass → record [2026-03-24 17:10:00 → 2026-03-24 17:15:00]
2026-03-26 06:48:10,612 | INFO | ✅ record_5m done [17:10 → 17:15]
2026-03-26 06:48:10,612 | INFO | ✅ record_5m aggregated [2026-03-24 17:10:00 → 2026-03-24 17:15:00]
2026-03-26 06:48:10,613 | INFO |   ✅ (207/288) [17:10 → 17:15]
2026-03-26 06:48:10,752 | INFO | 📊 Aggregating vehicle_pass → record [2026-03-24 17:15:00 → 2026-03-24 17:20:00]
2026-03-26 06:48:10,766 | INFO | ✅ record_5m done [17:15 → 17:20]
2026-03-26 06:48:10,767 | INFO | ✅ record_5m aggregated [2026-03-24 17:15:00 → 2026-03-24 17:20:00]
2026-03-26 06:48:10,768 | INFO |   ✅ (208/288) [17:15 → 17:20]
2026-03-26 06:48:10,818 | INFO | 📊 Aggregating vehicle_pass → record [2026-03-24 17:20:00 → 2026-03-24 17:25:00]
2026-03-26 06:48:10,840 | INFO | ✅ record_5m done [17:20 → 17:25]
2026-03-26 06:48:10,841 | INFO | ✅ record_5m aggregated [2026-03-24 17:20:00 → 2026-03-24 17:25:00]
2026-03-26 06:48:10,841 | INFO |   ✅ (209/288) [17:20 → 17:25]
2026-03-26 06:48:10,890 | INFO | 📊 Aggregating vehicle_pass → record [2026-03-24 17:25:00 → 2026-03-24 17:30:00]
2026-03-26 06:48:10,906 | INFO | ✅ record_5m done [17:25 → 17:30]
2026-03-26 06:48:10,907 | INFO | ✅ record_5m aggregated [2026-03-24 17:25:00 → 2026-03-24 17:30:00]
2026-03-26 06:48:10,907 | INFO |   ✅ (210/288) [17:25 → 17:30]
2026-03-26 06:48:11,052 | INFO | 📊 Aggregating vehicle_pass → record [2026-03-24 17:30:00 → 2026-03-24 17:35:00]
2026-03-26 06:48:11,067 | INFO | ✅ record_5m done [17:30 → 17:35]
2026-03-26 06:48:11,068 | INFO | ✅ record_5m aggregated [2026-03-24 17:30:00 → 2026-03-24 17:35:00]
2026-03-26 06:48:11,068 | INFO |   ✅ (211/288) [17:30 → 17:35]
2026-03-26 06:48:11,111 | INFO | 📊 Aggregating vehicle_pass → record [2026-03-24 17:35:00 → 2026-03-24 17:40:00]
2026-03-26 06:48:11,132 | INFO | ✅ record_5m done [17:35 → 17:40]
2026-03-26 06:48:11,132 | INFO | ✅ record_5m aggregated [2026-03-24 17:35:00 → 2026-03-24 17:40:00]
2026-03-26 06:48:11,133 | INFO |   ✅ (212/288) [17:35 → 17:40]
2026-03-26 06:48:11,182 | INFO | 📊 Aggregating vehicle_pass → record [2026-03-24 17:40:00 → 2026-03-24 17:45:00]
2026-03-26 06:48:11,197 | INFO | ✅ record_5m done [17:40 → 17:45]
2026-03-26 06:48:11,198 | INFO | ✅ record_5m aggregated [2026-03-24 17:40:00 → 2026-03-24 17:45:00]
2026-03-26 06:48:11,198 | INFO |   ✅ (213/288) [17:40 → 17:45]
2026-03-26 06:48:11,245 | INFO | 📊 Aggregating vehicle_pass → record [2026-03-24 17:45:00 → 2026-03-24 17:50:00]
2026-03-26 06:48:11,258 | INFO | ✅ record_5m done [17:45 → 17:50]
2026-03-26 06:48:11,259 | INFO | ✅ record_5m aggregated [2026-03-24 17:45:00 → 2026-03-24 17:50:00]
2026-03-26 06:48:11,259 | INFO |   ✅ (214/288) [17:45 → 17:50]
2026-03-26 06:48:11,303 | INFO | 📊 Aggregating vehicle_pass → record [2026-03-24 17:50:00 → 2026-03-24 17:55:00]
2026-03-26 06:48:11,315 | INFO | ✅ record_5m done [17:50 → 17:55]
2026-03-26 06:48:11,316 | INFO | ✅ record_5m aggregated [2026-03-24 17:50:00 → 2026-03-24 17:55:00]
2026-03-26 06:48:11,317 | INFO |   ✅ (215/288) [17:50 → 17:55]
2026-03-26 06:48:11,370 | INFO | 📊 Aggregating vehicle_pass → record [2026-03-24 17:55:00 → 2026-03-24 18:00:00]
2026-03-26 06:48:11,386 | INFO | ✅ record_5m done [17:55 → 18:00]
2026-03-26 06:48:11,387 | INFO | ✅ record_5m aggregated [2026-03-24 17:55:00 → 2026-03-24 18:00:00]
2026-03-26 06:48:11,387 | INFO |   ✅ (216/288) [17:55 → 18:00]
2026-03-26 06:48:11,444 | INFO | 📊 Aggregating vehicle_pass → record [2026-03-24 18:00:00 → 2026-03-24 18:05:00]
2026-03-26 06:48:11,464 | INFO | ✅ record_5m done [18:00 → 18:05]
2026-03-26 06:48:11,465 | INFO | ✅ record_5m aggregated [2026-03-24 18:00:00 → 2026-03-24 18:05:00]
2026-03-26 06:48:11,465 | INFO |   ✅ (217/288) [18:00 → 18:05]
2026-03-26 06:48:11,519 | INFO | 📊 Aggregating vehicle_pass → record [2026-03-24 18:05:00 → 2026-03-24 18:10:00]
2026-03-26 06:48:11,533 | INFO | ✅ record_5m done [18:05 → 18:10]
2026-03-26 06:48:11,534 | INFO | ✅ record_5m aggregated [2026-03-24 18:05:00 → 2026-03-24 18:10:00]
2026-03-26 06:48:11,535 | INFO |   ✅ (218/288) [18:05 → 18:10]
2026-03-26 06:48:11,676 | INFO | 📊 Aggregating vehicle_pass → record [2026-03-24 18:10:00 → 2026-03-24 18:15:00]
2026-03-26 06:48:11,690 | INFO | ✅ record_5m done [18:10 → 18:15]
2026-03-26 06:48:11,692 | INFO | ✅ record_5m aggregated [2026-03-24 18:10:00 → 2026-03-24 18:15:00]
2026-03-26 06:48:11,693 | INFO |   ✅ (219/288) [18:10 → 18:15]
2026-03-26 06:48:11,749 | INFO | 📊 Aggregating vehicle_pass → record [2026-03-24 18:15:00 → 2026-03-24 18:20:00]
2026-03-26 06:48:11,765 | INFO | ✅ record_5m done [18:15 → 18:20]
2026-03-26 06:48:11,766 | INFO | ✅ record_5m aggregated [2026-03-24 18:15:00 → 2026-03-24 18:20:00]
2026-03-26 06:48:11,767 | INFO |   ✅ (220/288) [18:15 → 18:20]
2026-03-26 06:48:11,819 | INFO | 📊 Aggregating vehicle_pass → record [2026-03-24 18:20:00 → 2026-03-24 18:25:00]
2026-03-26 06:48:11,834 | INFO | ✅ record_5m done [18:20 → 18:25]
2026-03-26 06:48:11,835 | INFO | ✅ record_5m aggregated [2026-03-24 18:20:00 → 2026-03-24 18:25:00]
2026-03-26 06:48:11,835 | INFO |   ✅ (221/288) [18:20 → 18:25]
2026-03-26 06:48:11,892 | INFO | 📊 Aggregating vehicle_pass → record [2026-03-24 18:25:00 → 2026-03-24 18:30:00]
2026-03-26 06:48:11,911 | INFO | ✅ record_5m done [18:25 → 18:30]
2026-03-26 06:48:11,912 | INFO | ✅ record_5m aggregated [2026-03-24 18:25:00 → 2026-03-24 18:30:00]
2026-03-26 06:48:11,912 | INFO |   ✅ (222/288) [18:25 → 18:30]
2026-03-26 06:48:11,970 | INFO | 📊 Aggregating vehicle_pass → record [2026-03-24 18:30:00 → 2026-03-24 18:35:00]
2026-03-26 06:48:12,000 | INFO | ✅ record_5m done [18:30 → 18:35]
2026-03-26 06:48:12,000 | INFO | ✅ record_5m aggregated [2026-03-24 18:30:00 → 2026-03-24 18:35:00]
2026-03-26 06:48:12,001 | INFO |   ✅ (223/288) [18:30 → 18:35]
2026-03-26 06:48:12,051 | INFO | 📊 Aggregating vehicle_pass → record [2026-03-24 18:35:00 → 2026-03-24 18:40:00]
2026-03-26 06:48:12,071 | INFO | ✅ record_5m done [18:35 → 18:40]
2026-03-26 06:48:12,072 | INFO | ✅ record_5m aggregated [2026-03-24 18:35:00 → 2026-03-24 18:40:00]
2026-03-26 06:48:12,072 | INFO |   ✅ (224/288) [18:35 → 18:40]
2026-03-26 06:48:12,129 | INFO | 📊 Aggregating vehicle_pass → record [2026-03-24 18:40:00 → 2026-03-24 18:45:00]
2026-03-26 06:48:12,153 | INFO | ✅ record_5m done [18:40 → 18:45]
2026-03-26 06:48:12,153 | INFO | ✅ record_5m aggregated [2026-03-24 18:40:00 → 2026-03-24 18:45:00]
2026-03-26 06:48:12,154 | INFO |   ✅ (225/288) [18:40 → 18:45]
2026-03-26 06:48:12,204 | INFO | 📊 Aggregating vehicle_pass → record [2026-03-24 18:45:00 → 2026-03-24 18:50:00]
2026-03-26 06:48:12,224 | INFO | ✅ record_5m done [18:45 → 18:50]
2026-03-26 06:48:12,225 | INFO | ✅ record_5m aggregated [2026-03-24 18:45:00 → 2026-03-24 18:50:00]
2026-03-26 06:48:12,225 | INFO |   ✅ (226/288) [18:45 → 18:50]
2026-03-26 06:48:12,283 | INFO | 📊 Aggregating vehicle_pass → record [2026-03-24 18:50:00 → 2026-03-24 18:55:00]
2026-03-26 06:48:12,304 | INFO | ✅ record_5m done [18:50 → 18:55]
2026-03-26 06:48:12,305 | INFO | ✅ record_5m aggregated [2026-03-24 18:50:00 → 2026-03-24 18:55:00]
2026-03-26 06:48:12,305 | INFO |   ✅ (227/288) [18:50 → 18:55]
2026-03-26 06:48:12,457 | INFO | 📊 Aggregating vehicle_pass → record [2026-03-24 18:55:00 → 2026-03-24 19:00:00]
2026-03-26 06:48:12,474 | INFO | ✅ record_5m done [18:55 → 19:00]
2026-03-26 06:48:12,475 | INFO | ✅ record_5m aggregated [2026-03-24 18:55:00 → 2026-03-24 19:00:00]
2026-03-26 06:48:12,475 | INFO |   ✅ (228/288) [18:55 → 19:00]
2026-03-26 06:48:12,526 | INFO | 📊 Aggregating vehicle_pass → record [2026-03-24 19:00:00 → 2026-03-24 19:05:00]
2026-03-26 06:48:12,546 | INFO | ✅ record_5m done [19:00 → 19:05]
2026-03-26 06:48:12,547 | INFO | ✅ record_5m aggregated [2026-03-24 19:00:00 → 2026-03-24 19:05:00]
2026-03-26 06:48:12,547 | INFO |   ✅ (229/288) [19:00 → 19:05]
2026-03-26 06:48:12,601 | INFO | 📊 Aggregating vehicle_pass → record [2026-03-24 19:05:00 → 2026-03-24 19:10:00]
2026-03-26 06:48:12,625 | INFO | ✅ record_5m done [19:05 → 19:10]
2026-03-26 06:48:12,625 | INFO | ✅ record_5m aggregated [2026-03-24 19:05:00 → 2026-03-24 19:10:00]
2026-03-26 06:48:12,625 | INFO |   ✅ (230/288) [19:05 → 19:10]
2026-03-26 06:48:12,679 | INFO | 📊 Aggregating vehicle_pass → record [2026-03-24 19:10:00 → 2026-03-24 19:15:00]
2026-03-26 06:48:12,696 | INFO | ✅ record_5m done [19:10 → 19:15]
2026-03-26 06:48:12,697 | INFO | ✅ record_5m aggregated [2026-03-24 19:10:00 → 2026-03-24 19:15:00]
2026-03-26 06:48:12,697 | INFO |   ✅ (231/288) [19:10 → 19:15]
2026-03-26 06:48:12,751 | INFO | 📊 Aggregating vehicle_pass → record [2026-03-24 19:15:00 → 2026-03-24 19:20:00]
2026-03-26 06:48:12,773 | INFO | ✅ record_5m done [19:15 → 19:20]
2026-03-26 06:48:12,773 | INFO | ✅ record_5m aggregated [2026-03-24 19:15:00 → 2026-03-24 19:20:00]
2026-03-26 06:48:12,773 | INFO |   ✅ (232/288) [19:15 → 19:20]
2026-03-26 06:48:12,824 | INFO | 📊 Aggregating vehicle_pass → record [2026-03-24 19:20:00 → 2026-03-24 19:25:00]
2026-03-26 06:48:12,843 | INFO | ✅ record_5m done [19:20 → 19:25]
2026-03-26 06:48:12,844 | INFO | ✅ record_5m aggregated [2026-03-24 19:20:00 → 2026-03-24 19:25:00]
2026-03-26 06:48:12,844 | INFO |   ✅ (233/288) [19:20 → 19:25]
2026-03-26 06:48:12,904 | INFO | 📊 Aggregating vehicle_pass → record [2026-03-24 19:25:00 → 2026-03-24 19:30:00]
2026-03-26 06:48:12,922 | INFO | ✅ record_5m done [19:25 → 19:30]
2026-03-26 06:48:12,923 | INFO | ✅ record_5m aggregated [2026-03-24 19:25:00 → 2026-03-24 19:30:00]
2026-03-26 06:48:12,923 | INFO |   ✅ (234/288) [19:25 → 19:30]
2026-03-26 06:48:12,972 | INFO | 📊 Aggregating vehicle_pass → record [2026-03-24 19:30:00 → 2026-03-24 19:35:00]
2026-03-26 06:48:13,006 | INFO | ✅ record_5m done [19:30 → 19:35]
2026-03-26 06:48:13,006 | INFO | ✅ record_5m aggregated [2026-03-24 19:30:00 → 2026-03-24 19:35:00]
2026-03-26 06:48:13,007 | INFO |   ✅ (235/288) [19:30 → 19:35]
2026-03-26 06:48:13,059 | INFO | 📊 Aggregating vehicle_pass → record [2026-03-24 19:35:00 → 2026-03-24 19:40:00]
2026-03-26 06:48:13,083 | INFO | ✅ record_5m done [19:35 → 19:40]
2026-03-26 06:48:13,084 | INFO | ✅ record_5m aggregated [2026-03-24 19:35:00 → 2026-03-24 19:40:00]
2026-03-26 06:48:13,084 | INFO |   ✅ (236/288) [19:35 → 19:40]
2026-03-26 06:48:13,139 | INFO | 📊 Aggregating vehicle_pass → record [2026-03-24 19:40:00 → 2026-03-24 19:45:00]
2026-03-26 06:48:13,164 | INFO | ✅ record_5m done [19:40 → 19:45]
2026-03-26 06:48:13,165 | INFO | ✅ record_5m aggregated [2026-03-24 19:40:00 → 2026-03-24 19:45:00]
2026-03-26 06:48:13,165 | INFO |   ✅ (237/288) [19:40 → 19:45]
2026-03-26 06:48:13,221 | INFO | 📊 Aggregating vehicle_pass → record [2026-03-24 19:45:00 → 2026-03-24 19:50:00]
2026-03-26 06:48:13,269 | INFO | ✅ record_5m done [19:45 → 19:50]
2026-03-26 06:48:13,270 | INFO | ✅ record_5m aggregated [2026-03-24 19:45:00 → 2026-03-24 19:50:00]
2026-03-26 06:48:13,270 | INFO |   ✅ (238/288) [19:45 → 19:50]
2026-03-26 06:48:13,321 | INFO | 📊 Aggregating vehicle_pass → record [2026-03-24 19:50:00 → 2026-03-24 19:55:00]
2026-03-26 06:48:13,358 | INFO | ✅ record_5m done [19:50 → 19:55]
2026-03-26 06:48:13,359 | INFO | ✅ record_5m aggregated [2026-03-24 19:50:00 → 2026-03-24 19:55:00]
2026-03-26 06:48:13,359 | INFO |   ✅ (239/288) [19:50 → 19:55]
2026-03-26 06:48:13,411 | INFO | 📊 Aggregating vehicle_pass → record [2026-03-24 19:55:00 → 2026-03-24 20:00:00]
2026-03-26 06:48:13,429 | INFO | ✅ record_5m done [19:55 → 20:00]
2026-03-26 06:48:13,429 | INFO | ✅ record_5m aggregated [2026-03-24 19:55:00 → 2026-03-24 20:00:00]
2026-03-26 06:48:13,430 | INFO |   ✅ (240/288) [19:55 → 20:00]
2026-03-26 06:48:13,609 | INFO | 📊 Aggregating vehicle_pass → record [2026-03-24 20:00:00 → 2026-03-24 20:05:00]
2026-03-26 06:48:13,629 | INFO | ✅ record_5m done [20:00 → 20:05]
2026-03-26 06:48:13,630 | INFO | ✅ record_5m aggregated [2026-03-24 20:00:00 → 2026-03-24 20:05:00]
2026-03-26 06:48:13,630 | INFO |   ✅ (241/288) [20:00 → 20:05]
2026-03-26 06:48:13,786 | INFO | 📊 Aggregating vehicle_pass → record [2026-03-24 20:05:00 → 2026-03-24 20:10:00]
2026-03-26 06:48:13,806 | INFO | ✅ record_5m done [20:05 → 20:10]
2026-03-26 06:48:13,806 | INFO | ✅ record_5m aggregated [2026-03-24 20:05:00 → 2026-03-24 20:10:00]
2026-03-26 06:48:13,806 | INFO |   ✅ (242/288) [20:05 → 20:10]
2026-03-26 06:48:13,860 | INFO | 📊 Aggregating vehicle_pass → record [2026-03-24 20:10:00 → 2026-03-24 20:15:00]
2026-03-26 06:48:13,877 | INFO | ✅ record_5m done [20:10 → 20:15]
2026-03-26 06:48:13,877 | INFO | ✅ record_5m aggregated [2026-03-24 20:10:00 → 2026-03-24 20:15:00]
2026-03-26 06:48:13,878 | INFO |   ✅ (243/288) [20:10 → 20:15]
2026-03-26 06:48:14,033 | INFO | 📊 Aggregating vehicle_pass → record [2026-03-24 20:15:00 → 2026-03-24 20:20:00]
2026-03-26 06:48:14,055 | INFO | ✅ record_5m done [20:15 → 20:20]
2026-03-26 06:48:14,056 | INFO | ✅ record_5m aggregated [2026-03-24 20:15:00 → 2026-03-24 20:20:00]
2026-03-26 06:48:14,057 | INFO |   ✅ (244/288) [20:15 → 20:20]
2026-03-26 06:48:14,210 | INFO | 📊 Aggregating vehicle_pass → record [2026-03-24 20:20:00 → 2026-03-24 20:25:00]
2026-03-26 06:48:14,234 | INFO | ✅ record_5m done [20:20 → 20:25]
2026-03-26 06:48:14,236 | INFO | ✅ record_5m aggregated [2026-03-24 20:20:00 → 2026-03-24 20:25:00]
2026-03-26 06:48:14,237 | INFO |   ✅ (245/288) [20:20 → 20:25]
2026-03-26 06:48:14,389 | INFO | 📊 Aggregating vehicle_pass → record [2026-03-24 20:25:00 → 2026-03-24 20:30:00]
2026-03-26 06:48:14,410 | INFO | ✅ record_5m done [20:25 → 20:30]
2026-03-26 06:48:14,411 | INFO | ✅ record_5m aggregated [2026-03-24 20:25:00 → 2026-03-24 20:30:00]
2026-03-26 06:48:14,412 | INFO |   ✅ (246/288) [20:25 → 20:30]
2026-03-26 06:48:14,479 | INFO | 📊 Aggregating vehicle_pass → record [2026-03-24 20:30:00 → 2026-03-24 20:35:00]
2026-03-26 06:48:14,503 | INFO | ✅ record_5m done [20:30 → 20:35]
2026-03-26 06:48:14,503 | INFO | ✅ record_5m aggregated [2026-03-24 20:30:00 → 2026-03-24 20:35:00]
2026-03-26 06:48:14,504 | INFO |   ✅ (247/288) [20:30 → 20:35]
2026-03-26 06:48:14,581 | INFO | 📊 Aggregating vehicle_pass → record [2026-03-24 20:35:00 → 2026-03-24 20:40:00]
2026-03-26 06:48:14,599 | INFO | ✅ record_5m done [20:35 → 20:40]
2026-03-26 06:48:14,600 | INFO | ✅ record_5m aggregated [2026-03-24 20:35:00 → 2026-03-24 20:40:00]
2026-03-26 06:48:14,600 | INFO |   ✅ (248/288) [20:35 → 20:40]
2026-03-26 06:48:14,666 | INFO | 📊 Aggregating vehicle_pass → record [2026-03-24 20:40:00 → 2026-03-24 20:45:00]
2026-03-26 06:48:14,692 | INFO | ✅ record_5m done [20:40 → 20:45]
2026-03-26 06:48:14,693 | INFO | ✅ record_5m aggregated [2026-03-24 20:40:00 → 2026-03-24 20:45:00]
2026-03-26 06:48:14,693 | INFO |   ✅ (249/288) [20:40 → 20:45]
2026-03-26 06:48:14,776 | INFO | 📊 Aggregating vehicle_pass → record [2026-03-24 20:45:00 → 2026-03-24 20:50:00]
2026-03-26 06:48:14,815 | INFO | ✅ record_5m done [20:45 → 20:50]
2026-03-26 06:48:14,816 | INFO | ✅ record_5m aggregated [2026-03-24 20:45:00 → 2026-03-24 20:50:00]
2026-03-26 06:48:14,816 | INFO |   ✅ (250/288) [20:45 → 20:50]
2026-03-26 06:48:14,875 | INFO | 📊 Aggregating vehicle_pass → record [2026-03-24 20:50:00 → 2026-03-24 20:55:00]
2026-03-26 06:48:14,894 | INFO | ✅ record_5m done [20:50 → 20:55]
2026-03-26 06:48:14,895 | INFO | ✅ record_5m aggregated [2026-03-24 20:50:00 → 2026-03-24 20:55:00]
2026-03-26 06:48:14,895 | INFO |   ✅ (251/288) [20:50 → 20:55]
2026-03-26 06:48:14,959 | INFO | 📊 Aggregating vehicle_pass → record [2026-03-24 20:55:00 → 2026-03-24 21:00:00]
2026-03-26 06:48:14,979 | INFO | ✅ record_5m done [20:55 → 21:00]
2026-03-26 06:48:14,979 | INFO | ✅ record_5m aggregated [2026-03-24 20:55:00 → 2026-03-24 21:00:00]
2026-03-26 06:48:14,980 | INFO |   ✅ (252/288) [20:55 → 21:00]
2026-03-26 06:48:15,032 | INFO | 📊 Aggregating vehicle_pass → record [2026-03-24 21:00:00 → 2026-03-24 21:05:00]
2026-03-26 06:48:15,056 | INFO | ✅ record_5m done [21:00 → 21:05]
2026-03-26 06:48:15,057 | INFO | ✅ record_5m aggregated [2026-03-24 21:00:00 → 2026-03-24 21:05:00]
2026-03-26 06:48:15,057 | INFO |   ✅ (253/288) [21:00 → 21:05]
2026-03-26 06:48:15,117 | INFO | 📊 Aggregating vehicle_pass → record [2026-03-24 21:05:00 → 2026-03-24 21:10:00]
2026-03-26 06:48:15,142 | INFO | ✅ record_5m done [21:05 → 21:10]
2026-03-26 06:48:15,144 | INFO | ✅ record_5m aggregated [2026-03-24 21:05:00 → 2026-03-24 21:10:00]
2026-03-26 06:48:15,146 | INFO |   ✅ (254/288) [21:05 → 21:10]
2026-03-26 06:48:15,226 | INFO | 📊 Aggregating vehicle_pass → record [2026-03-24 21:10:00 → 2026-03-24 21:15:00]
2026-03-26 06:48:15,247 | INFO | ✅ record_5m done [21:10 → 21:15]
2026-03-26 06:48:15,247 | INFO | ✅ record_5m aggregated [2026-03-24 21:10:00 → 2026-03-24 21:15:00]
2026-03-26 06:48:15,248 | INFO |   ✅ (255/288) [21:10 → 21:15]
2026-03-26 06:48:15,295 | INFO | 📊 Aggregating vehicle_pass → record [2026-03-24 21:15:00 → 2026-03-24 21:20:00]
2026-03-26 06:48:15,315 | INFO | ✅ record_5m done [21:15 → 21:20]
2026-03-26 06:48:15,315 | INFO | ✅ record_5m aggregated [2026-03-24 21:15:00 → 2026-03-24 21:20:00]
2026-03-26 06:48:15,316 | INFO |   ✅ (256/288) [21:15 → 21:20]
2026-03-26 06:48:15,479 | INFO | 📊 Aggregating vehicle_pass → record [2026-03-24 21:20:00 → 2026-03-24 21:25:00]
2026-03-26 06:48:15,498 | INFO | ✅ record_5m done [21:20 → 21:25]
2026-03-26 06:48:15,499 | INFO | ✅ record_5m aggregated [2026-03-24 21:20:00 → 2026-03-24 21:25:00]
2026-03-26 06:48:15,500 | INFO |   ✅ (257/288) [21:20 → 21:25]
2026-03-26 06:48:15,649 | INFO | 📊 Aggregating vehicle_pass → record [2026-03-24 21:25:00 → 2026-03-24 21:30:00]
2026-03-26 06:48:15,682 | INFO | ✅ record_5m done [21:25 → 21:30]
2026-03-26 06:48:15,683 | INFO | ✅ record_5m aggregated [2026-03-24 21:25:00 → 2026-03-24 21:30:00]
2026-03-26 06:48:15,683 | INFO |   ✅ (258/288) [21:25 → 21:30]
2026-03-26 06:48:15,730 | INFO | 📊 Aggregating vehicle_pass → record [2026-03-24 21:30:00 → 2026-03-24 21:35:00]
2026-03-26 06:48:15,751 | INFO | ✅ record_5m done [21:30 → 21:35]
2026-03-26 06:48:15,752 | INFO | ✅ record_5m aggregated [2026-03-24 21:30:00 → 2026-03-24 21:35:00]
2026-03-26 06:48:15,752 | INFO |   ✅ (259/288) [21:30 → 21:35]
2026-03-26 06:48:15,804 | INFO | 📊 Aggregating vehicle_pass → record [2026-03-24 21:35:00 → 2026-03-24 21:40:00]
2026-03-26 06:48:15,828 | INFO | ✅ record_5m done [21:35 → 21:40]
2026-03-26 06:48:15,829 | INFO | ✅ record_5m aggregated [2026-03-24 21:35:00 → 2026-03-24 21:40:00]
2026-03-26 06:48:15,829 | INFO |   ✅ (260/288) [21:35 → 21:40]
2026-03-26 06:48:15,883 | INFO | 📊 Aggregating vehicle_pass → record [2026-03-24 21:40:00 → 2026-03-24 21:45:00]
2026-03-26 06:48:15,903 | INFO | ✅ record_5m done [21:40 → 21:45]
2026-03-26 06:48:15,904 | INFO | ✅ record_5m aggregated [2026-03-24 21:40:00 → 2026-03-24 21:45:00]
2026-03-26 06:48:15,904 | INFO |   ✅ (261/288) [21:40 → 21:45]
2026-03-26 06:48:15,954 | INFO | 📊 Aggregating vehicle_pass → record [2026-03-24 21:45:00 → 2026-03-24 21:50:00]
2026-03-26 06:48:15,978 | INFO | ✅ record_5m done [21:45 → 21:50]
2026-03-26 06:48:15,979 | INFO | ✅ record_5m aggregated [2026-03-24 21:45:00 → 2026-03-24 21:50:00]
2026-03-26 06:48:15,979 | INFO |   ✅ (262/288) [21:45 → 21:50]
2026-03-26 06:48:16,031 | INFO | 📊 Aggregating vehicle_pass → record [2026-03-24 21:50:00 → 2026-03-24 21:55:00]
2026-03-26 06:48:16,055 | INFO | ✅ record_5m done [21:50 → 21:55]
2026-03-26 06:48:16,055 | INFO | ✅ record_5m aggregated [2026-03-24 21:50:00 → 2026-03-24 21:55:00]
2026-03-26 06:48:16,056 | INFO |   ✅ (263/288) [21:50 → 21:55]
2026-03-26 06:48:16,206 | INFO | 📊 Aggregating vehicle_pass → record [2026-03-24 21:55:00 → 2026-03-24 22:00:00]
2026-03-26 06:48:16,225 | INFO | ✅ record_5m done [21:55 → 22:00]
2026-03-26 06:48:16,225 | INFO | ✅ record_5m aggregated [2026-03-24 21:55:00 → 2026-03-24 22:00:00]
2026-03-26 06:48:16,226 | INFO |   ✅ (264/288) [21:55 → 22:00]
2026-03-26 06:48:16,276 | INFO | 📊 Aggregating vehicle_pass → record [2026-03-24 22:00:00 → 2026-03-24 22:05:00]
2026-03-26 06:48:16,298 | INFO | ✅ record_5m done [22:00 → 22:05]
2026-03-26 06:48:16,298 | INFO | ✅ record_5m aggregated [2026-03-24 22:00:00 → 2026-03-24 22:05:00]
2026-03-26 06:48:16,298 | INFO |   ✅ (265/288) [22:00 → 22:05]
2026-03-26 06:48:16,350 | INFO | 📊 Aggregating vehicle_pass → record [2026-03-24 22:05:00 → 2026-03-24 22:10:00]
2026-03-26 06:48:16,369 | INFO | ✅ record_5m done [22:05 → 22:10]
2026-03-26 06:48:16,370 | INFO | ✅ record_5m aggregated [2026-03-24 22:05:00 → 2026-03-24 22:10:00]
2026-03-26 06:48:16,371 | INFO |   ✅ (266/288) [22:05 → 22:10]
2026-03-26 06:48:16,428 | INFO | 📊 Aggregating vehicle_pass → record [2026-03-24 22:10:00 → 2026-03-24 22:15:00]
2026-03-26 06:48:16,461 | INFO | ✅ record_5m done [22:10 → 22:15]
2026-03-26 06:48:16,462 | INFO | ✅ record_5m aggregated [2026-03-24 22:10:00 → 2026-03-24 22:15:00]
2026-03-26 06:48:16,462 | INFO |   ✅ (267/288) [22:10 → 22:15]
2026-03-26 06:48:16,618 | INFO | 📊 Aggregating vehicle_pass → record [2026-03-24 22:15:00 → 2026-03-24 22:20:00]
2026-03-26 06:48:16,636 | INFO | ✅ record_5m done [22:15 → 22:20]
2026-03-26 06:48:16,637 | INFO | ✅ record_5m aggregated [2026-03-24 22:15:00 → 2026-03-24 22:20:00]
2026-03-26 06:48:16,637 | INFO |   ✅ (268/288) [22:15 → 22:20]
2026-03-26 06:48:16,690 | INFO | 📊 Aggregating vehicle_pass → record [2026-03-24 22:20:00 → 2026-03-24 22:25:00]
2026-03-26 06:48:16,708 | INFO | ✅ record_5m done [22:20 → 22:25]
2026-03-26 06:48:16,709 | INFO | ✅ record_5m aggregated [2026-03-24 22:20:00 → 2026-03-24 22:25:00]
2026-03-26 06:48:16,710 | INFO |   ✅ (269/288) [22:20 → 22:25]
2026-03-26 06:48:16,764 | INFO | 📊 Aggregating vehicle_pass → record [2026-03-24 22:25:00 → 2026-03-24 22:30:00]
2026-03-26 06:48:16,785 | INFO | ✅ record_5m done [22:25 → 22:30]
2026-03-26 06:48:16,786 | INFO | ✅ record_5m aggregated [2026-03-24 22:25:00 → 2026-03-24 22:30:00]
2026-03-26 06:48:16,786 | INFO |   ✅ (270/288) [22:25 → 22:30]
2026-03-26 06:48:16,841 | INFO | 📊 Aggregating vehicle_pass → record [2026-03-24 22:30:00 → 2026-03-24 22:35:00]
2026-03-26 06:48:16,862 | INFO | ✅ record_5m done [22:30 → 22:35]
2026-03-26 06:48:16,862 | INFO | ✅ record_5m aggregated [2026-03-24 22:30:00 → 2026-03-24 22:35:00]
2026-03-26 06:48:16,863 | INFO |   ✅ (271/288) [22:30 → 22:35]
2026-03-26 06:48:16,919 | INFO | 📊 Aggregating vehicle_pass → record [2026-03-24 22:35:00 → 2026-03-24 22:40:00]
2026-03-26 06:48:16,943 | INFO | ✅ record_5m done [22:35 → 22:40]
2026-03-26 06:48:16,944 | INFO | ✅ record_5m aggregated [2026-03-24 22:35:00 → 2026-03-24 22:40:00]
2026-03-26 06:48:16,945 | INFO |   ✅ (272/288) [22:35 → 22:40]
2026-03-26 06:48:17,098 | INFO | 📊 Aggregating vehicle_pass → record [2026-03-24 22:40:00 → 2026-03-24 22:45:00]
2026-03-26 06:48:17,114 | INFO | ✅ record_5m done [22:40 → 22:45]
2026-03-26 06:48:17,114 | INFO | ✅ record_5m aggregated [2026-03-24 22:40:00 → 2026-03-24 22:45:00]
2026-03-26 06:48:17,115 | INFO |   ✅ (273/288) [22:40 → 22:45]
2026-03-26 06:48:17,166 | INFO | 📊 Aggregating vehicle_pass → record [2026-03-24 22:45:00 → 2026-03-24 22:50:00]
2026-03-26 06:48:17,186 | INFO | ✅ record_5m done [22:45 → 22:50]
2026-03-26 06:48:17,187 | INFO | ✅ record_5m aggregated [2026-03-24 22:45:00 → 2026-03-24 22:50:00]
2026-03-26 06:48:17,188 | INFO |   ✅ (274/288) [22:45 → 22:50]
2026-03-26 06:48:17,235 | INFO | 📊 Aggregating vehicle_pass → record [2026-03-24 22:50:00 → 2026-03-24 22:55:00]
2026-03-26 06:48:17,253 | INFO | ✅ record_5m done [22:50 → 22:55]
2026-03-26 06:48:17,254 | INFO | ✅ record_5m aggregated [2026-03-24 22:50:00 → 2026-03-24 22:55:00]
2026-03-26 06:48:17,254 | INFO |   ✅ (275/288) [22:50 → 22:55]
2026-03-26 06:48:17,305 | INFO | 📊 Aggregating vehicle_pass → record [2026-03-24 22:55:00 → 2026-03-24 23:00:00]
2026-03-26 06:48:17,324 | INFO | ✅ record_5m done [22:55 → 23:00]
2026-03-26 06:48:17,325 | INFO | ✅ record_5m aggregated [2026-03-24 22:55:00 → 2026-03-24 23:00:00]
2026-03-26 06:48:17,325 | INFO |   ✅ (276/288) [22:55 → 23:00]
2026-03-26 06:48:17,482 | INFO | 📊 Aggregating vehicle_pass → record [2026-03-24 23:00:00 → 2026-03-24 23:05:00]
2026-03-26 06:48:17,508 | INFO | ✅ record_5m done [23:00 → 23:05]
2026-03-26 06:48:17,509 | INFO | ✅ record_5m aggregated [2026-03-24 23:00:00 → 2026-03-24 23:05:00]
2026-03-26 06:48:17,509 | INFO |   ✅ (277/288) [23:00 → 23:05]
2026-03-26 06:48:17,559 | INFO | 📊 Aggregating vehicle_pass → record [2026-03-24 23:05:00 → 2026-03-24 23:10:00]
2026-03-26 06:48:17,578 | INFO | ✅ record_5m done [23:05 → 23:10]
2026-03-26 06:48:17,578 | INFO | ✅ record_5m aggregated [2026-03-24 23:05:00 → 2026-03-24 23:10:00]
2026-03-26 06:48:17,579 | INFO |   ✅ (278/288) [23:05 → 23:10]
2026-03-26 06:48:17,631 | INFO | 📊 Aggregating vehicle_pass → record [2026-03-24 23:10:00 → 2026-03-24 23:15:00]
2026-03-26 06:48:17,649 | INFO | ✅ record_5m done [23:10 → 23:15]
2026-03-26 06:48:17,650 | INFO | ✅ record_5m aggregated [2026-03-24 23:10:00 → 2026-03-24 23:15:00]
2026-03-26 06:48:17,651 | INFO |   ✅ (279/288) [23:10 → 23:15]
2026-03-26 06:48:17,702 | INFO | 📊 Aggregating vehicle_pass → record [2026-03-24 23:15:00 → 2026-03-24 23:20:00]
2026-03-26 06:48:17,731 | INFO | ✅ record_5m done [23:15 → 23:20]
2026-03-26 06:48:17,731 | INFO | ✅ record_5m aggregated [2026-03-24 23:15:00 → 2026-03-24 23:20:00]
2026-03-26 06:48:17,732 | INFO |   ✅ (280/288) [23:15 → 23:20]
2026-03-26 06:48:17,883 | INFO | 📊 Aggregating vehicle_pass → record [2026-03-24 23:20:00 → 2026-03-24 23:25:00]
2026-03-26 06:48:17,903 | INFO | ✅ record_5m done [23:20 → 23:25]
2026-03-26 06:48:17,904 | INFO | ✅ record_5m aggregated [2026-03-24 23:20:00 → 2026-03-24 23:25:00]
2026-03-26 06:48:17,904 | INFO |   ✅ (281/288) [23:20 → 23:25]
2026-03-26 06:48:17,969 | INFO | 📊 Aggregating vehicle_pass → record [2026-03-24 23:25:00 → 2026-03-24 23:30:00]
2026-03-26 06:48:17,993 | INFO | ✅ record_5m done [23:25 → 23:30]
2026-03-26 06:48:17,994 | INFO | ✅ record_5m aggregated [2026-03-24 23:25:00 → 2026-03-24 23:30:00]
2026-03-26 06:48:17,994 | INFO |   ✅ (282/288) [23:25 → 23:30]
2026-03-26 06:48:18,048 | INFO | 📊 Aggregating vehicle_pass → record [2026-03-24 23:30:00 → 2026-03-24 23:35:00]
2026-03-26 06:48:18,070 | INFO | ✅ record_5m done [23:30 → 23:35]
2026-03-26 06:48:18,070 | INFO | ✅ record_5m aggregated [2026-03-24 23:30:00 → 2026-03-24 23:35:00]
2026-03-26 06:48:18,070 | INFO |   ✅ (283/288) [23:30 → 23:35]
2026-03-26 06:48:18,134 | INFO | 📊 Aggregating vehicle_pass → record [2026-03-24 23:35:00 → 2026-03-24 23:40:00]
2026-03-26 06:48:18,153 | INFO | ✅ record_5m done [23:35 → 23:40]
2026-03-26 06:48:18,154 | INFO | ✅ record_5m aggregated [2026-03-24 23:35:00 → 2026-03-24 23:40:00]
2026-03-26 06:48:18,155 | INFO |   ✅ (284/288) [23:35 → 23:40]
2026-03-26 06:48:18,310 | INFO | 📊 Aggregating vehicle_pass → record [2026-03-24 23:40:00 → 2026-03-24 23:45:00]
2026-03-26 06:48:18,333 | INFO | ✅ record_5m done [23:40 → 23:45]
2026-03-26 06:48:18,334 | INFO | ✅ record_5m aggregated [2026-03-24 23:40:00 → 2026-03-24 23:45:00]
2026-03-26 06:48:18,335 | INFO |   ✅ (285/288) [23:40 → 23:45]
2026-03-26 06:48:18,403 | INFO | 📊 Aggregating vehicle_pass → record [2026-03-24 23:45:00 → 2026-03-24 23:50:00]
2026-03-26 06:48:18,428 | INFO | ✅ record_5m done [23:45 → 23:50]
2026-03-26 06:48:18,429 | INFO | ✅ record_5m aggregated [2026-03-24 23:45:00 → 2026-03-24 23:50:00]
2026-03-26 06:48:18,429 | INFO |   ✅ (286/288) [23:45 → 23:50]
2026-03-26 06:48:18,480 | INFO | 📊 Aggregating vehicle_pass → record [2026-03-24 23:50:00 → 2026-03-24 23:55:00]
2026-03-26 06:48:18,504 | INFO | ✅ record_5m done [23:50 → 23:55]
2026-03-26 06:48:18,505 | INFO | ✅ record_5m aggregated [2026-03-24 23:50:00 → 2026-03-24 23:55:00]
2026-03-26 06:48:18,505 | INFO |   ✅ (287/288) [23:50 → 23:55]
2026-03-26 06:48:18,559 | INFO | 📊 Aggregating vehicle_pass → record [2026-03-24 23:55:00 → 2026-03-25 00:00:00]
2026-03-26 06:48:18,582 | INFO | ✅ record_5m done [23:55 → 00:00]
2026-03-26 06:48:18,583 | INFO | ✅ record_5m aggregated [2026-03-24 23:55:00 → 2026-03-25 00:00:00]
2026-03-26 06:48:18,583 | INFO |   ✅ (288/288) [23:55 → 00:00]
2026-03-26 06:48:18,584 | INFO | ============================================================
2026-03-26 06:48:18,584 | INFO | 🏁 Done — success: 288, failed: 0, total: 288
2026-05-21 10:33:45,577 | INFO | 🚀 Initializing DataVehicleRepository...
2026-05-21 10:33:45,607 | INFO | ⏭️ extract_data not ready yet, using default last_time
2026-05-21 10:33:45,608 | INFO | 🕓 Initial last_time = 2026-05-21 10:28:45.607929
2026-05-21 10:33:45,608 | INFO | ⏳ Next run at 10:35:00 (in 74.4s)
2026-05-21 10:33:45,608 | INFO | 🚀 Scheduler started — synced to 5-minute clock slots
2026-05-21 10:35:00,069 | INFO | ⏰ Running record_5m [10:30 → 10:35]
2026-05-21 10:35:00,101 | INFO | 📊 Aggregating vehicle_pass → record [2026-05-21 10:30:00 → 2026-05-21 10:35:00]
2026-05-21 10:35:00,118 | INFO | ✅ record_5m done [10:30 → 10:35]
2026-05-21 10:35:00,118 | INFO | ✅ record_5m aggregated [2026-05-21 10:30:00 → 2026-05-21 10:35:00]
2026-05-21 10:35:00,118 | INFO | ✅ record_5m completed
2026-05-21 10:35:00,119 | INFO | ⏳ Next run at 10:40:00 (in 299.9s)
2026-05-21 10:38:46,374 | INFO | 🚀 Initializing DataVehicleRepository...
2026-05-21 10:38:46,405 | INFO | ⏭️ extract_data not ready yet, using default last_time
2026-05-21 10:38:46,405 | INFO | 🕓 Initial last_time = 2026-05-21 10:33:46.405546
2026-05-21 10:38:46,406 | INFO | ⏳ Next run at 10:40:00 (in 73.6s)
2026-05-21 10:38:46,406 | INFO | 🚀 Scheduler started — synced to 5-minute clock slots
2026-05-21 10:39:53,481 | INFO | 🚀 Initializing DataVehicleRepository...
2026-05-21 10:39:53,519 | INFO | ⏭️ extract_data not ready yet, using default last_time
2026-05-21 10:39:53,519 | INFO | 🕓 Initial last_time = 2026-05-21 10:34:53.519570
2026-05-21 10:39:53,520 | INFO | ⏳ Next run at 10:40:00 (in 6.5s)
2026-05-21 10:39:53,520 | INFO | 🚀 Scheduler started — synced to 5-minute clock slots
2026-05-21 10:40:00,006 | INFO | ⏰ Running record_5m [10:35 → 10:40]
2026-05-21 10:40:00,038 | INFO | 📊 Aggregating vehicle_pass → record [2026-05-21 10:35:00 → 2026-05-21 10:40:00]
2026-05-21 10:40:00,054 | INFO | ✅ record_5m done [10:35 → 10:40]
2026-05-21 10:40:00,055 | INFO | ✅ record_5m aggregated [2026-05-21 10:35:00 → 2026-05-21 10:40:00]
2026-05-21 10:40:00,055 | INFO | ✅ record_5m completed
2026-05-21 10:40:00,055 | INFO | ⏳ Next run at 10:45:00 (in 299.9s)
2026-05-21 10:45:00,082 | INFO | ⏰ Running record_5m [10:40 → 10:45]
2026-05-21 10:45:00,209 | INFO | 📊 Aggregating vehicle_pass → record [2026-05-21 10:40:00 → 2026-05-21 10:45:00]
2026-05-21 10:45:00,225 | INFO | ✅ record_5m done [10:40 → 10:45]
2026-05-21 10:45:00,226 | INFO | ✅ record_5m aggregated [2026-05-21 10:40:00 → 2026-05-21 10:45:00]
2026-05-21 10:45:00,226 | INFO | ✅ record_5m completed
2026-05-21 10:45:00,226 | INFO | ⏳ Next run at 10:50:00 (in 299.8s)
2026-05-21 10:49:44,678 | INFO | 🚀 Initializing DataVehicleRepository...
2026-05-21 10:49:44,709 | INFO | ⏭️ extract_data not ready yet, using default last_time
2026-05-21 10:49:44,709 | INFO | 🕓 Initial last_time = 2026-05-21 10:44:44.709284
